fund,fund_center,avc_bucket,year,fm_revenue_usd,fm_actuals_usd,fm_open_cmt_usd,fmavct_kbfc_usd,fm_pool_usd,fm_pool_method,ps_budget_cum_usd,ps_actuals_cum_usd,ps_cmt_cum_usd,ps_pool_usd,ps_wbs_count,tier,constituent_fipex
PFF,UNESCO,LOSS,2026,0.0,109778460.67,0.0,0.0,-109778460.67,fmifiit_fmioi,0.0,0.0,0.0,0.0,0,no_ps_link,LOSS
GEF,UNESCO,LOSS,2026,168.46,441419576.01,0.0,0.0,-441419407.55,fmifiit_fmioi,0.0,0.0,0.0,0.0,0,no_ps_link,LOSS
OPF,UNESCO,LOSS,2026,0.0,91972069.14,0.0,0.0,-91972069.14,fmifiit_fmioi,0.0,0.0,0.0,0.0,0,no_ps_link,LOSS
GEF,UNESCO,GAINS,2026,259.1,366263609.06,0.0,0.0,-366263349.96,fmifiit_fmioi,0.0,0.0,0.0,0.0,0,no_ps_link,GAINS
185GEF0006,YAO,50,2026,0.0,153015.0,0.0,0.0,-153015.0,fmifiit_fmioi,0.0,0.0,0.0,0.0,0,no_ps_link,50
185GEF0006,BUJ,50,2026,0.0,97.16,0.0,0.0,-97.16,fmifiit_fmioi,0.0,0.0,0.0,0.0,0,no_ps_link,50
402EGY4003,WHC,20,2026,0.0,34.46,80905.42,0.0,-80939.88,fmifiit_fmioi,349532.02,2454179.2,0.0,-2104647.18,15,1,20
OPF,UNESCO,GAINS,2026,0.0,131267773.68,0.0,0.0,-131267773.68,fmifiit_fmioi,0.0,0.0,0.0,0.0,0,no_ps_link,GAINS
PFF,UNESCO,GAINS,2026,0.0,112345026.72,0.0,0.0,-112345026.72,fmifiit_fmioi,0.0,0.0,0.0,0.0,0,no_ps_link,GAINS
A230544151,TEH,50,2026,0.0,801.1,2078.13,0.0,-2879.23,fmifiit_fmioi,0.0,0.0,0.0,0.0,0,no_ps_link,50
GEF,UNESCO,REVENUE,2026,8817715.2,498622858.36,0.0,0.0,-489805143.16,fmifiit_fmioi,0.0,0.0,0.0,0.0,0,no_ps_link,REVENUE
549UKR5000,DHE,TC,2026,10375.53,574128.52,3612747.9,10220.65,154.88,fmavct_kbfc,5903958.0,-1997447.51,93.3,7901312.21,10,4,10'|11|13|20|30|40|50
526RAF1007,PLS,30,2026,13966.52,45236.19,0.0,731196.3,-717229.78,fmavct_kbfc,16590387.48,74369545.51,16032901.17,-73812059.2,60,1,30
523GLO1003,GCP,TC,2026,6016.48,143421.71,1016935.62,485.34,5531.14,fmavct_kbfc,2055776.0,18875284.03,6172000.0,-22991508.03,9,3,10'|11|13|20|30
A230543081,RAM,40,2026,0.0,42563.74,183872.51,0.0,-226436.25,fmifiit_fmioi,0.0,0.0,0.0,0.0,0,no_ps_link,40
727CHD1012,YAO,TC,2026,87522.0,1996804.33,17943038.37,3480.72,84041.28,fmavct_kbfc,85561709.0,3223070.02,9552568.73,72786070.25,28,4,10'|11|13|20|30|40|50
632HQF9000,OPS,REVENUE,2026,0.0,6152001.89,0.0,0.0,-6152001.89,fmifiit_fmioi,0.0,0.0,0.0,0.0,0,no_ps_link,REVENUE
632HQF9003,OPS,REVENUE,2026,0.0,41135.28,0.0,0.0,-41135.28,fmifiit_fmioi,0.0,0.0,0.0,0.0,0,no_ps_link,REVENUE
632HQF9004,OPS,REVENUE,2026,0.0,405262.47,0.0,0.0,-405262.47,fmifiit_fmioi,0.0,0.0,0.0,0.0,0,no_ps_link,REVENUE
526IRA1000,TEH,40,2026,0.0,48942.36,730129.46,89.84,-89.84,fmavct_kbfc,8647120.66,211962402.62,43800.0,-203359081.96,99,1,40
547RAF1001,HAR,PC,2026,7749.55,85294.82,238876.31,1672.44,6077.11,fmavct_kbfc,10179193.77,13381768.3,117902.58,-3320477.11,62,3,10'|11|13
727UKR1000,E30,50,2026,0.0,26804.87,85646.0,137476.78,-137476.78,fmavct_kbfc,47833715.08,6414728.91,109682.42,41309303.75,59,2,50
635SAD9001,CLD,TC,2026,0.0,106355.49,1127934.76,31528.18,-31528.18,fmavct_kbfc,0.0,0.0,0.0,0.0,0,no_ps_link,13|20|40
A230545101,STG,50,2026,0.0,12277.2,39263.76,0.0,-51540.96,fmifiit_fmioi,0.0,0.0,0.0,0.0,0,no_ps_link,50
MBF,UNESCO,LOSS,2026,0.0,29660584.74,0.0,0.0,-29660584.74,fmifiit_fmioi,0.0,0.0,0.0,0.0,0,no_ps_link,LOSS
549INT2006,IOC,REVENUE,2026,0.0,217359.74,0.0,0.0,-217359.74,fmifiit_fmioi,166376.73,77044.47,0.0,89332.26,17,2,REVENUE
504MLW4000,HAR,REVENUE,2026,0.0,1300.85,0.0,0.0,-1300.85,fmifiit_fmioi,152846.0,23277.35,0.0,129568.65,5,2,REVENUE
503RSS1000,JUB,REVENUE,2026,0.0,527500.79,0.0,0.0,-527500.79,fmifiit_fmioi,15064153.83,1368173.29,0.0,13695980.54,28,2,REVENUE
526RAF1007,PLS,PC,2026,13008.4,224682.39,677649.26,331189.83,-318181.43,fmavct_kbfc,16590387.48,74369545.51,16032901.17,-73812059.2,60,1,10'|11|13
633CRP7352,TAS,11,2026,17.72,25248.25,147134.84,0.0,-172365.37,fmifiit_fmioi,0.0,0.0,0.0,0.0,0,no_ps_link,11
633CRP1602,ABU,10',2026,71.4,39918.47,0.0,0.0,-39847.07,fmifiit_fmioi,0.0,0.0,0.0,0.0,0,no_ps_link,10'
185GEF0006,BRV,50,2026,0.0,1449.26,0.0,0.0,-1449.26,fmifiit_fmioi,0.0,0.0,0.0,0.0,0,no_ps_link,50
549TAJ1000,ATA,PC,2026,507.71,531567.1,4220096.38,33525.79,-33018.08,fmavct_kbfc,20931353.13,6712230.72,24158.89,14194963.52,60,2,10'|11|13
727MYA1002,BGK,20,2026,0.0,3213647.57,20078900.82,10617.16,-10617.16,fmavct_kbfc,29106250.15,1385969022.87,1316471100.0,-2673333872.72,9,1,20
703UZB1000,TAS,TC,2026,6734.17,138558.35,257234.07,37520.31,-30786.14,fmavct_kbfc,2705250.0,182412747.81,48.38,-179707546.19,10,1,10'|11|13|20|30|40|50
218UZB1000,TAS,TC,2026,10187.53,377965.07,5882100.86,0.0,-6249878.4,fmifiit_fmioi,11328822.42,928673372.22,6023860.62,-923368410.42,8,1,10'|11|13|20|30|40|50
633CRP7352,TAS,20,2026,0.0,1710.84,135385.69,0.0,-137096.53,fmifiit_fmioi,0.0,0.0,0.0,0.0,0,no_ps_link,20
221PRC4000,BRV,TC,2026,1400.38,231494.56,424868.14,20986.0,-19585.62,fmavct_kbfc,909745.8,13128.92,23202.35,873414.53,4,2,10'|11|13|20|30|40|50
727MYA1002,BGK,50,2026,0.0,36628.08,140479.84,10452.28,-10452.28,fmavct_kbfc,29106250.15,1385969022.87,1316471100.0,-2673333872.72,9,1,50
727MYA1002,BGK,40,2026,76054.37,339028.71,851839.3,4562.15,71492.22,fmavct_kbfc,29106250.15,1385969022.87,1316471100.0,-2673333872.72,9,3,40
727MYA1005,BGK,TC,2026,3873.29,258649.95,1130355.01,112901.14,-109027.85,fmavct_kbfc,4349462.6,5013518.88,0.0,-664056.28,6,1,10'|11|13|20|30|40|50
197REV4001,WHC,REVENUE,2026,311668.93,2447865.0,0.0,0.0,-2136196.07,fmifiit_fmioi,0.0,-8256814.22,0.0,8256814.22,1,2,REVENUE
199REV9000,CCH,REVENUE,2026,100.0,2240154.96,0.0,0.0,-2240054.96,fmifiit_fmioi,0.0,-6538310.5,0.0,6538310.5,1,2,REVENUE
191RCG2043,IOC,TC,2026,11060.87,65088.59,73962.58,7332.7,3728.17,fmavct_kbfc,1182773.4,27210860.64,2237.89,-26030325.13,11,3,10'|11|13|20|40|50
A230543061,KHA,40,2026,0.0,23189.32,83410.48,0.0,-106599.8,fmifiit_fmioi,0.0,0.0,0.0,0.0,0,no_ps_link,40
633CRP7334,KHA,40,2026,0.0,13319.35,28218.7,0.0,-41538.05,fmifiit_fmioi,0.0,0.0,0.0,0.0,0,no_ps_link,40
A230545011,BRZ,40,2026,0.0,270.68,1636.66,0.0,-1907.34,fmifiit_fmioi,0.0,0.0,0.0,0.0,0,no_ps_link,40
636TPF9000,UNESCO,GAINS,2026,0.0,15627.08,0.0,0.0,-15627.08,fmifiit_fmioi,0.0,0.0,0.0,0.0,0,no_ps_link,GAINS
549GLO4003,DCE,PC,2026,5843.38,424690.86,2738261.7,1082.43,4760.95,fmavct_kbfc,15320339.61,5503709.41,241230.05,9575400.15,43,4,10'|11|13
3210251022,PBS,11,2026,0.0,53924.77,495321.13,0.0,-549245.9,fmifiit_fmioi,0.0,0.0,0.0,0.0,0,no_ps_link,11
727PAK1000,ISB,TC,2026,20726.79,102871.33,430443.65,169393.05,-148666.26,fmavct_kbfc,3378516.0,724784.39,378000.0,2275731.61,25,2,10'|11|13|20|30|40|50
632HQF9010,CLD,TC,2026,17349.73,1082249.43,6610913.53,3399.61,13950.12,fmavct_kbfc,0.0,0.0,0.0,0.0,0,no_ps_link,11|13|20|40|50
428GLO2042,EES,TC,2026,150.03,10365.71,182855.72,45377.44,-45227.41,fmavct_kbfc,926515.12,231779.35,0.0,694735.77,4,2,10'|11|30
526RAF1009,FLI,50,2026,0.0,7097.75,15804.85,593.49,-593.49,fmavct_kbfc,5750396.0,212648109.72,444374.24,-207342087.96,19,1,50
185GEF0006,WIN,50,2026,0.0,3242.8,0.0,0.0,-3242.8,fmifiit_fmioi,0.0,0.0,0.0,0.0,0,no_ps_link,50
503RAF1003,HAR,PC,2026,14720.42,1893329.55,1165146.79,0.0,-3043755.92,fmifiit_fmioi,108793346.9,882751967.13,52092982.41,-826051602.64,178,1,10'|11|13
727PRC1010,BRV,TC,2026,13544.42,260961.58,316496.71,59369.44,-45825.02,fmavct_kbfc,8128830.57,282688.82,78184.24,7767957.51,40,2,10'|11|13|20|30|40|50
469GLO2002,BES,11,2026,0.0,69464.64,157621.13,20973.68,-20973.68,fmavct_kbfc,2568467.98,481508.89,3020.0,2083939.09,1,2,11
547RAF1001,HAR,30,2026,0.0,70344.41,0.0,711.14,-711.14,fmavct_kbfc,10179193.77,13381768.3,117902.58,-3320477.11,62,1,30
727IVC1004,ABJ,NPC,2026,0.0,9474231.76,42681836.29,0.0,-52156068.05,fmifiit_fmioi,108097362.55,11191386.3,128097.52,96777878.73,47,2,20|30|40|50
533GLO1002,ESD,TC,2026,15272.48,128979.82,498543.67,58065.84,-42793.36,fmavct_kbfc,1977272.0,196801.57,3000.0,1777470.43,11,2,10'|11|20|30|40|50
A230545101,STG,13,2026,4690.26,18151.29,0.0,0.0,-13461.03,fmifiit_fmioi,0.0,0.0,0.0,0.0,0,no_ps_link,13
401NHF1091,HED,REVENUE,2026,216.37,147239.84,0.0,0.0,-147023.47,fmifiit_fmioi,2987.73,-82337.23,0.0,85324.96,1,2,REVENUE
PFF,UNESCO,REVENUE,2026,5877073.04,140.76,0.0,0.0,5876932.28,fmifiit_fmioi,0.0,0.0,0.0,0.0,0,no_ps_link,REVENUE
645ASH9000,BFM,REVENUE,2026,332039.96,4451711.85,0.0,0.0,-4119671.89,fmifiit_fmioi,0.0,0.0,0.0,0.0,0,no_ps_link,REVENUE
469GLO2005,PCB,20,2026,0.0,35912.16,2490648.42,27999.58,-27999.58,fmavct_kbfc,3059160.2,422970.05,0.0,2636190.15,6,2,20
469GLO2005,PCB,11,2026,97.55,39552.82,562136.98,46206.98,-46109.43,fmavct_kbfc,3059160.2,422970.05,0.0,2636190.15,6,2,11
185GEF0006,API,50,2026,0.0,5267.74,0.0,0.0,-5267.74,fmifiit_fmioi,0.0,0.0,0.0,0.0,0,no_ps_link,50
MBF,HRM,REVENUE,2026,0.0,10639812.06,0.0,0.0,-10639812.06,fmifiit_fmioi,0.0,0.0,0.0,0.0,0,no_ps_link,REVENUE
A230544111,KAT,50,2026,0.0,8244.08,12756.09,0.0,-21000.17,fmifiit_fmioi,0.0,0.0,0.0,0.0,0,no_ps_link,50
000REV9000,UNESCO,REVENUE,2026,134829270.98,94003227.35,0.0,0.0,40826043.63,fmifiit_fmioi,0.0,0.0,0.0,0.0,0,no_ps_link,REVENUE
428GLO2043,EES,REVENUE,2026,353041.18,0.0,0.0,0.0,353041.18,fmifiit_fmioi,226417.06,-313305.76,0.0,539722.82,5,4,REVENUE
570GLO3018,INC,REVENUE,2026,149975.0,0.0,0.0,0.0,149975.0,fmifiit_fmioi,732673.56,-114806.94,0.0,847480.5,8,4,REVENUE
570GLO0028,CPE,REVENUE,2026,347400.0,0.0,0.0,0.0,347400.0,fmifiit_fmioi,1212662.39,-259841.41,0.0,1472503.8,9,4,REVENUE
MBF,UNESCO,GAINS,2026,0.0,100943595.18,0.0,0.0,-100943595.18,fmifiit_fmioi,0.0,0.0,0.0,0.0,0,no_ps_link,GAINS
473PAL9000,BSP,REVENUE,2026,973787.89,0.0,0.0,0.0,973787.89,fmifiit_fmioi,0.0,376547.21,0.0,-376547.21,1,3,REVENUE
662UNE1000,UNE,PC,2026,250.16,399025.43,51988.38,165583.19,-165333.03,fmavct_kbfc,2196089.67,27175.06,233.9,2168680.71,1,2,10'|11|13
669ICT9002,BKI,20,2026,0.0,49260.8,455551.57,0.0,-504812.37,fmifiit_fmioi,0.0,0.0,0.0,0.0,0,no_ps_link,20
570GLO1035,EDP,TC,2026,13873.84,262745.25,713241.89,2943.59,10930.25,fmavct_kbfc,4128440.37,7305823.33,124683.52,-3302066.48,18,3,10'|11|13|20|30|50
495GLO1047,SDG,TC,2026,15368.64,184754.85,938106.8,0.0,-1107493.01,fmifiit_fmioi,2354258.8,2140271.31,13152.12,200835.37,4,2,10'|11|13|20|30|40|50
526IRA1000,TEH,PC,2026,181.3,106185.25,200401.84,148.0,33.3,fmavct_kbfc,8647120.66,211962402.62,43800.0,-203359081.96,99,3,10'|11|13
635SAD9002,CLD,20,2026,0.0,104915.62,1137704.19,0.0,-1242619.81,fmifiit_fmioi,0.0,0.0,0.0,0.0,0,no_ps_link,20
213INT2004,HYD,20,2026,0.0,82738.13,1951723.96,30133.72,-30133.72,fmavct_kbfc,8195161.24,2013576.31,12518.58,6169066.35,98,2,20
507GLO1042,UNE,PC,2026,4574.58,322414.68,83615.56,0.0,-401455.66,fmifiit_fmioi,1151874.5,-818869.4,5000.0,1965743.9,1,2,10'|11|13
635SAD9002,CLD,40,2026,0.0,133743.61,1192686.99,0.0,-1326430.6,fmifiit_fmioi,0.0,0.0,0.0,0.0,0,no_ps_link,40
213INT2004,HYD,11,2026,27.24,219760.17,1644066.98,1710.7,-1683.46,fmavct_kbfc,8195161.24,2013576.31,12518.58,6169066.35,98,2,11
728RAS2003,JAK,PC,2026,10.0,7673.55,116958.58,120346.27,-120336.27,fmavct_kbfc,1336166.13,665341.46,0.0,670824.67,95,2,10'|11
201LEB1002,BEI,PC,2026,54084.09,137448.56,1259552.96,37721.35,16362.74,fmavct_kbfc,6900544.02,694126.85,3713.49,6202703.68,12,4,10'|11|13
201LEB1002,BEI,40,2026,0.0,5693.32,15652.32,2985.23,-2985.23,fmavct_kbfc,6900544.02,694126.85,3713.49,6202703.68,12,2,40
549GLO4003,DCE,20,2026,1501.75,96683.11,2238054.39,79920.04,-78418.29,fmavct_kbfc,15320339.61,5503709.41,241230.05,9575400.15,43,2,20
408FOE5042,FEJ,TC,2026,12703.14,423513.42,6130544.13,2347.0,10356.14,fmavct_kbfc,18056134.44,34757821.06,372596.01,-17074282.63,208,3,10'|11|13|20|30|40|50
549GBS1000,DAK,TC,2026,27213.67,331295.83,664810.85,22135.06,5078.61,fmavct_kbfc,6111935.44,439135.78,40781.31,5632018.35,66,4,10'|11|13|20|40|50
525GLO1004,IGE,TC,2026,17531.55,157650.43,551002.17,34555.14,-17023.59,fmavct_kbfc,2571202.82,29970932.29,147419.24,-27547148.71,14,1,10'|11|13|20|30|40|50
543GLO0001,ADM,TC,2026,93775.07,54340.57,0.0,4451.93,89323.14,fmavct_kbfc,3140888.74,105392.55,0.0,3035496.19,21,4,10'|13|30|50
650RER6000,VNI,REVENUE,2026,65671.82,0.0,0.0,0.0,65671.82,fmifiit_fmioi,1188110.15,-372779.26,33.87,1560855.54,37,4,REVENUE
549AFG5001,FEJ,TC,2026,16818.14,421435.35,3917864.92,23928.4,-7110.26,fmavct_kbfc,9637092.38,358438.1,360.0,9278294.28,52,2,10'|11|13|20|30|50
727JOR1000,AMN,TC,2026,186.48,17634.54,285321.8,6500.02,-6313.54,fmavct_kbfc,1100000.0,-466635.79,0.0,1566635.79,10,2,10'|11|20|50
424GLO4142,EPR,TC,2026,33.65,208628.35,9497697.62,137229.83,-137196.18,fmavct_kbfc,21308107.26,20411866.06,172676.89,723564.31,164,2,10'|11|13|20|40|50
A230544011,ATA,13,2026,0.0,793.48,0.0,0.0,-793.48,fmifiit_fmioi,0.0,0.0,0.0,0.0,0,no_ps_link,13
473UKR5000,FEJ,TC,2026,0.0,265725.27,380669.14,1738.02,-1738.02,fmavct_kbfc,186915.89,120224.6,0.0,66691.29,1,2,10'|11|13|20|50
459GLO1003,GEM,TC,2026,0.0,144469.67,4721596.76,82593.92,-82593.92,fmavct_kbfc,28394163.85,2146180.38,2500.0,26245483.47,49,2,10'|11|20
GLO0129237,IOC,PC,2026,227.76,298989.85,1218250.24,958.33,-730.57,fmavct_kbfc,10831292.28,545123.17,0.0,10286169.11,47,2,10'|11|13
549UZB1000,TAS,20,2026,0.0,86953.42,1132480.7,283885.11,-283885.11,fmavct_kbfc,11372596.54,5061475341.25,101199927.0,-5151302671.71,8,1,20
473LEB1001,BEI,TC,2026,85199.0,119039.85,642422.44,830740.64,-745541.64,fmavct_kbfc,1237659.82,142258.06,1287.94,1094113.82,4,2,10'|11|13|20|40|50
3230841581,BGK,20,2026,0.0,1977.55,47780.38,0.0,-49757.93,fmifiit_fmioi,0.0,0.0,0.0,0.0,0,no_ps_link,20
201LEB1002,BEI,20,2026,0.0,558319.24,3953294.16,26.62,-26.62,fmavct_kbfc,6900544.02,694126.85,3713.49,6202703.68,12,2,20
727GLO1007,ESD,TC,2026,169476.28,638074.36,3127559.85,14420.39,155055.89,fmavct_kbfc,25924706.0,10149269.77,132114.18,15643322.05,167,4,10'|11|13|20|30|50
185GEF0006,UNESCO,50,2026,0.0,42635.86,0.0,0.0,-42635.86,fmifiit_fmioi,0.0,0.0,0.0,0.0,0,no_ps_link,50
549UZB1000,TAS,PC,2026,32399.31,401908.74,2355159.32,677.98,31721.33,fmavct_kbfc,11372596.54,5061475341.25,101199927.0,-5151302671.71,8,3,10'|11|13
514UKR4000,CHP,20,2026,0.0,66723.48,876348.55,193425.48,-193425.48,fmavct_kbfc,6770756.44,175150.82,1947.8,6593657.82,39,2,20
3210411101,SHS,11,2026,0.0,43437.28,318779.94,0.0,-362217.22,fmifiit_fmioi,0.0,0.0,0.0,0.0,0,no_ps_link,11
32101B1011,HEQ,10',2026,9148.83,46710.08,0.0,0.0,-37561.25,fmifiit_fmioi,0.0,0.0,0.0,0.0,0,no_ps_link,10'
3210421091,SHS,11,2026,0.0,21829.77,762903.16,0.0,-784732.93,fmifiit_fmioi,0.0,0.0,0.0,0.0,0,no_ps_link,11
3210421081,AGI,10',2026,0.0,399.11,0.0,0.0,-399.11,fmifiit_fmioi,0.0,0.0,0.0,0.0,0,no_ps_link,10'
3210461041,AGI,10',2026,0.0,8696.81,0.0,0.0,-8696.81,fmifiit_fmioi,0.0,0.0,0.0,0.0,0,no_ps_link,10'
662UNE1000,UNE,50,2026,0.0,1201.78,12166.02,12859.37,-12859.37,fmavct_kbfc,2196089.67,27175.06,233.9,2168680.71,1,2,50
662UNE1000,UNE,40,2026,6500.0,53276.17,572333.03,33378.75,-26878.75,fmavct_kbfc,2196089.67,27175.06,233.9,2168680.71,1,2,40
3230853111,KNS,50,2026,0.0,282.5,38918.08,0.0,-39200.58,fmifiit_fmioi,0.0,0.0,0.0,0.0,0,no_ps_link,50
218GUA5000,GUC,TC,2026,1400.62,101403.1,482666.38,118.37,1282.25,fmavct_kbfc,1232669.16,34088.44,0.0,1198580.72,33,4,10'|11|13|20|30|40|50
3210641111,IEO,11,2026,0.0,0.0,232781.48,0.0,-232781.48,fmifiit_fmioi,0.0,0.0,0.0,0.0,0,no_ps_link,11
3210681012,HEQ,11,2026,2.33,1937.71,197258.9,0.0,-199194.28,fmifiit_fmioi,0.0,0.0,0.0,0.0,0,no_ps_link,11
3210563021,DOH,30,2026,0.0,16014.58,0.0,0.0,-16014.58,fmifiit_fmioi,0.0,0.0,0.0,0.0,0,no_ps_link,30
3210421051,HEO,50,2026,0.0,460.02,0.0,0.0,-460.02,fmifiit_fmioi,0.0,0.0,0.0,0.0,0,no_ps_link,50
3210111291,KCS,11,2026,0.0,2957.28,126440.48,0.0,-129397.76,fmifiit_fmioi,0.0,0.0,0.0,0.0,0,no_ps_link,11
3210213031,DOH,30,2026,0.0,1215.69,0.0,0.0,-1215.69,fmifiit_fmioi,0.0,0.0,0.0,0.0,0,no_ps_link,30
637FOR7310,BEI,20,2026,0.0,17739.13,86929.19,0.0,-104668.32,fmifiit_fmioi,0.0,0.0,0.0,0.0,0,no_ps_link,20
534JOR4005,AMN,PC,2026,3626.71,250593.28,163435.66,1404784.72,-1401158.01,fmavct_kbfc,3640684.99,1279270.95,23745.0,2337669.04,22,2,10'|11|13
534JOR4005,AMN,50,2026,0.0,2707.55,46384.9,26289.21,-26289.21,fmavct_kbfc,3640684.99,1279270.95,23745.0,2337669.04,22,2,50
549YEM4001,DOH,50,2026,0.0,11746.43,29554.14,4369.25,-4369.25,fmavct_kbfc,50192380.98,3448865.67,702917.78,46040597.53,21,2,50
633CRP7320,DOH,30,2026,0.0,7.63,0.0,0.0,-7.63,fmifiit_fmioi,0.0,0.0,0.0,0.0,0,no_ps_link,30
633CRP7301,ABJ,50,2026,0.0,242.43,0.0,0.0,-242.43,fmifiit_fmioi,0.0,0.0,0.0,0.0,0,no_ps_link,50
633CRP7336,KNS,20,2026,0.0,4335.0,28750.0,0.0,-33085.0,fmifiit_fmioi,0.0,0.0,0.0,0.0,0,no_ps_link,20
477GLO3000,YOU,TC,2026,22986.0,53826.01,1944125.86,16856.18,6129.82,fmavct_kbfc,5822338.75,71953.73,16830.0,5733555.02,43,4,10'|11|13|20|50
185GEF0004,IOS,11,2026,3764.71,8705.89,51523.94,0.0,-56465.12,fmifiit_fmioi,0.0,0.0,0.0,0.0,0,no_ps_link,11
PFF,UNESCO,40,2026,0.0,707610.83,0.0,0.0,-707610.83,fmifiit_fmioi,0.0,0.0,0.0,0.0,0,no_ps_link,40
633CRP4510,BEI,50,2026,0.0,271.5,0.0,0.0,-271.5,fmifiit_fmioi,0.0,0.0,0.0,0.0,0,no_ps_link,50
408MAS5042,MDE,TC,2026,6253.44,187701.65,2254246.9,9508.78,-3255.34,fmavct_kbfc,3442251.46,2352257.89,189941.33,900052.24,41,2,10'|11|13|20|30|40|50
3210316011,OSE,11,2026,0.0,21750.0,359250.0,0.0,-381000.0,fmifiit_fmioi,0.0,0.0,0.0,0.0,0,no_ps_link,11
3210215162,BRZ,11,2026,0.0,59367.57,282200.6,0.0,-341568.17,fmifiit_fmioi,0.0,0.0,0.0,0.0,0,no_ps_link,11
570GLO3027,BIO,TC,2026,189641.43,526612.06,1773303.02,80509.19,109132.24,fmavct_kbfc,2907113.5,-1029740.38,294890.0,3641963.88,8,4,10'|11|13|20|30|40|50
3210181012,TAI,10',2026,0.0,230.0,0.0,0.0,-230.0,fmifiit_fmioi,0.0,0.0,0.0,0.0,0,no_ps_link,10'
549RER1002,TAI,PC,2026,23390.17,57464.1,80017.54,27358.09,-3967.92,fmavct_kbfc,2257839.12,39879.73,5860.0,2212099.39,9,2,10'|11|13
551GLO0030,BSP,10',2026,0.0,1501.07,0.0,33945.69,-33945.69,fmavct_kbfc,325882.72,-80173.42,1010.38,405045.76,1,2,10'
475RLA1041,STG,TC,2026,82.03,252353.25,3918388.91,30879.37,-30797.34,fmavct_kbfc,2175072.35,177953174.92,1692909.0,-177471011.57,1,1,10'|11|13|20
3230831031,DBS,20,2026,0.0,4266.77,1136429.34,0.0,-1140696.11,fmifiit_fmioi,0.0,0.0,0.0,0.0,0,no_ps_link,20
633CRP5190,UAI,11,2026,0.0,28840.6,195229.96,0.0,-224070.56,fmifiit_fmioi,0.0,0.0,0.0,0.0,0,no_ps_link,11
633CRP1156,VNI,11,2026,0.0,4603.79,10776.1,0.0,-15379.89,fmifiit_fmioi,0.0,0.0,0.0,0.0,0,no_ps_link,11
549RER1002,TAI,50,2026,0.0,6279.22,0.0,760.73,-760.73,fmavct_kbfc,2257839.12,39879.73,5860.0,2212099.39,9,2,50
A230546011,BRU,20,2026,0.0,3910.36,10697.93,0.0,-14608.29,fmifiit_fmioi,0.0,0.0,0.0,0.0,0,no_ps_link,20
235BIH4002,SAR,TC,2026,1.43,173131.42,1175136.74,0.0,-1348266.73,fmifiit_fmioi,2763000.0,-339807.91,48173.46,3054634.45,33,2,10'|11|13|20|30|50
635SAD9003,CLD,40,2026,0.0,83161.44,1221863.6,0.0,-1305025.04,fmifiit_fmioi,0.0,0.0,0.0,0.0,0,no_ps_link,40
32101B1012,HEQ,11,2026,0.0,3066.81,182916.04,0.0,-185982.85,fmifiit_fmioi,0.0,0.0,0.0,0.0,0,no_ps_link,11
514RLA1045,STG,PC,2026,108.5,69418.08,786043.84,0.0,-855353.42,fmifiit_fmioi,1841210.0,3564349.38,0.0,-1723139.38,12,1,10'|11
463GLO1000,TAI,TC,2026,247.16,15658.56,65326.0,18368.41,-18121.25,fmavct_kbfc,453034.4,9994.05,2000.0,441040.35,5,2,10'|11|20|30
635SAD9004,OPS,50,2026,0.0,190128.82,1536628.9,0.0,-1726757.72,fmifiit_fmioi,0.0,0.0,0.0,0.0,0,no_ps_link,50
570GLO3026,IRD,TC,2026,52314.64,200924.39,1766605.25,2441368.08,-2389053.44,fmavct_kbfc,10035900.0,292589.42,0.0,9743310.58,17,2,10'|11|13|20|30|40|50
567UKR4001,EPR,TC,2026,265.54,805393.46,9798345.24,77544.03,-77278.49,fmavct_kbfc,23244318.92,3168898.18,180171.57,19895249.17,76,2,10'|11|13|20|40
549RER3004,RPF,TC,2026,3395.53,257956.9,4452575.04,62349.15,-58953.62,fmavct_kbfc,5481378.88,252888.39,50491.7,5177998.79,6,2,10'|11|20|30|50
469GLO1000,HED,30,2026,290.06,5664.57,0.0,25319.46,-25029.4,fmavct_kbfc,789349.38,74417.32,0.0,714932.06,2,2,30
3230841651,DAK,11,2026,0.0,35482.99,178265.59,0.0,-213748.58,fmifiit_fmioi,0.0,0.0,0.0,0.0,0,no_ps_link,11
680LAL3001,LAL,10',2026,105.86,13293.59,0.0,0.0,-13187.73,fmifiit_fmioi,0.0,0.0,0.0,0.0,0,no_ps_link,10'
3210551031,DCE,10',2026,0.0,366.0,0.0,0.0,-366.0,fmifiit_fmioi,0.0,0.0,0.0,0.0,0,no_ps_link,10'
218HAI1000,POP,TC,2026,4219.1,758092.8,3321097.96,0.0,-4074971.66,fmifiit_fmioi,15772429.92,4662578.1,3016093.18,8093758.64,28,2,10'|11|13|20|40|50
727UKR1000,E30,PC,2026,30283.32,840314.19,1264350.65,165209.39,-134926.07,fmavct_kbfc,47833715.08,6414728.91,109682.42,41309303.75,59,2,10'|11|13
526RAF2001,EES,TC,2026,0.0,35649.88,127200.0,2771.63,-2771.63,fmavct_kbfc,151497.26,17939.43,8500.0,125057.83,3,2,10'|11|13|20|30|40
549RER5005,VNI,PC,2026,76.0,88684.42,248383.7,21270.29,-21194.29,fmavct_kbfc,8441586.01,-547364.86,20074.0,8968876.87,16,2,10'|11|13
727IVC1004,ABJ,PC,2026,23669.03,393300.02,1070646.29,0.24,23668.79,fmavct_kbfc,108097362.55,11191386.3,128097.52,96777878.73,47,4,10'|11|13
570IVC1000,ABJ,PC,2026,0.0,28254.44,0.0,6170.75,-6170.75,fmavct_kbfc,804748.44,440555.69,25068.64,339124.11,8,2,10'|13
3210511121,MON,30,2026,0.0,428.74,0.0,0.0,-428.74,fmifiit_fmioi,0.0,0.0,0.0,0.0,0,no_ps_link,30
3210241012,PBS,10',2026,364.42,3138.83,0.0,0.0,-2774.41,fmifiit_fmioi,0.0,0.0,0.0,0.0,0,no_ps_link,10'
185GEF0006,NYO,50,2026,0.0,468.0,0.0,0.0,-468.0,fmifiit_fmioi,0.0,0.0,0.0,0.0,0,no_ps_link,50
3210521022,UCH,11,2026,0.0,33940.9,246600.4,0.0,-280541.3,fmifiit_fmioi,0.0,0.0,0.0,0.0,0,no_ps_link,11
526RAF1007,PLS,50,2026,2949.59,3439.13,22022.36,539777.85,-536828.26,fmavct_kbfc,16590387.48,74369545.51,16032901.17,-73812059.2,60,1,50
3210111291,KCS,50,2026,0.0,92.11,0.0,0.0,-92.11,fmifiit_fmioi,0.0,0.0,0.0,0.0,0,no_ps_link,50
495GLO1045,TED,TC,2026,547.61,10414.91,335696.0,307099.0,-306551.39,fmavct_kbfc,583987.48,728971.73,17000.0,-161984.25,8,1,10'|11|40|50
495GLO1043,PSU,TC,2026,875.8,287104.03,2138299.83,0.0,-2424528.06,fmifiit_fmioi,6728545.85,5731455.37,105130.38,891960.1,12,2,10'|11|13|20|30|40|50
3230837071,MXC,20,2026,0.0,1261.29,114912.66,0.0,-116173.95,fmifiit_fmioi,0.0,0.0,0.0,0.0,0,no_ps_link,20
3230837071,MXC,50,2026,0.0,305.33,40796.76,0.0,-41102.09,fmifiit_fmioi,0.0,0.0,0.0,0.0,0,no_ps_link,50
3230857071,MXC,50,2026,0.0,165.43,9032.58,0.0,-9198.01,fmifiit_fmioi,0.0,0.0,0.0,0.0,0,no_ps_link,50
570MEX4002,MXC,TC,2026,4687.68,127890.84,520460.83,4730.23,-42.55,fmavct_kbfc,1599081.7,492970.26,105849.23,1000262.21,36,2,10'|11|13|20|50
495GLO1042,IGE,TC,2026,10998.48,130736.69,1258517.41,117.0,10881.48,fmavct_kbfc,2282725.4,839279.44,4000.0,1439445.96,2,4,10'|11|13|20|30
635SAD9002,CLD,11,2026,0.0,37613.33,346173.42,0.0,-383786.75,fmifiit_fmioi,0.0,0.0,0.0,0.0,0,no_ps_link,11
514RLA4006,UCH,TC,2026,77.88,187838.33,672746.44,204330.44,-204252.56,fmavct_kbfc,835501.44,9156780.62,0.0,-8321279.18,8,1,10'|11|13|20|30|40|50
549MOV4000,VNI,TC,2026,0.0,52552.55,283367.96,305.04,-305.04,fmavct_kbfc,654730.46,-153686.98,0.0,808417.44,11,2,10'|11|13|20|50
3210251022,PBS,10',2026,357.25,13111.96,0.0,0.0,-12754.71,fmifiit_fmioi,0.0,0.0,0.0,0.0,0,no_ps_link,10'
3210621091,FEJ,10',2026,0.0,1515.45,0.0,0.0,-1515.45,fmifiit_fmioi,0.0,0.0,0.0,0.0,0,no_ps_link,10'
3230857131,HAV,20,2026,0.0,2400.0,0.0,0.0,-2400.0,fmifiit_fmioi,0.0,0.0,0.0,0.0,0,no_ps_link,20
520RAF1015,DAK,PC,2026,60028.18,412215.24,1304029.19,1645.75,58382.43,fmavct_kbfc,16399988.04,11045756.29,235652.15,5118579.6,13,4,10'|11|13
633CRP7336,KNS,50,2026,0.0,2471.59,10313.24,0.0,-12784.83,fmifiit_fmioi,0.0,0.0,0.0,0.0,0,no_ps_link,50
3230833241,KNS,20,2026,0.0,200.0,97554.64,0.0,-97754.64,fmifiit_fmioi,0.0,0.0,0.0,0.0,0,no_ps_link,20
570GLO1032,FLI,PC,2026,261.89,177483.3,400508.56,114006.5,-113744.61,fmavct_kbfc,3353626.27,1470221.91,2500000.0,-616595.64,18,1,10'|11|13
3230837121,SJO,20,2026,0.0,255.0,172989.78,0.0,-173244.78,fmifiit_fmioi,0.0,0.0,0.0,0.0,0,no_ps_link,20
3210115052,MXC,11,2026,211.21,97742.02,1224988.28,0.0,-1322519.09,fmifiit_fmioi,0.0,0.0,0.0,0.0,0,no_ps_link,11
505RLA4000,WHC,PC,2026,151.77,153069.63,374146.12,0.0,-527063.98,fmifiit_fmioi,4424648.19,2793251.65,0.0,1631396.54,36,2,10'|11|13
235HAI1000,POP,TC,2026,0.0,8100.0,261259.66,45230.51,-45230.51,fmavct_kbfc,1387850.46,-100593.21,9729.17,1478714.5,41,2,20
570MEX4000,MXC,PC,2026,533.15,43873.86,517522.38,41331.86,-40798.71,fmavct_kbfc,1331998.42,2923956.5,15638.35,-1607596.43,5,1,10'|11|13
580INT1001,YLS,TC,2026,3321.0,121482.4,313589.93,6510.49,-3189.49,fmavct_kbfc,1866000.0,184407.76,65833.94,1615758.3,27,2,10'|11|13|20|40|50
467GLO1016,EEO,PC,2026,377.2,812702.59,2367009.15,61139.89,-60762.69,fmavct_kbfc,51902437.3,33266538.4,8161392.34,10474506.56,263,2,10'|11|13
585RAS1027,BGK,20,2026,0.0,31078.14,177970.52,3211.15,-3211.15,fmavct_kbfc,514614.83,5456483.43,0.0,-4941868.6,7,1,20
701RAS1000,API,PC,2026,35.89,123776.79,791607.0,26063.92,-26028.03,fmavct_kbfc,4008608.88,-268019.1,1512.04,4275115.94,7,2,10'|11|13
3210414071,HAN,20,2026,0.0,438.49,25988.02,0.0,-26426.51,fmifiit_fmioi,0.0,0.0,0.0,0.0,0,no_ps_link,20
3230835041,BGK,40,2026,0.0,134.64,117070.24,0.0,-117204.88,fmifiit_fmioi,0.0,0.0,0.0,0.0,0,no_ps_link,40
633CRP5412,BGK,40,2026,0.0,21.65,393.12,0.0,-414.77,fmifiit_fmioi,0.0,0.0,0.0,0.0,0,no_ps_link,40
3210664011,BGK,20,2026,0.0,4200.0,45306.0,0.0,-49506.0,fmifiit_fmioi,0.0,0.0,0.0,0.0,0,no_ps_link,20
537CMB4004,PNP,20,2026,0.0,8284.53,220751.76,13672.89,-13672.89,fmavct_kbfc,218466.06,11277.66,0.0,207188.4,1,2,20
3230874242,PNP,10',2026,0.0,743.54,0.0,0.0,-743.54,fmifiit_fmioi,0.0,0.0,0.0,0.0,0,no_ps_link,10'
633CRP7345,PNP,10',2026,13.93,3230.45,0.0,0.0,-3216.52,fmifiit_fmioi,0.0,0.0,0.0,0.0,0,no_ps_link,10'
191ICD2042,IOC,TC,2026,200.35,47824.52,677398.38,15095.41,-14895.06,fmavct_kbfc,1074596.94,43407690.05,50000.0,-42383093.11,9,1,10'|11|13|20|30|40
3210316041,BGK,30,2026,0.0,2769.0,0.0,0.0,-2769.0,fmifiit_fmioi,0.0,0.0,0.0,0.0,0,no_ps_link,30
3210114021,BGK,40,2026,0.0,509.56,407.78,0.0,-917.34,fmifiit_fmioi,0.0,0.0,0.0,0.0,0,no_ps_link,40
467GLO1016,EEO,50,2026,0.0,13917.73,183220.08,37989.52,-37989.52,fmavct_kbfc,51902437.3,33266538.4,8161392.34,10474506.56,263,2,50
3210514011,BEJ,20,2026,0.0,4876.0,63740.0,0.0,-68616.0,fmifiit_fmioi,0.0,0.0,0.0,0.0,0,no_ps_link,20
549TAJ1000,ATA,20,2026,0.0,214303.37,2593993.72,4004.85,-4004.85,fmavct_kbfc,20931353.13,6712230.72,24158.89,14194963.52,60,2,20
728RAS2002,ATA,20,2026,0.0,189727.39,4158200.35,44740.5,-44740.5,fmavct_kbfc,20502932.24,20036768.46,113814.0,352349.78,80,2,20
RAS0122395,ATA,20,2026,0.0,231373.76,6182035.9,2708.34,-2708.34,fmavct_kbfc,14462278.35,116058916.4,155317.0,-101751955.05,44,1,20
196IAC4041,WHC,TC,2026,0.0,57753.55,1453341.1,76051.07,-76051.07,fmavct_kbfc,2281154.08,81301.37,39126.54,2160726.17,35,2,20
727MYA1002,BGK,PC,2026,266018.73,386372.9,2691469.16,1654.34,264364.39,fmavct_kbfc,29106250.15,1385969022.87,1316471100.0,-2673333872.72,9,3,10'|11|13
2230835042,BGK,50,2026,38.05,473.96,705.68,0.0,-1141.59,fmifiit_fmioi,0.0,0.0,0.0,0.0,0,no_ps_link,50
3230834011,AMN,50,2026,0.0,2168.25,91366.6,0.0,-93534.85,fmifiit_fmioi,0.0,0.0,0.0,0.0,0,no_ps_link,50
526MAG2000,NAI,20,2026,0.0,89085.37,2937405.72,71.34,-71.34,fmavct_kbfc,6212086.17,17039527.48,0.0,-10827441.31,44,1,20
549GLO5003,FEJ,TC,2026,3186.46,662074.7,3325480.25,73912.0,-70725.54,fmavct_kbfc,11662599.56,514295635.31,190427316.03,-693060351.78,71,1,10'|11|13|20|30|40|50
526MAG2000,NAI,40,2026,0.0,454368.85,1854990.9,134647.37,-134647.37,fmavct_kbfc,6212086.17,17039527.48,0.0,-10827441.31,44,1,40
3210316051,NDL,20,2026,0.0,510.69,59205.72,0.0,-59716.41,fmifiit_fmioi,0.0,0.0,0.0,0.0,0,no_ps_link,20
3210214071,NDL,50,2026,0.0,53.0,3095.32,0.0,-3148.32,fmifiit_fmioi,0.0,0.0,0.0,0.0,0,no_ps_link,50
547RAF1001,HAR,20,2026,0.0,252340.55,3351561.1,7.56,-7.56,fmavct_kbfc,10179193.77,13381768.3,117902.58,-3320477.11,62,1,20
3210182071,NAI,20,2026,0.0,800.06,138148.32,0.0,-138948.38,fmifiit_fmioi,0.0,0.0,0.0,0.0,0,no_ps_link,20
235MAG2000,NAI,TC,2026,1549.79,137673.8,912208.67,6383.51,-4833.72,fmavct_kbfc,1478490.25,2591323.29,173389.69,-1286222.73,60,1,10'|11|13|20|30|40|50
3230855131,PNP,20,2026,0.0,2374.75,136882.5,0.0,-139257.25,fmifiit_fmioi,0.0,0.0,0.0,0.0,0,no_ps_link,20
235MAG5003,NAI,TC,2026,1393.83,77856.29,704897.94,132655.76,-131261.93,fmavct_kbfc,1940741.0,1396790.83,47360.0,496590.17,54,2,10'|11|13|20|30|40|50
727CMB1008,PNP,TC,2026,51.38,1558334.37,16964144.76,132231.44,-132180.06,fmavct_kbfc,16601676.0,-8842030.13,334937.68,25108768.45,24,2,10'|11|13|20|50
3230835141,PNP,50,2026,0.0,222.96,95925.7,0.0,-96148.66,fmifiit_fmioi,0.0,0.0,0.0,0.0,0,no_ps_link,50
3230855131,PNP,50,2026,0.0,84.2,7814.24,0.0,-7898.44,fmifiit_fmioi,0.0,0.0,0.0,0.0,0,no_ps_link,50
3210454062,ATA,10',2026,31.15,1872.08,0.0,0.0,-1840.93,fmifiit_fmioi,0.0,0.0,0.0,0.0,0,no_ps_link,10'
2210514053,PNP,50,2026,0.0,9.41,2285.68,0.0,-2295.09,fmifiit_fmioi,0.0,0.0,0.0,0.0,0,no_ps_link,50
3230835141,PNP,20,2026,0.0,2488.9,170396.02,0.0,-172884.92,fmifiit_fmioi,0.0,0.0,0.0,0.0,0,no_ps_link,20
549IRQ4003,BAG,20,2026,0.0,619088.89,9076762.72,1148.33,-1148.33,fmavct_kbfc,23103761.31,7458616567.27,294278648.3,-7729791454.26,26,1,20
467GLO1016,EEO,20,2026,0.0,210102.18,6565027.67,28928.37,-28928.37,fmavct_kbfc,51902437.3,33266538.4,8161392.34,10474506.56,263,2,20
526RAF1009,FLI,20,2026,0.0,117190.66,881307.51,8508.41,-8508.41,fmavct_kbfc,5750396.0,212648109.72,444374.24,-207342087.96,19,1,20
503RAF1003,HAR,20,2026,0.0,945918.64,12152138.86,0.0,-13098057.5,fmifiit_fmioi,108793346.9,882751967.13,52092982.41,-826051602.64,178,1,20
410GLO1042,HAE,TC,2026,10956.21,875046.42,16047669.9,2992.81,7963.4,fmavct_kbfc,58283891.52,272460927.4,3550744.0,-217727779.88,41,3,10'|11|13|20|30|40|50
32101B4032,BGK,11,2026,0.0,3480.0,72769.74,0.0,-76249.74,fmifiit_fmioi,0.0,0.0,0.0,0.0,0,no_ps_link,11
3210154011,BGK,10',2026,9.9,237.84,0.0,0.0,-227.94,fmifiit_fmioi,0.0,0.0,0.0,0.0,0,no_ps_link,10'
3210134042,BGK,10',2026,0.0,1028.05,0.0,0.0,-1028.05,fmifiit_fmioi,0.0,0.0,0.0,0.0,0,no_ps_link,10'
3210164041,BGK,10',2026,0.0,1182.97,0.0,0.0,-1182.97,fmifiit_fmioi,0.0,0.0,0.0,0.0,0,no_ps_link,10'
633CRP1112,BGK,10',2026,9.1,702.83,0.0,0.0,-693.73,fmifiit_fmioi,0.0,0.0,0.0,0.0,0,no_ps_link,10'
637FOR7310,BEI,50,2026,0.0,2178.86,0.0,0.0,-2178.86,fmifiit_fmioi,0.0,0.0,0.0,0.0,0,no_ps_link,50
635SAD9002,CLD,50,2026,9479.53,20940.62,650654.66,0.0,-662115.75,fmifiit_fmioi,0.0,0.0,0.0,0.0,0,no_ps_link,50
185GEF0006,AMN,50,2026,0.0,313.26,0.0,0.0,-313.26,fmifiit_fmioi,0.0,0.0,0.0,0.0,0,no_ps_link,50
633CRP7320,DOH,40,2026,0.0,471.01,11760.74,0.0,-12231.75,fmifiit_fmioi,0.0,0.0,0.0,0.0,0,no_ps_link,40
549RER4009,VNI,20,2026,50000.0,356132.64,5074656.83,41583.49,8416.51,fmavct_kbfc,11787094.36,-540263.02,81836.0,12245521.38,47,4,20
637FOR9002,DOH,50,2026,0.0,1502.02,26071.52,0.0,-27573.54,fmifiit_fmioi,12000.0,0.0,0.0,12000.0,2,2,50
637FOR9002,DOH,40,2026,0.0,13.72,2469.12,0.0,-2482.84,fmifiit_fmioi,12000.0,0.0,0.0,12000.0,2,2,40
3230834071,RAM,50,2026,0.0,5323.52,106141.64,0.0,-111465.16,fmifiit_fmioi,0.0,0.0,0.0,0.0,0,no_ps_link,50
3230834071,RAM,20,2026,0.0,375.56,67415.9,0.0,-67791.46,fmifiit_fmioi,0.0,0.0,0.0,0.0,0,no_ps_link,20
A230543051,DOH,50,2026,0.0,3575.61,2122.36,0.0,-5697.97,fmifiit_fmioi,0.0,0.0,0.0,0.0,0,no_ps_link,50
3210231011,SDS,20,2026,0.0,12194.54,67116.74,0.0,-79311.28,fmifiit_fmioi,0.0,0.0,0.0,0.0,0,no_ps_link,20
549IRQ4003,BAG,40,2026,0.0,471710.05,4208193.36,12783.8,-12783.8,fmavct_kbfc,23103761.31,7458616567.27,294278648.3,-7729791454.26,26,1,40
3210231011,SDS,11,2026,0.0,17359.25,415121.02,0.0,-432480.27,fmifiit_fmioi,0.0,0.0,0.0,0.0,0,no_ps_link,11
235KYR5001,ATA,TC,2026,3766.65,36594.7,152862.28,0.0,-185690.33,fmifiit_fmioi,990000.0,129564.71,0.0,860435.29,41,2,10'|13|20|40|50
3210624021,NDL,50,2026,0.0,11.05,4400.68,0.0,-4411.73,fmifiit_fmioi,0.0,0.0,0.0,0.0,0,no_ps_link,50
3210231041,SDS,20,2026,0.0,6578.0,55636.0,0.0,-62214.0,fmifiit_fmioi,0.0,0.0,0.0,0.0,0,no_ps_link,20
3210113061,RAM,50,2026,0.0,118.23,2564.44,0.0,-2682.67,fmifiit_fmioi,0.0,0.0,0.0,0.0,0,no_ps_link,50
549PAL4002,RAM,TC,2026,0.0,115706.06,881234.41,11508.6,-11508.6,fmavct_kbfc,2546058.62,105962.6,0.0,2440096.02,13,2,10'|11|13|20|30|40|50
3230854081,RAM,50,2026,0.0,164.19,7360.56,0.0,-7524.75,fmifiit_fmioi,0.0,0.0,0.0,0.0,0,no_ps_link,50
221JOR4000,AMN,TC,2026,1953.91,99436.81,303418.03,48229.52,-46275.61,fmavct_kbfc,1346556.43,-94374.31,5952.3,1434978.44,47,2,10'|11|13|20|30|40|50
525JOR1001,AMN,50,2026,39.24,1589.64,18188.6,8220.36,-8181.12,fmavct_kbfc,5785487.7,-2427757.31,80464.0,8132781.01,7,2,50
538JOR1000,AMN,50,2026,0.0,1515.84,13662.96,140.02,-140.02,fmavct_kbfc,8423045.36,3769311.08,39780.0,4613954.28,5,2,50
3230831031,DBS,50,2026,0.0,18448.37,1814491.87,0.0,-1832940.24,fmifiit_fmioi,0.0,0.0,0.0,0.0,0,no_ps_link,50
637FOR7305,AMN,20,2026,0.0,2251.13,119313.6,0.0,-121564.73,fmifiit_fmioi,0.0,0.0,0.0,0.0,0,no_ps_link,20
640SCF9000,SPI,REVENUE,2026,0.0,48303.41,0.0,0.0,-48303.41,fmifiit_fmioi,0.0,0.0,0.0,0.0,0,no_ps_link,REVENUE
640SCF9000,SPI,50,2026,0.0,41374.11,0.0,0.0,-41374.11,fmifiit_fmioi,0.0,0.0,0.0,0.0,0,no_ps_link,50
MBF,MBF,50,2026,0.0,5469627.9,133609696.97,0.0,-139079324.87,fmifiit_fmioi,0.0,0.0,0.0,0.0,0,no_ps_link,50
549FRA1000,HAE,PC,2026,4584.85,90187.09,89272.68,48.73,4536.12,fmavct_kbfc,669911.57,-113063.95,0.0,782975.52,1,4,10'|11|13
3210631051,MDE,20,2026,0.0,9584.69,255109.82,0.0,-264694.51,fmifiit_fmioi,0.0,0.0,0.0,0.0,0,no_ps_link,20
633CRP5390,MDE,20,2026,0.0,20739.14,192885.8,0.0,-213624.94,fmifiit_fmioi,0.0,0.0,0.0,0.0,0,no_ps_link,20
3230834041,DOH,13,2026,0.0,334.41,0.0,0.0,-334.41,fmifiit_fmioi,0.0,0.0,0.0,0.0,0,no_ps_link,13
513RLA2041,EES,TC,2026,1222.95,245051.87,630596.12,0.0,-874425.04,fmifiit_fmioi,1719294.0,700316.09,3109.42,1015868.49,10,2,10'|11|13|20|30|40|50
439GLO2042,EES,TC,2026,0.0,130737.94,1597774.64,21613.99,-21613.99,fmavct_kbfc,3918308.64,3664987.43,4699017.57,-4445696.36,12,1,10'|11|20|40|50
235KYR5000,ATA,PC,2026,218.45,1995.69,0.0,1405.31,-1186.86,fmavct_kbfc,1043984.19,848240.72,0.0,195743.47,25,2,10'|13
3210521031,MHM,11,2026,0.0,3292.44,153408.94,0.0,-156701.38,fmifiit_fmioi,0.0,0.0,0.0,0.0,0,no_ps_link,11
570MON2000,BEJ,20,2026,0.0,122558.08,1309197.83,217.22,-217.22,fmavct_kbfc,1376146.77,126218353.44,23463.28,-124865669.95,1,1,20
193UND2043,IOC,TC,2026,561.56,230802.67,562971.65,0.0,-793212.76,fmifiit_fmioi,2936570.1,-121677.02,2000.0,3056247.12,12,2,10'|11|13|20|50
213INT2004,HYD,10',2026,174.67,16153.84,0.0,258436.21,-258261.54,fmavct_kbfc,8195161.24,2013576.31,12518.58,6169066.35,98,2,10'
580INT1000,EDU,20,2026,0.0,200668.12,960414.77,19472.0,-19472.0,fmavct_kbfc,4580634.09,1675760.88,932451.66,1972421.55,13,2,20
665GLO2000,HYD,50,2026,15850.79,8082.64,225232.98,3310.28,12540.51,fmavct_kbfc,4750147.94,1344381.75,9361.9,3396404.29,1,4,50
643CSI9006,OPS,TC,2026,0.0,143622.18,5005247.5,31736.03,-31736.03,fmavct_kbfc,10391185.67,97957.15,185440.5,10107788.02,4,2,20|40
185GEF0006,JUB,10',2026,0.0,100.0,0.0,0.0,-100.0,fmifiit_fmioi,0.0,0.0,0.0,0.0,0,no_ps_link,10'
542RSS5000,JUB,TC,2026,12633.0,753227.81,2552020.71,1473.87,11159.13,fmavct_kbfc,7194127.83,593328.95,1615073.49,4985725.39,17,4,10'|11|13|20|30|40|50
3210512281,HAR,50,2026,0.0,175.3,0.0,0.0,-175.3,fmifiit_fmioi,0.0,0.0,0.0,0.0,0,no_ps_link,50
3210211061,EES,30,2026,0.0,3935.0,137932.25,0.0,-141867.25,fmifiit_fmioi,0.0,0.0,0.0,0.0,0,no_ps_link,30
549RAF4002,HAR,TC,2026,438.17,275206.28,670659.02,43.12,395.05,fmavct_kbfc,3658335.89,-655545.47,521.73,4313359.63,33,4,10'|11|13|20|30|40|50
3210141181,HED,50,2026,0.0,1236.0,0.0,0.0,-1236.0,fmifiit_fmioi,0.0,0.0,0.0,0.0,0,no_ps_link,50
185GEF0006,JUB,50,2026,0.0,1253.2,0.0,0.0,-1253.2,fmifiit_fmioi,0.0,0.0,0.0,0.0,0,no_ps_link,50
503RAF1003,HAR,50,2026,0.0,105447.72,575445.21,0.0,-680892.93,fmifiit_fmioi,108793346.9,882751967.13,52092982.41,-826051602.64,178,1,50
3230833021,ABU,50,2026,0.0,279.72,704093.02,0.0,-704372.74,fmifiit_fmioi,0.0,0.0,0.0,0.0,0,no_ps_link,50
KUW1385366,DOH,TC,2026,13166.0,92306.17,457751.86,5231.67,7934.33,fmavct_kbfc,630000.93,131746.77,0.0,498254.16,16,4,10'|11|20|30|40|50
2210211053,EES,30,2026,0.0,1073.0,84405.56,0.0,-85478.56,fmifiit_fmioi,0.0,0.0,0.0,0.0,0,no_ps_link,30
A230574021,TAS,40,2026,0.0,1075.04,2125.0,0.0,-3200.04,fmifiit_fmioi,0.0,0.0,0.0,0.0,0,no_ps_link,40
665GLO2000,HYD,10',2026,173.8,42224.89,0.0,90965.28,-90791.48,fmavct_kbfc,4750147.94,1344381.75,9361.9,3396404.29,1,2,10'
549RER5005,VNI,20,2026,0.0,358514.57,4955263.78,52366.17,-52366.17,fmavct_kbfc,8441586.01,-547364.86,20074.0,8968876.87,16,2,20
549RER2014,IOC,PC,2026,0.0,59439.34,649967.61,8366.09,-8366.09,fmavct_kbfc,1406323.5,76310.72,0.0,1330012.78,19,2,11
526TLS1001,JAK,PC,2026,2234.83,69975.15,768964.38,44993.88,-42759.05,fmavct_kbfc,16058296.08,18474616.05,2201291.28,-4617611.25,25,1,10'|11|13
448INT2411,TWA,TC,2026,473.67,1067150.97,5776079.69,39190.19,-38716.52,fmavct_kbfc,31888749.61,4566439.46,19303.58,27303006.57,62,2,10'|11|13|20|30|40|50
633CRP4590,DCE,10',2026,71.44,9800.22,0.0,0.0,-9728.78,fmifiit_fmioi,0.0,0.0,0.0,0.0,0,no_ps_link,10'
3210254041,JAK,20,2026,0.0,100.0,11756.62,0.0,-11856.62,fmifiit_fmioi,0.0,0.0,0.0,0.0,0,no_ps_link,20
570RLA2001,EES,11,2026,0.0,93319.18,1589778.58,6806.95,-6806.95,fmavct_kbfc,11460664.48,1341798.03,30302.0,10088564.45,36,2,11
570GLO2030,VNI,20,2026,0.0,60570.84,3232280.9,207.54,-207.54,fmavct_kbfc,11767056.68,-808671.55,650.0,12575078.23,22,2,20
633CRP2156,VNI,20,2026,0.0,7592.55,53143.69,0.0,-60736.24,fmifiit_fmioi,0.0,0.0,0.0,0.0,0,no_ps_link,20
3210211071,EES,20,2026,0.0,1117.2,33099.14,0.0,-34216.34,fmifiit_fmioi,0.0,0.0,0.0,0.0,0,no_ps_link,20
A230546011,BRU,40,2026,0.0,99592.03,160879.49,0.0,-260471.52,fmifiit_fmioi,0.0,0.0,0.0,0.0,0,no_ps_link,40
3210621101,FEJ,11,2026,0.0,2628.7,98338.32,0.0,-100967.02,fmifiit_fmioi,0.0,0.0,0.0,0.0,0,no_ps_link,11
545RAF2000,DAK,REVENUE,2026,509686.26,0.0,0.0,0.0,509686.26,fmifiit_fmioi,3182652.0,9003652.44,25761262.6,-31582263.04,29,3,REVENUE
809ITA9090,DCO,REVENUE,2026,368906.0,0.0,0.0,0.0,368906.0,fmifiit_fmioi,0.0,-33450.22,0.0,33450.22,1,4,REVENUE
809RAF5000,HAR,REVENUE,2026,40550.0,0.0,0.0,0.0,40550.0,fmifiit_fmioi,307491.0,-97191.06,0.0,404682.06,1,4,REVENUE
3230833161,NAI,20,2026,0.0,94.75,106401.73,0.0,-106496.48,fmifiit_fmioi,0.0,0.0,0.0,0.0,0,no_ps_link,20
3210312071,OSE,11,2026,0.0,15000.0,307000.0,0.0,-322000.0,fmifiit_fmioi,0.0,0.0,0.0,0.0,0,no_ps_link,11
216KEN2000,NAI,REVENUE,2026,0.0,1765.98,0.0,0.0,-1765.98,fmifiit_fmioi,109569.58,13115.98,0.0,96453.6,10,2,REVENUE
549GLO2017,IOC,TC,2026,0.0,285425.57,808392.03,34.94,-34.94,fmavct_kbfc,2211221.0,151351.24,0.0,2059869.76,9,2,10'|11|13|20|50
503RAF2007,IOC,20,2026,0.0,33475.95,215077.92,0.0,-248553.87,fmifiit_fmioi,649576.18,82559.42,0.0,567016.76,27,2,20
193UND2042,IOC,TC,2026,15.38,97616.83,3159791.84,0.0,-3257393.29,fmifiit_fmioi,4276891.19,2370996.37,0.0,1905894.82,11,2,10'|11|20|40
570GLO2029,EES,PC,2026,159.99,144896.8,743791.7,35112.52,-34952.53,fmavct_kbfc,3549322.27,1940768.66,90619.67,1517933.94,19,2,10'|11|13
3210316111,CTG,11,2026,0.0,10000.0,116400.0,0.0,-126400.0,fmifiit_fmioi,0.0,0.0,0.0,0.0,0,no_ps_link,11
3210316021,NAI,20,2026,0.0,6614.76,337491.12,0.0,-344105.88,fmifiit_fmioi,0.0,0.0,0.0,0.0,0,no_ps_link,20
570GLO2046,IOC,PC,2026,12557.0,246556.66,156167.6,23441.17,-10884.17,fmavct_kbfc,620000.0,162543.04,300.0,457156.96,1,2,10'|11|13
448INT2412,TWA,TC,2026,31.85,87478.78,1643365.24,45391.15,-45359.3,fmavct_kbfc,6908362.96,8157.31,15000.0,6885205.65,27,2,10'|11|13|20|30|40
507RAF2000,TWA,30,2026,0.0,133798.04,1964126.06,0.0,-2097924.1,fmifiit_fmioi,13571848.84,-442961.83,0.0,14014810.67,8,2,30
PFF,UNESCO,30,2026,0.0,260469.23,0.0,0.0,-260469.23,fmifiit_fmioi,0.0,0.0,0.0,0.0,0,no_ps_link,30
680BSP3101,BSP,20,2026,0.0,20487.57,415320.68,0.0,-435808.25,fmifiit_fmioi,0.0,0.0,0.0,0.0,0,no_ps_link,20
A230542021,ABU,20,2026,0.0,4078.81,5428.76,0.0,-9507.57,fmifiit_fmioi,0.0,0.0,0.0,0.0,0,no_ps_link,20
201AFG1001,KAB,TC,2026,99859.41,525049.77,4130753.96,390834.22,-290974.81,fmavct_kbfc,4941745.28,731232.23,0.0,4210513.05,10,2,10'|11|13|20|30|50
3230872102,BAM,11,2026,0.0,17620.0,135840.0,0.0,-153460.0,fmifiit_fmioi,0.0,0.0,0.0,0.0,0,no_ps_link,11
549NIR1000,ABU,TC,2026,15315.95,301665.15,653922.73,37.76,15278.19,fmavct_kbfc,3751739.12,71642923.38,20910599.5,-88801783.76,47,3,10'|11|13|20|30|50
680BSP3002,BSP,11,2026,1058.77,1060.68,152208.84,0.0,-152210.75,fmifiit_fmioi,0.0,0.0,0.0,0.0,0,no_ps_link,11
406INT9099,BFM,REVENUE,2026,1354220.04,116.56,0.0,0.0,1354103.48,fmifiit_fmioi,0.0,609250.48,0.0,-609250.48,1,3,REVENUE
406NIR1000,ABU,REVENUE,2026,21400.0,0.0,0.0,0.0,21400.0,fmifiit_fmioi,20000.0,25083368.0,0.0,-25063368.0,1,3,REVENUE
680BSP4201,BSP,11,2026,0.0,64793.8,135843.61,0.0,-200637.41,fmifiit_fmioi,0.0,0.0,0.0,0.0,0,no_ps_link,11
3110131011,HEQ,10',2026,0.0,594.58,0.0,0.0,-594.58,fmifiit_fmioi,0.0,0.0,0.0,0.0,0,no_ps_link,10'
570GLO3029,MTF,TC,2026,632.21,45899.32,171787.61,6121.42,-5489.21,fmavct_kbfc,1890000.0,17423.81,1461.6,1871114.59,10,2,10'|11|20|30|50
680ADM3001,ADM,10',2026,7.52,7592.72,0.0,0.0,-7585.2,fmifiit_fmioi,0.0,0.0,0.0,0.0,0,no_ps_link,10'
680BSP3203,BSP,20,2026,0.0,8592.31,38958.74,0.0,-47551.05,fmifiit_fmioi,0.0,0.0,0.0,0.0,0,no_ps_link,20
3210243011,CAI,11,2026,0.0,2000.0,44174.0,0.0,-46174.0,fmifiit_fmioi,0.0,0.0,0.0,0.0,0,no_ps_link,11
633CRP4216,CAI,11,2026,0.0,5384.0,26760.0,0.0,-32144.0,fmifiit_fmioi,0.0,0.0,0.0,0.0,0,no_ps_link,11
213RAF2006,ABU,20,2026,0.0,8304.79,245922.2,14381.46,-14381.46,fmavct_kbfc,127321.41,271123.0,0.0,-143801.59,1,1,20
549RAF1000,DAK,20,2026,0.0,173785.97,5083506.36,755.78,-755.78,fmavct_kbfc,15403258.18,8502640.27,165009.62,6735608.29,29,2,20
633CRP7331,JUB,10',2026,115.64,4198.46,0.0,0.0,-4082.82,fmifiit_fmioi,0.0,0.0,0.0,0.0,0,no_ps_link,10'
633CRP1691,EDP,11,2026,0.0,126209.39,564821.3,0.0,-691030.69,fmifiit_fmioi,0.0,0.0,0.0,0.0,0,no_ps_link,11
3210424011,NDL,50,2026,0.0,4.43,4327.88,0.0,-4332.31,fmifiit_fmioi,0.0,0.0,0.0,0.0,0,no_ps_link,50
3210541021,LHE,20,2026,0.0,6308.87,671035.46,0.0,-677344.33,fmifiit_fmioi,0.0,0.0,0.0,0.0,0,no_ps_link,20
633CRP1601,ABJ,10',2026,0.0,4010.68,0.0,0.0,-4010.68,fmifiit_fmioi,0.0,0.0,0.0,0.0,0,no_ps_link,10'
3210221101,HYD,11,2026,0.0,2554.22,12690.14,0.0,-15244.36,fmifiit_fmioi,0.0,0.0,0.0,0.0,0,no_ps_link,11
570GLO2033,CPH,TC,2026,0.0,7682.08,0.0,1970.93,-1970.93,fmavct_kbfc,1080346.62,23540.48,0.0,1056806.14,9,2,10'
549RAF1000,DAK,PC,2026,38586.96,85546.58,397651.7,2437.17,36149.79,fmavct_kbfc,15403258.18,8502640.27,165009.62,6735608.29,29,4,10'|11|13
680HRM3117,HRM,11,2026,0.0,24000.0,1800.0,0.0,-25800.0,fmifiit_fmioi,0.0,0.0,0.0,0.0,0,no_ps_link,11
643CSI9011,CPE,TC,2026,33611.6,269518.49,1493972.76,4945.72,28665.88,fmavct_kbfc,2007400.0,167774.67,0.0,1839625.33,14,4,10'|11|20|40
631BAM9002,CPE,20,2026,0.0,114472.0,1721643.18,0.0,-1836115.18,fmifiit_fmioi,0.0,0.0,0.0,0.0,0,no_ps_link,20
631BAM9002,CPE,50,2026,48720.77,60807.85,163621.65,0.0,-175708.73,fmifiit_fmioi,0.0,0.0,0.0,0.0,0,no_ps_link,50
185GEF0006,STG,50,2026,0.0,674.02,0.0,0.0,-674.02,fmifiit_fmioi,0.0,0.0,0.0,0.0,0,no_ps_link,50
3210313051,IOC,20,2026,0.0,3273.82,59496.66,0.0,-62770.48,fmifiit_fmioi,0.0,0.0,0.0,0.0,0,no_ps_link,20
3210211061,EES,20,2026,0.0,7563.5,165085.78,0.0,-172649.28,fmifiit_fmioi,0.0,0.0,0.0,0.0,0,no_ps_link,20
3210211061,EES,11,2026,0.0,6639.0,139904.04,0.0,-146543.04,fmifiit_fmioi,0.0,0.0,0.0,0.0,0,no_ps_link,11
580RAF1006,ESC,20,2026,0.0,144251.19,6153063.46,20703.92,-20703.92,fmavct_kbfc,13204000.92,177878364.93,250127.83,-164924491.84,33,1,20
473UKR4002,EPR,TC,2026,14.88,295526.27,1456701.55,0.0,-1752212.94,fmifiit_fmioi,627673.11,217286.55,10104.36,400282.2,1,2,10'|11|13|20|40|50
3210241012,PBS,11,2026,0.0,91809.26,283824.26,0.0,-375633.52,fmifiit_fmioi,0.0,0.0,0.0,0.0,0,no_ps_link,11
549IRQ4003,BAG,PC,2026,14322.25,270056.25,1082172.25,81419.53,-67097.28,fmavct_kbfc,23103761.31,7458616567.27,294278648.3,-7729791454.26,26,1,10'|11|13
570GLO2013,PCB,20,2026,0.0,61.35,507527.78,9166.68,-9166.68,fmavct_kbfc,549908.59,1034476.47,2400.0,-486967.88,1,1,20
3230853141,NAI,20,2026,0.0,586.42,176488.64,0.0,-177075.06,fmifiit_fmioi,0.0,0.0,0.0,0.0,0,no_ps_link,20
3210241011,PBS,11,2026,0.0,13004.62,559040.66,0.0,-572045.28,fmifiit_fmioi,0.0,0.0,0.0,0.0,0,no_ps_link,11
3230837431,STG,50,2026,0.0,103.97,22889.8,0.0,-22993.77,fmifiit_fmioi,0.0,0.0,0.0,0.0,0,no_ps_link,50
3230837131,STG,50,2026,0.0,2003.71,176575.74,0.0,-178579.45,fmifiit_fmioi,0.0,0.0,0.0,0.0,0,no_ps_link,50
216CHI1000,STG,TC,2026,0.0,28589.61,56680.52,0.0,-85270.13,fmifiit_fmioi,57263.1,8595726.0,0.0,-8538462.9,5,1,11|50
526IRQ1000,BAG,20,2026,0.0,436867.83,4611460.32,137.36,-137.36,fmavct_kbfc,16700468.56,5718580237.46,178685049.81,-5880564818.71,53,1,20
3230511011,GEN,11,2026,0.0,7700.0,324635.58,0.0,-332335.58,fmifiit_fmioi,0.0,0.0,0.0,0.0,0,no_ps_link,11
567AFG4000,KAB,PC,2026,162.82,122034.2,440369.04,321.44,-158.62,fmavct_kbfc,7881565.36,849895.79,52487.71,6979181.86,15,2,10'|11|13
505GLO4001,LHE,PC,2026,18644.27,207661.98,530907.08,0.0,-719924.79,fmifiit_fmioi,2443376.34,2062034.38,60723.2,320618.76,80,2,10'|11|13
3230841561,BSP,11,2026,0.0,13277.26,140490.78,0.0,-153768.04,fmifiit_fmioi,0.0,0.0,0.0,0.0,0,no_ps_link,11
505GLO4001,LHE,30,2026,0.0,4765.29,0.0,0.0,-4765.29,fmifiit_fmioi,2443376.34,2062034.38,60723.2,320618.76,80,2,30
448INT2413,TWA,TC,2026,0.0,272085.38,9483547.63,18243.05,-18243.05,fmavct_kbfc,16311224.0,1124398.69,0.0,15186825.31,34,2,11|20|30|40|50
567AFG4000,KAB,20,2026,0.0,581452.74,4315709.1,1843.49,-1843.49,fmavct_kbfc,7881565.36,849895.79,52487.71,6979181.86,15,2,20
513BEL2000,OSE,TC,2026,0.0,24298.17,115981.34,0.0,-140279.51,fmifiit_fmioi,183480.0,23307.26,209.0,159963.74,8,2,10'|11|20
632HQF9000,OPS,TC,2026,5951.02,3011672.23,26767262.53,4669.05,1281.97,fmavct_kbfc,0.0,0.0,0.0,0.0,0,no_ps_link,10'|13|20|40|50
680DBS3102,DBS,50,2026,0.0,336.27,1978.04,0.0,-2314.31,fmifiit_fmioi,0.0,0.0,0.0,0.0,0,no_ps_link,50
3230833021,ABU,10',2026,0.0,259.3,0.0,0.0,-259.3,fmifiit_fmioi,0.0,0.0,0.0,0.0,0,no_ps_link,10'
3110111101,SCX,40,2026,241.68,0.0,40893.94,0.0,-40652.26,fmifiit_fmioi,0.0,0.0,0.0,0.0,0,no_ps_link,40
3310611061,OPS,20,2026,0.0,2519.17,46879.64,0.0,-49398.81,fmifiit_fmioi,0.0,0.0,0.0,0.0,0,no_ps_link,20
632HQF9010,CPC,TC,2026,241.84,48966.01,158355.5,14319.83,-14077.99,fmavct_kbfc,0.0,0.0,0.0,0.0,0,no_ps_link,20|40|50
A230544141,TAS,40,2026,0.0,290.55,491.68,0.0,-782.23,fmifiit_fmioi,0.0,0.0,0.0,0.0,0,no_ps_link,40
549BEL3000,BIO,PC,2026,0.0,74476.03,197675.12,1607.57,-1607.57,fmavct_kbfc,826612.32,181633.95,631.0,644347.37,1,2,10'|11
000REV9000,UNESCO,50,2026,0.0,141.0,0.0,0.0,-141.0,fmifiit_fmioi,0.0,0.0,0.0,0.0,0,no_ps_link,50
000REV9000,UNESCO,GAINS,2026,0.0,3872.39,0.0,0.0,-3872.39,fmifiit_fmioi,0.0,0.0,0.0,0.0,0,no_ps_link,GAINS
3210254032,BEJ,REVENUE,2026,0.0,333.34,0.0,0.0,-333.34,fmifiit_fmioi,0.0,0.0,0.0,0.0,0,no_ps_link,REVENUE
549RER2018,BRU,PC,2026,1200.0,70770.86,254297.88,1665.81,-465.81,fmavct_kbfc,1565177.68,98864.74,12.0,1466300.94,35,2,10'|11|13
3230857011,BRZ,20,2026,0.0,467.61,224616.32,0.0,-225083.93,fmifiit_fmioi,0.0,0.0,0.0,0.0,0,no_ps_link,20
3210411062,IRD,11,2026,0.0,3220.08,121734.56,0.0,-124954.64,fmifiit_fmioi,0.0,0.0,0.0,0.0,0,no_ps_link,11
680LAL3101,LAL,50,2026,36.47,115.88,3063.1,0.0,-3142.51,fmifiit_fmioi,0.0,0.0,0.0,0.0,0,no_ps_link,50
406GLO0031,ASU,TC,2026,0.0,8562.5,44713.43,14228.6,-14228.6,fmavct_kbfc,60000.0,7968.58,814.44,51216.98,1,2,40
309INT1010,PEQ,11,2026,0.0,32094.46,572517.76,3049.39,-3049.39,fmavct_kbfc,821439.23,68310.67,6.0,753122.56,2,2,11
633CRP7314,BRV,20,2026,0.0,28632.84,462969.91,0.0,-491602.75,fmifiit_fmioi,0.0,0.0,0.0,0.0,0,no_ps_link,20
505INT4001,WHC,20,2026,0.0,111380.17,2503220.3,0.0,-2614600.47,fmifiit_fmioi,3414320.72,669402.15,0.0,2744918.57,7,2,20
473UKR2000,PBS,TC,2026,0.0,18120.3,92109.88,1444.69,-1444.69,fmavct_kbfc,40412.15,-16575.67,12000.0,44987.82,1,2,10'|13|20
3210581012,HEQ,11,2026,0.0,16174.24,131989.4,0.0,-148163.64,fmifiit_fmioi,0.0,0.0,0.0,0.0,0,no_ps_link,11
2210155041,STG,20,2026,0.0,902.22,77265.89,0.0,-78168.11,fmifiit_fmioi,0.0,0.0,0.0,0.0,0,no_ps_link,20
549RAF1000,DAK,40,2026,0.0,24226.85,1170162.74,284409.8,-284409.8,fmavct_kbfc,15403258.18,8502640.27,165009.62,6735608.29,29,2,40
549RAF1000,DAK,50,2026,0.0,12879.31,171457.94,4420.88,-4420.88,fmavct_kbfc,15403258.18,8502640.27,165009.62,6735608.29,29,2,50
570RLA2001,BRZ,10',2026,412.55,412.55,0.0,0.8,411.75,fmavct_kbfc,11460664.48,1341798.03,30302.0,10088564.45,36,4,10'
633CRP3291,HEO,11,2026,0.0,21131.73,145018.98,0.0,-166150.71,fmifiit_fmioi,0.0,0.0,0.0,0.0,0,no_ps_link,11
570GLO1032,BRZ,PC,2026,15.35,15.35,0.0,22197.0,-22181.65,fmavct_kbfc,3353626.27,1470221.91,2500000.0,-616595.64,18,1,10'
520GLO4010,WHC,TC,2026,0.0,35281.31,72106.78,410951.2,-410951.2,fmavct_kbfc,358491.22,4300.0,14000.0,340191.22,5,2,11|30
273RLA2000,EES,TC,2026,0.0,26909.72,364351.72,23790.91,-23790.91,fmavct_kbfc,1216842.0,27813.45,0.0,1189028.55,48,2,20
633CRP7324,HAV,20,2026,0.0,6017.65,16068.0,0.0,-22085.65,fmifiit_fmioi,0.0,0.0,0.0,0.0,0,no_ps_link,20
637FOR7358,YAO,50,2026,0.0,9468.37,101770.58,0.0,-111238.95,fmifiit_fmioi,0.0,0.0,0.0,0.0,0,no_ps_link,50
680IOS3101,IOS,50,2026,0.0,1615.52,0.0,0.0,-1615.52,fmifiit_fmioi,0.0,0.0,0.0,0.0,0,no_ps_link,50
406JAM0001,KNG,TC,2026,0.0,151239.8,441682.0,279786.34,-279786.34,fmavct_kbfc,180000.0,15804355.93,361.19,-15624717.12,1,1,10'|11|20|40|50
549RER2019,BRU,PC,2026,529.69,38467.01,168535.18,617.32,-87.63,fmavct_kbfc,928577.24,40180.69,1269.56,887126.99,22,2,10'|11|13
549RER2020,BRU,PC,2026,200.0,20992.91,91249.43,279.22,-79.22,fmavct_kbfc,616180.74,-24601.64,0.0,640782.38,13,2,10'|11|13
3210226011,BRU,11,2026,0.0,1500.0,6000.0,0.0,-7500.0,fmifiit_fmioi,0.0,0.0,0.0,0.0,0,no_ps_link,11
A230545031,HAV,20,2026,0.0,8694.29,0.0,0.0,-8694.29,fmifiit_fmioi,0.0,0.0,0.0,0.0,0,no_ps_link,20
3210641012,DHE,11,2026,0.0,47.85,51668.98,0.0,-51716.83,fmifiit_fmioi,0.0,0.0,0.0,0.0,0,no_ps_link,11
580RAF1006,ESC,30,2026,0.0,116545.48,0.0,339.0,-339.0,fmavct_kbfc,13204000.92,177878364.93,250127.83,-164924491.84,33,1,30
3210221062,HYD,11,2026,0.0,5906.21,93649.86,0.0,-99556.07,fmifiit_fmioi,0.0,0.0,0.0,0.0,0,no_ps_link,11
3310611051,OPS,50,2026,1855.42,24199.75,253273.57,0.0,-275617.9,fmifiit_fmioi,0.0,0.0,0.0,0.0,0,no_ps_link,50
3320111011,OPS,50,2026,0.0,112293.39,5838734.6,0.0,-5951027.99,fmifiit_fmioi,0.0,0.0,0.0,0.0,0,no_ps_link,50
198CSV4542,WHC,TC,2026,477.84,67285.66,2416358.23,676.79,-198.95,fmavct_kbfc,3077247.0,170199.14,90319.89,2816727.97,54,2,10'|11|20
3210131141,GCP,11,2026,0.0,8904.6,113319.32,0.0,-122223.92,fmifiit_fmioi,0.0,0.0,0.0,0.0,0,no_ps_link,11
549RER2021,IOC,TC,2026,0.0,53360.0,648242.58,2349.99,-2349.99,fmavct_kbfc,1887924.36,-543555.43,0.0,2431479.79,33,2,11
514SPA9001,BFM,REVENUE,2026,23600.0,0.0,0.0,0.0,23600.0,fmifiit_fmioi,0.0,1348618.85,0.0,-1348618.85,1,3,REVENUE
514RLA4006,UCH,REVENUE,2026,23600.0,0.0,0.0,0.0,23600.0,fmifiit_fmioi,835501.44,9156780.62,0.0,-8321279.18,8,3,REVENUE
406SRL1000,NDL,REVENUE,2026,64200.0,0.0,0.0,0.0,64200.0,fmifiit_fmioi,60000.0,-22700.0,0.0,82700.0,1,4,REVENUE
354GLO5012,IPD,TC,2026,0.0,74471.69,3839813.52,17194.9,-17194.9,fmavct_kbfc,4643498.01,355002.55,1538472.14,2750023.32,50,2,11|20
3210131141,GCP,50,2026,0.0,2940.01,11057.04,0.0,-13997.05,fmifiit_fmioi,0.0,0.0,0.0,0.0,0,no_ps_link,50
2210531023,EPR,10',2026,30.71,4226.79,0.0,0.0,-4196.08,fmifiit_fmioi,0.0,0.0,0.0,0.0,0,no_ps_link,10'
3210131031,GCP,11,2026,0.0,6958.31,264043.74,0.0,-271002.05,fmifiit_fmioi,0.0,0.0,0.0,0.0,0,no_ps_link,11
3210521031,MHM,10',2026,0.0,1537.52,0.0,0.0,-1537.52,fmifiit_fmioi,0.0,0.0,0.0,0.0,0,no_ps_link,10'
2210521031,MHM,10',2026,0.0,647.43,0.0,0.0,-647.43,fmifiit_fmioi,0.0,0.0,0.0,0.0,0,no_ps_link,10'
3230836011,BRU,20,2026,0.0,700.53,51222.32,0.0,-51922.85,fmifiit_fmioi,0.0,0.0,0.0,0.0,0,no_ps_link,20
637FOR7346,POP,20,2026,0.0,24062.56,67996.47,0.0,-92059.03,fmifiit_fmioi,0.0,0.0,0.0,0.0,0,no_ps_link,20
3230834031,CAI,50,2026,0.0,2954.71,176971.66,0.0,-179926.37,fmifiit_fmioi,0.0,0.0,0.0,0.0,0,no_ps_link,50
513GLO4019,WHC,TC,2026,3334.6,51491.21,31052.0,0.79,3333.81,fmavct_kbfc,550458.0,44567.45,0.0,505890.55,6,4,10'|11|20
257GLO1047,HAE,TC,2026,929.36,253275.03,3729807.42,6561.78,-5632.42,fmavct_kbfc,8509532.72,44475433.99,2271832.25,-38237733.52,77,1,10'|11|20|30|40|50
549GLO5002,FEJ,TC,2026,59192.48,395103.83,1841989.44,68530.46,-9337.98,fmavct_kbfc,2809653.36,2336061.6,2119418.96,-1645827.2,9,1,10'|11|13|20|30|50
3230837061,LIM,40,2026,0.0,124.52,90238.24,0.0,-90362.76,fmifiit_fmioi,0.0,0.0,0.0,0.0,0,no_ps_link,40
520DRC1000,KNS,TC,2026,7312.16,651145.38,4574439.41,194330.15,-187017.99,fmavct_kbfc,14647564.0,450509.0,27143.71,14169911.29,109,2,10'|11|13|20|30|40|50
570RLA1016,STG,TC,2026,59677.48,44640.32,280263.21,832.33,58845.15,fmavct_kbfc,1002295.68,10938206.71,0.0,-9935911.03,44,3,10'|11|50
633CRP5190,UAI,10',2026,0.0,354.19,0.0,0.0,-354.19,fmifiit_fmioi,0.0,0.0,0.0,0.0,0,no_ps_link,10'
469GLO1008,GCP,TC,2026,1009.49,193846.84,5142.86,51612.18,-50602.69,fmavct_kbfc,637559.63,159941.59,0.0,477618.04,1,2,10'|11|13|30|50
MBF,HRM,50,2026,1381327.74,178.05,0.0,0.0,1381149.69,fmifiit_fmioi,0.0,0.0,0.0,0.0,0,no_ps_link,50
549RER1001,EDU,50,2026,5780.81,15192.45,0.0,1216.69,4564.12,fmavct_kbfc,5079722.16,311220.83,5500.0,4763001.33,18,4,50
549RER1001,EDU,30,2026,107.83,13340.44,0.0,5622.66,-5514.83,fmavct_kbfc,5079722.16,311220.83,5500.0,4763001.33,18,2,30
3230837061,LIM,50,2026,0.0,534.6,33127.88,0.0,-33662.48,fmifiit_fmioi,0.0,0.0,0.0,0.0,0,no_ps_link,50
3210514021,BGK,11,2026,0.0,2000.0,84852.88,0.0,-86852.88,fmifiit_fmioi,0.0,0.0,0.0,0.0,0,no_ps_link,11
412INT0001,AFR,30,2026,113.5,20828.18,0.0,41487.23,-41373.73,fmavct_kbfc,1134123.5,1013581.51,0.0,120541.99,8,2,30
271AFG4005,KAB,50,2026,0.0,3316.51,140424.66,6038.24,-6038.24,fmavct_kbfc,3080907.0,209006.4,0.0,2871900.6,17,2,50
271AFG5001,KAB,50,2026,0.0,694.92,43013.86,308.09,-308.09,fmavct_kbfc,1260440.53,80582.82,0.0,1179857.71,17,2,50
271AFG1003,KAB,50,2026,0.0,9628.92,121248.24,14507.83,-14507.83,fmavct_kbfc,2660203.0,355589.12,121511.95,2183101.93,17,2,50
271AFG1002,KAB,50,2026,0.0,26988.36,11024.02,182.37,-182.37,fmavct_kbfc,830669.32,70412.07,14000.0,746257.25,15,2,50
3230835111,KAB,50,2026,0.0,3022.48,322278.74,0.0,-325301.22,fmifiit_fmioi,0.0,0.0,0.0,0.0,0,no_ps_link,50
633CRP4142,NAI,20,2026,0.0,263.95,1103.72,0.0,-1367.67,fmifiit_fmioi,0.0,0.0,0.0,0.0,0,no_ps_link,20
555RAS2025,JAK,PC,2026,1167.12,34227.7,216492.75,8000.16,-6833.04,fmavct_kbfc,364306.43,2538858.79,1745844.0,-3920396.36,1,1,10'|11|13
525GLO1005,IGE,TC,2026,19046.77,114463.04,111396.56,1885.19,17161.58,fmavct_kbfc,1491068.82,7677673.63,735264.96,-6921869.77,15,3,10'|11|13|20|30|50
308GLO4142,DCE,TC,2026,0.0,20651.71,1291361.6,11248.04,-11248.04,fmavct_kbfc,4940385.82,1755417.92,13200.0,3171767.9,48,2,11|20
727BDI1004,YAO,TC,2026,36282.74,1724733.21,5428343.1,79064.16,-42781.42,fmavct_kbfc,17470326.0,1600657.75,1116062.37,14753605.88,9,2,10'|11|13|20|30|40|50
3210514042,WHC,11,2026,0.0,3672.77,14576.0,0.0,-18248.77,fmifiit_fmioi,0.0,0.0,0.0,0.0,0,no_ps_link,11
185GEF0006,HAR,50,2026,0.0,11636.33,0.0,0.0,-11636.33,fmifiit_fmioi,0.0,0.0,0.0,0.0,0,no_ps_link,50
198CSV4442,WHC,TC,2026,0.0,47227.32,425363.52,52029.35,-52029.35,fmavct_kbfc,538440.93,83335130.26,0.0,-82796689.33,12,1,10'|20|40|50
473LEB4001,BEI,TC,2026,0.0,28696.0,201771.15,771172.38,-771172.38,fmavct_kbfc,312590.16,-77734.58,3712.0,386612.74,6,2,11|13|20
907LEB4000,BEI,11,2026,0.0,50.0,72400.0,83037.42,-83037.42,fmavct_kbfc,47670.48,6050.0,0.0,41620.48,1,2,11
507RAF2000,TWA,40,2026,0.0,403180.14,3253957.51,0.0,-3657137.65,fmifiit_fmioi,13571848.84,-442961.83,0.0,14014810.67,8,2,40
680HRM3105,HRM,20,2026,0.0,8800.0,327019.96,0.0,-335819.96,fmifiit_fmioi,0.0,0.0,0.0,0.0,0,no_ps_link,20
3210143031,CAI,20,2026,0.0,15000.0,136168.58,0.0,-151168.58,fmifiit_fmioi,0.0,0.0,0.0,0.0,0,no_ps_link,20
570GLO1032,FLI,20,2026,0.0,47065.2,313982.47,216992.84,-216992.84,fmavct_kbfc,3353626.27,1470221.91,2500000.0,-616595.64,18,1,20
547RAF1001,HAR,50,2026,431.63,18235.78,142994.58,69.82,361.81,fmavct_kbfc,10179193.77,13381768.3,117902.58,-3320477.11,62,3,50
PFF,UNESCO,50,2026,0.0,360894.33,0.0,0.0,-360894.33,fmifiit_fmioi,0.0,0.0,0.0,0.0,0,no_ps_link,50
201ZIM1002,HAR,TC,2026,12410.47,718658.93,1453024.1,397874.22,-385463.75,fmavct_kbfc,6692558.65,-1311640.41,609.47,8003589.59,18,2,10'|11|13|20|30|50
3210581011,HEQ,10',2026,722.08,7240.22,0.0,0.0,-6518.14,fmifiit_fmioi,0.0,0.0,0.0,0.0,0,no_ps_link,10'
503ZAM1002,HAR,TC,2026,13242.54,1445144.78,6896560.38,0.0,-8328462.62,fmifiit_fmioi,13901995.49,23368116.99,561890.55,-10028012.05,29,1,10'|11|13|20|30|40|50
631PAV9000,CPE,TC,2026,757.58,1106.72,65183.88,1271.18,-513.6,fmavct_kbfc,0.0,0.0,0.0,0.0,0,no_ps_link,40|50
549GLO3003,BIO,20,2026,0.0,525615.0,3454676.71,5744.21,-5744.21,fmavct_kbfc,15569847.65,16916006.07,216407.09,-1562565.51,40,1,20
549GLO3003,BIO,PC,2026,17182.34,446418.97,2665605.11,46960.74,-29778.4,fmavct_kbfc,15569847.65,16916006.07,216407.09,-1562565.51,40,1,10'|11|13
221CMB1001,PNP,TC,2026,1572.45,69813.83,643127.57,12968.35,-11395.9,fmavct_kbfc,1403605.29,324149.18,47466.6,1031989.51,11,2,10'|13|20|50
3210281011,HEQ,10',2026,421.8,22192.66,0.0,0.0,-21770.86,fmifiit_fmioi,0.0,0.0,0.0,0.0,0,no_ps_link,10'
3230835671,DHA,40,2026,0.0,573.63,152241.9,0.0,-152815.53,fmifiit_fmioi,0.0,0.0,0.0,0.0,0,no_ps_link,40
727BGD1002,DHA,TC,2026,5000.37,43072.06,168320.62,158818.04,-153817.67,fmavct_kbfc,598695.0,1686088.87,0.0,-1087393.87,15,1,10'|11|13|20|40|50
3210451011,BIO,11,2026,0.0,5914.57,74440.02,0.0,-80354.59,fmifiit_fmioi,0.0,0.0,0.0,0.0,0,no_ps_link,11
525AFG1001,KAB,TC,2026,17326.99,1052537.27,6157306.06,320.59,17006.4,fmavct_kbfc,20213745.86,342789.94,16278.65,19854677.27,26,4,10'|11|13|20|30|40|50
3230873161,RAM,10',2026,94.67,1454.52,0.0,0.0,-1359.85,fmifiit_fmioi,0.0,0.0,0.0,0.0,0,no_ps_link,10'
680BSP3101,BSP,50,2026,127.75,104.83,1768.52,0.0,-1745.6,fmifiit_fmioi,0.0,0.0,0.0,0.0,0,no_ps_link,50
A230542171,LAD,10',2026,0.0,105.27,0.0,0.0,-105.27,fmifiit_fmioi,0.0,0.0,0.0,0.0,0,no_ps_link,10'
A230542171,LAD,13,2026,0.0,10527.77,0.0,0.0,-10527.77,fmifiit_fmioi,0.0,0.0,0.0,0.0,0,no_ps_link,13
A230542171,LAD,50,2026,0.0,2757.53,0.0,0.0,-2757.53,fmifiit_fmioi,0.0,0.0,0.0,0.0,0,no_ps_link,50
643CSI9000,CSI,REVENUE,2026,0.0,1268689.79,0.0,0.0,-1268689.79,fmifiit_fmioi,0.0,0.0,0.0,0.0,0,no_ps_link,REVENUE
422ARG0005,IEP,PC,2026,0.0,16100.62,73350.0,57257.34,-57257.34,fmavct_kbfc,293605.21,-22605066.25,0.0,22898671.46,1,2,10'|11|13
A230545111,VOC,10',2026,0.0,259.53,0.0,0.0,-259.53,fmifiit_fmioi,0.0,0.0,0.0,0.0,0,no_ps_link,10'
A230545111,VOC,13,2026,0.0,25953.35,0.0,0.0,-25953.35,fmifiit_fmioi,0.0,0.0,0.0,0.0,0,no_ps_link,13
BGD1004532,DHA,TC,2026,38772.31,243741.6,392965.17,666.67,38105.64,fmavct_kbfc,981306.0,9219812.67,83819.86,-8322326.53,18,3,10'|11|13|20|40|50
A230544051,DHA,10',2026,0.0,253.55,0.0,0.0,-253.55,fmifiit_fmioi,0.0,0.0,0.0,0.0,0,no_ps_link,10'
A230544051,DHA,13,2026,0.0,25804.33,0.0,0.0,-25804.33,fmifiit_fmioi,0.0,0.0,0.0,0.0,0,no_ps_link,13
3210544142,DHA,10',2026,0.0,27.81,0.0,0.0,-27.81,fmifiit_fmioi,0.0,0.0,0.0,0.0,0,no_ps_link,10'
3210544142,DHA,13,2026,0.0,2780.37,0.0,0.0,-2780.37,fmifiit_fmioi,0.0,0.0,0.0,0.0,0,no_ps_link,13
633CRP7319,DHA,10',2026,0.0,782.69,0.0,0.0,-782.69,fmifiit_fmioi,0.0,0.0,0.0,0.0,0,no_ps_link,10'
633CRP7319,DHA,13,2026,0.0,21889.7,0.0,0.0,-21889.7,fmifiit_fmioi,0.0,0.0,0.0,0.0,0,no_ps_link,13
218BRA2000,BRZ,TC,2026,1023.37,67408.14,390907.84,0.0,-457292.61,fmifiit_fmioi,1847747.55,102377.32,45000.0,1700370.23,42,2,10'|11|13|20
218BRA2001,BRZ,TC,2026,1563.55,89019.78,430643.39,0.0,-518099.62,fmifiit_fmioi,7146885.4,203673.06,77000.0,6866212.34,21,2,10'|11|13
218BRA2002,BRZ,TC,2026,1471.82,59890.34,271266.7,21.48,1450.34,fmavct_kbfc,2382301.48,102723.77,0.0,2279577.71,6,4,10'|11|13|30
A230545011,BRZ,10',2026,0.0,161.1,0.0,0.0,-161.1,fmifiit_fmioi,0.0,0.0,0.0,0.0,0,no_ps_link,10'
A230545011,BRZ,13,2026,0.0,16109.66,0.0,0.0,-16109.66,fmifiit_fmioi,0.0,0.0,0.0,0.0,0,no_ps_link,13
680DBS4101,DBS,10',2026,75255.32,74463.22,0.0,0.0,792.1,fmifiit_fmioi,0.0,0.0,0.0,0.0,0,no_ps_link,10'
680DBS4101,DBS,13,2026,0.0,260235.29,0.0,0.0,-260235.29,fmifiit_fmioi,0.0,0.0,0.0,0.0,0,no_ps_link,13
218RSS1000,NDL,TC,2026,2304.84,12803.96,50163.02,0.0,-60662.14,fmifiit_fmioi,665747.68,190459.42,0.0,475288.26,101,2,11|20|30|40|50
3310611051,OPS,40,2026,0.0,196725.5,3131310.68,0.0,-3328036.18,fmifiit_fmioi,0.0,0.0,0.0,0.0,0,no_ps_link,40
3210144061,NDL,50,2026,0.0,290.24,1159.92,0.0,-1450.16,fmifiit_fmioi,0.0,0.0,0.0,0.0,0,no_ps_link,50
3210184071,NDL,50,2026,0.0,668.08,5028.74,0.0,-5696.82,fmifiit_fmioi,0.0,0.0,0.0,0.0,0,no_ps_link,50
495GLO1044,YLS,TC,2026,7826.59,128026.85,911836.35,0.0,-1032036.61,fmifiit_fmioi,2873424.09,3507464.86,618391.21,-1252431.98,6,1,10'|11|13|20|30|50
3230421021,UNC,10',2026,19.09,7485.94,0.0,0.0,-7466.85,fmifiit_fmioi,0.0,0.0,0.0,0.0,0,no_ps_link,10'
3230876022,BRU,10',2026,0.0,50844.8,0.0,0.0,-50844.8,fmifiit_fmioi,0.0,0.0,0.0,0.0,0,no_ps_link,10'
559GLO1043,HED,PC,2026,0.0,5523.0,38105.04,1722.92,-1722.92,fmavct_kbfc,91742.5,-48261.21,0.0,140003.71,1,2,11
570GLO5018,UAI,TC,2026,5849.15,143127.41,604275.61,836325.11,-830475.96,fmavct_kbfc,1101513.0,737602.2,0.0,363910.8,6,2,10'|11|20|30|50
526RAS4027,WHC,20,2026,0.0,7335.42,152784.69,18791.17,-18791.17,fmavct_kbfc,591529.0,1079714.88,550375.0,-1038560.88,2,1,20
3210113051,BEI,11,2026,0.0,6598.0,77149.0,0.0,-83747.0,fmifiit_fmioi,0.0,0.0,0.0,0.0,0,no_ps_link,11
3230854031,BEI,20,2026,0.0,11644.66,474226.06,0.0,-485870.72,fmifiit_fmioi,0.0,0.0,0.0,0.0,0,no_ps_link,20
549RER4009,VNI,PC,2026,52.38,202622.34,327788.0,10419.55,-10367.17,fmavct_kbfc,11787094.36,-540263.02,81836.0,12245521.38,47,2,10'|11|13
570RSS1000,JUB,TC,2026,1548.76,856537.33,2963843.36,27878.98,-26330.22,fmavct_kbfc,5769764.29,330053.06,65960.5,5373750.73,9,2,10'|11|13|20|30|40|50
633CRP5448,RAB,30,2026,0.0,1220.16,0.0,0.0,-1220.16,fmifiit_fmioi,0.0,0.0,0.0,0.0,0,no_ps_link,30
570GLO5020,BRZ,30,2026,272.92,24105.87,89718.98,133558.01,-133285.09,fmavct_kbfc,183486.24,43367.5,3725.0,136393.74,1,2,30
534IRQ1002,BAG,20,2026,0.0,23309.76,1648335.24,4.83,-4.83,fmavct_kbfc,3660987.92,7198661404.98,0.0,-7195000417.06,5,1,20
633CRP1110,BEI,11,2026,0.0,2888.0,15220.95,0.0,-18108.95,fmifiit_fmioi,0.0,0.0,0.0,0.0,0,no_ps_link,11
3210173011,BEI,11,2026,0.0,2662.0,92104.32,0.0,-94766.32,fmifiit_fmioi,0.0,0.0,0.0,0.0,0,no_ps_link,11
549IRQ1005,BAG,TC,2026,28371.27,290795.26,1194790.69,1191.24,27180.03,fmavct_kbfc,5242433.44,97121910.34,87523985.37,-179403462.27,32,3,10'|11|13|20|30|40|50
185REN0001,HQD,TC,2026,0.0,2331665.06,93942595.3,71045.26,-71045.26,fmavct_kbfc,27833227.77,3950848.13,3205792.81,20676586.83,6,2,13|20|40|CDSP
3210282082,HAR,11,2026,0.0,4200.0,29400.0,0.0,-33600.0,fmifiit_fmioi,0.0,0.0,0.0,0.0,0,no_ps_link,11
567KEN2000,NAI,TC,2026,66274.81,415594.57,1525546.1,80512.79,-14237.98,fmavct_kbfc,2725043.13,5225251.13,6809.3,-2507017.3,28,1,10'|11|13|20|30|40|50
3210221171,HYD,11,2026,0.0,14540.84,67431.12,0.0,-81971.96,fmifiit_fmioi,0.0,0.0,0.0,0.0,0,no_ps_link,11
3210221161,HYD,11,2026,0.0,31356.38,163232.44,0.0,-194588.82,fmifiit_fmioi,0.0,0.0,0.0,0.0,0,no_ps_link,11
513GLO2050,HYD,20,2026,0.0,49591.58,673180.51,0.0,-722772.09,fmifiit_fmioi,1794774.47,86527.5,5320.0,1702926.97,12,2,20
631BAM9004,CPE,TC,2026,2439.02,132853.05,1179730.87,39384.8,-36945.78,fmavct_kbfc,0.0,0.0,0.0,0.0,0,no_ps_link,10'|11|13|20|40|50
3310713012,SSM,20,2026,0.0,46640.5,1328537.18,0.0,-1375177.68,fmifiit_fmioi,0.0,0.0,0.0,0.0,0,no_ps_link,20
3230857131,HAV,50,2026,0.0,175.0,827.4,0.0,-1002.4,fmifiit_fmioi,0.0,0.0,0.0,0.0,0,no_ps_link,50
633CRP1717,DAK,50,2026,0.0,3138.81,4688.82,0.0,-7827.63,fmifiit_fmioi,0.0,0.0,0.0,0.0,0,no_ps_link,50
632HQF9012,SSM,TC,2026,0.0,235040.71,3236400.92,16910.02,-16910.02,fmavct_kbfc,0.0,0.0,0.0,0.0,0,no_ps_link,20|40|50
469GLO2005,PCB,10',2026,12.7,2320.5,0.0,46848.66,-46835.96,fmavct_kbfc,3059160.2,422970.05,0.0,2636190.15,6,2,10'
218BDI5000,YAO,TC,2026,36825.86,50754.32,234430.53,531.76,36294.1,fmavct_kbfc,1918239.24,-2969.91,155847.47,1765361.68,32,4,10'|11|13|20|40|50
637FOR7323,HAR,50,2026,0.0,14209.96,87288.9,0.0,-101498.86,fmifiit_fmioi,0.0,0.0,0.0,0.0,0,no_ps_link,50
3210316021,NAI,30,2026,0.0,3255.72,0.0,0.0,-3255.72,fmifiit_fmioi,0.0,0.0,0.0,0.0,0,no_ps_link,30
643CSI9005,OPS,TC,2026,0.0,504276.38,5359870.61,43399.95,-43399.95,fmavct_kbfc,2600216.0,509164.6,334391.2,1756660.2,4,2,20|40
3230833121,HAR,50,2026,0.0,4924.72,168469.08,0.0,-173393.8,fmifiit_fmioi,0.0,0.0,0.0,0.0,0,no_ps_link,50
643CSI9002,OPS,TC,2026,2368.97,398797.34,3894716.54,11465.75,-9096.78,fmavct_kbfc,1321467.1,217007.72,161327.76,943131.62,18,2,40
538GLO5000,FOE,20,2026,0.0,478127.3,8572802.5,1924.25,-1924.25,fmavct_kbfc,10347636.69,-97226.61,34074.33,10410788.97,12,2,20
2210521031,MHM,11,2026,0.0,75888.23,71120.48,0.0,-147008.71,fmifiit_fmioi,0.0,0.0,0.0,0.0,0,no_ps_link,11
A230545081,POP,40,2026,0.0,41902.0,155804.0,0.0,-197706.0,fmifiit_fmioi,0.0,0.0,0.0,0.0,0,no_ps_link,40
505SAU3000,SPR,TC,2026,25861.37,255696.39,781222.02,14218.4,11642.97,fmavct_kbfc,5485368.72,-509926.57,24175.0,5971120.29,13,4,10'|11|13|20|40|50
680DIG3101,CAB,50,2026,261.12,12625.53,51973.46,0.0,-64337.87,fmifiit_fmioi,0.0,0.0,0.0,0.0,0,no_ps_link,50
727UKR1000,E30,20,2026,0.0,2321343.81,18601209.56,194238.17,-194238.17,fmavct_kbfc,47833715.08,6414728.91,109682.42,41309303.75,59,2,20
3210481011,HEQ,10',2026,163.92,23266.48,0.0,0.0,-23102.56,fmifiit_fmioi,0.0,0.0,0.0,0.0,0,no_ps_link,10'
503GLO4004,DCE,PC,2026,0.0,47009.33,1274093.38,0.0,-1321102.71,fmifiit_fmioi,7147264.51,318403.6,0.0,6828860.91,79,2,10'|11|13
3210411101,SHS,20,2026,0.0,1507.42,33371.92,0.0,-34879.34,fmifiit_fmioi,0.0,0.0,0.0,0.0,0,no_ps_link,20
546GLO2009,SCI,20,2026,0.0,10704.41,196940.0,450.45,-450.45,fmavct_kbfc,1181331.72,412715.67,344.67,768271.38,6,2,20
3210441121,YOU,11,2026,0.0,1622.12,12453.42,0.0,-14075.54,fmifiit_fmioi,0.0,0.0,0.0,0.0,0,no_ps_link,11
821GLO0008,BFM,20,2026,0.0,5971.21,37679.34,47533.16,-47533.16,fmavct_kbfc,246378.29,69785.33,0.0,176592.96,1,2,20
3230836041,VNI,50,2026,0.0,9824.06,389986.74,0.0,-399810.8,fmifiit_fmioi,0.0,0.0,0.0,0.0,0,no_ps_link,50
3210262031,DAK,20,2026,0.0,89.0,16447.26,0.0,-16536.26,fmifiit_fmioi,0.0,0.0,0.0,0.0,0,no_ps_link,20
3210252012,YAO,50,2026,0.0,1881.54,21705.2,0.0,-23586.74,fmifiit_fmioi,0.0,0.0,0.0,0.0,0,no_ps_link,50
3230833141,LBV,50,2026,37.24,7175.22,164126.46,0.0,-171264.44,fmifiit_fmioi,0.0,0.0,0.0,0.0,0,no_ps_link,50
3230833141,LBV,20,2026,0.0,4801.93,99361.9,0.0,-104163.83,fmifiit_fmioi,0.0,0.0,0.0,0.0,0,no_ps_link,20
3230833101,DAK,50,2026,0.0,996.92,458787.42,0.0,-459784.34,fmifiit_fmioi,0.0,0.0,0.0,0.0,0,no_ps_link,50
3230836021,GLO,50,2026,0.0,903.06,0.0,0.0,-903.06,fmifiit_fmioi,0.0,0.0,0.0,0.0,0,no_ps_link,50
A230542041,ADI,20,2026,0.0,7539.88,15825.2,0.0,-23365.08,fmifiit_fmioi,0.0,0.0,0.0,0.0,0,no_ps_link,20
3210121031,AGI,50,2026,0.0,268.8,652.24,0.0,-921.04,fmifiit_fmioi,0.0,0.0,0.0,0.0,0,no_ps_link,50
3210151071,AGI,50,2026,0.0,292.88,0.0,0.0,-292.88,fmifiit_fmioi,0.0,0.0,0.0,0.0,0,no_ps_link,50
3210151021,TED,50,2026,0.0,1046.44,0.0,0.0,-1046.44,fmifiit_fmioi,0.0,0.0,0.0,0.0,0,no_ps_link,50
633CRP1590,TED,50,2026,0.0,2474.86,4.72,0.0,-2479.58,fmifiit_fmioi,0.0,0.0,0.0,0.0,0,no_ps_link,50
474GLO1004,TED,TC,2026,91.67,207858.38,808324.94,31.44,60.23,fmavct_kbfc,7994203.68,1151022.08,7106.5,6836075.1,27,4,10'|11|13|20|50
633CRP1393,PSU,50,2026,596.51,419.36,0.0,0.0,177.15,fmifiit_fmioi,0.0,0.0,0.0,0.0,0,no_ps_link,50
495GLO1041,EME,TC,2026,16350.77,86870.25,1018919.7,5789.78,10560.99,fmavct_kbfc,4012443.84,733767.32,4341.09,3274335.43,6,4,10'|11|13|20|30|50
633CRP3490,YOU,11,2026,0.0,8285.62,70394.3,0.0,-78679.92,fmifiit_fmioi,0.0,0.0,0.0,0.0,0,no_ps_link,11
633CRP7309,BAM,50,2026,0.0,2033.71,11972.34,0.0,-14006.05,fmifiit_fmioi,0.0,0.0,0.0,0.0,0,no_ps_link,50
3230836021,GLO,20,2026,0.0,803.45,422.04,0.0,-1225.49,fmifiit_fmioi,0.0,0.0,0.0,0.0,0,no_ps_link,20
3230833071,BAM,50,2026,0.0,36.67,132571.94,0.0,-132608.61,fmifiit_fmioi,0.0,0.0,0.0,0.0,0,no_ps_link,50
3230833791,BAM,50,2026,0.0,23.46,8420.06,0.0,-8443.52,fmifiit_fmioi,0.0,0.0,0.0,0.0,0,no_ps_link,50
549IRE1000,TED,20,2026,0.0,13524.25,104778.07,598.3,-598.3,fmavct_kbfc,566848.26,-104089.97,3500.0,667438.23,1,2,20
3210151022,TED,11,2026,0.0,3562.32,32001.0,0.0,-35563.32,fmifiit_fmioi,0.0,0.0,0.0,0.0,0,no_ps_link,11
526RAF4000,WHC,TC,2026,24881.49,64401.14,703381.1,107049.17,-82167.68,fmavct_kbfc,1818093.42,-540610.98,10645.0,2348059.4,6,2,10'|11|13|20|30|50
570GLO5020,BRZ,11,2026,0.0,6036.64,147330.72,149427.26,-149427.26,fmavct_kbfc,183486.24,43367.5,3725.0,136393.74,1,2,11
3230856021,GLO,20,2026,0.0,123.73,0.0,0.0,-123.73,fmifiit_fmioi,0.0,0.0,0.0,0.0,0,no_ps_link,20
643CSI9003,OPS,TC,2026,0.0,687019.0,15317288.59,43400.05,-43400.05,fmavct_kbfc,6131263.96,202441.15,276660.48,5652162.33,4,2,20|40
503GLO4004,DCE,20,2026,9.12,44982.76,1298416.04,0.0,-1343389.68,fmifiit_fmioi,7147264.51,318403.6,0.0,6828860.91,79,2,20
526PER4000,LIM,TC,2026,6688.94,227197.92,1233630.84,78366.0,-71677.06,fmavct_kbfc,4083932.0,316655.7,2840.0,3764436.3,14,2,10'|11|13|20|40|50
3210556011,MTD,20,2026,0.0,711.69,50067.06,0.0,-50778.75,fmifiit_fmioi,0.0,0.0,0.0,0.0,0,no_ps_link,20
A230545021,GUC,50,2026,0.0,7681.56,10401.56,0.0,-18083.12,fmifiit_fmioi,0.0,0.0,0.0,0.0,0,no_ps_link,50
3230837021,GUC,50,2026,0.0,433.66,114623.12,0.0,-115056.78,fmifiit_fmioi,0.0,0.0,0.0,0.0,0,no_ps_link,50
3230837031,HAV,50,2026,0.0,1799.24,201899.42,0.0,-203698.66,fmifiit_fmioi,0.0,0.0,0.0,0.0,0,no_ps_link,50
261CMB5000,PNP,50,2026,0.0,915.4,9639.56,5000.0,-5000.0,fmavct_kbfc,247126.74,28790.26,0.0,218336.48,8,2,50
261CMB5000,PNP,20,2026,0.0,6888.82,132788.28,0.0,-139677.1,fmifiit_fmioi,247126.74,28790.26,0.0,218336.48,8,2,20
259RAS2000,JAK,TC,2026,348.77,369310.93,1688405.99,405.67,-56.9,fmavct_kbfc,5272556.92,859047.38,28158.0,4385351.54,96,2,10'|11|13|20|30|40|50
633CRP7345,PNP,20,2026,0.0,7021.4,172508.66,0.0,-179530.06,fmifiit_fmioi,0.0,0.0,0.0,0.0,0,no_ps_link,20
235KYR5000,ATA,50,2026,0.0,1884.2,8109.22,94083.0,-94083.0,fmavct_kbfc,1043984.19,848240.72,0.0,195743.47,25,2,50
201AFG1002,KAB,TC,2026,10692.18,808122.32,6781179.81,14902.63,-4210.45,fmavct_kbfc,18627081.21,224929.44,10784.0,18391367.77,42,2,10'|11|13|20|30|40|50
3230835071,HAN,10',2026,0.0,150.34,0.0,0.0,-150.34,fmifiit_fmioi,0.0,0.0,0.0,0.0,0,no_ps_link,10'
3210434011,NDL,20,2026,0.0,131.53,42572.9,0.0,-42704.43,fmifiit_fmioi,0.0,0.0,0.0,0.0,0,no_ps_link,20
727AFG1000,KAB,PC,2026,138.7,224869.67,694308.98,58219.11,-58080.41,fmavct_kbfc,17580399.0,991612.42,41525.0,16547261.58,53,2,10'|11|13
3230835131,NDL,20,2026,0.0,469.03,278228.26,0.0,-278697.29,fmifiit_fmioi,0.0,0.0,0.0,0.0,0,no_ps_link,20
637FOR7343,NDL,20,2026,0.0,24949.69,287164.61,0.0,-312114.3,fmifiit_fmioi,0.0,0.0,0.0,0.0,0,no_ps_link,20
3230835071,HAN,50,2026,0.0,17.35,13134.8,0.0,-13152.15,fmifiit_fmioi,0.0,0.0,0.0,0.0,0,no_ps_link,50
526RAF1009,FLI,30,2026,0.0,92056.68,0.0,128585.74,-128585.74,fmavct_kbfc,5750396.0,212648109.72,444374.24,-207342087.96,19,1,30
3230321021,ADI,20,2026,0.0,375.0,26049.52,0.0,-26424.52,fmifiit_fmioi,0.0,0.0,0.0,0.0,0,no_ps_link,20
3230511091,BEI,20,2026,0.0,8999.0,107988.0,0.0,-116987.0,fmifiit_fmioi,0.0,0.0,0.0,0.0,0,no_ps_link,20
3210654041,JAK,20,2026,0.0,12122.18,170322.44,0.0,-182444.62,fmifiit_fmioi,0.0,0.0,0.0,0.0,0,no_ps_link,20
3210624051,JAK,20,2026,0.0,130.0,40899.84,0.0,-41029.84,fmifiit_fmioi,0.0,0.0,0.0,0.0,0,no_ps_link,20
3210613021,JAK,20,2026,0.0,230.0,41223.62,0.0,-41453.62,fmifiit_fmioi,0.0,0.0,0.0,0.0,0,no_ps_link,20
3230835151,TAS,50,2026,0.0,727.73,34686.18,0.0,-35413.91,fmifiit_fmioi,0.0,0.0,0.0,0.0,0,no_ps_link,50
549UZB1000,TAS,50,2026,0.0,1303.31,17146.4,25467.5,-25467.5,fmavct_kbfc,11372596.54,5061475341.25,101199927.0,-5151302671.71,8,1,50
501UZB5002,TAS,50,2026,0.0,1107.46,8978.42,0.0,-10085.88,fmifiit_fmioi,2377578.92,1309495651.14,19230140.0,-1326348212.22,5,1,50
525JOR1001,AMN,PC,2026,14601.8,217619.42,367915.46,813.14,13788.66,fmavct_kbfc,5785487.7,-2427757.31,80464.0,8132781.01,7,4,10'|11|13
185GEF0006,UNESCO,20,2026,0.0,322695.69,3836450.3,0.0,-4159145.99,fmifiit_fmioi,0.0,0.0,0.0,0.0,0,no_ps_link,20
3240116015,PPP,20,2026,0.0,25000.0,175000.0,0.0,-200000.0,fmifiit_fmioi,0.0,0.0,0.0,0.0,0,no_ps_link,20
633CRP7352,TAS,50,2026,57.85,94.4,3073.78,0.0,-3110.33,fmifiit_fmioi,0.0,0.0,0.0,0.0,0,no_ps_link,50
3230855141,TAS,50,2026,0.0,13.91,2442.4,0.0,-2456.31,fmifiit_fmioi,0.0,0.0,0.0,0.0,0,no_ps_link,50
513RAF2045,EES,TC,2026,0.0,31199.38,110852.72,0.0,-142052.1,fmifiit_fmioi,137614.68,1274988.0,106000.0,-1243373.32,5,1,10'|11|20|50
633CRP1455,UNE,20,2026,0.0,10430.77,68082.36,0.0,-78513.13,fmifiit_fmioi,0.0,0.0,0.0,0.0,0,no_ps_link,20
3210133041,DOH,11,2026,0.0,5843.5,63117.0,0.0,-68960.5,fmifiit_fmioi,0.0,0.0,0.0,0.0,0,no_ps_link,11
505INT4002,DOH,PC,2026,3379.32,455054.88,444347.26,0.0,-896022.82,fmifiit_fmioi,10136867.63,970015.23,16401.0,9150451.4,28,2,10'|11|13
534PAK1001,ISB,20,2026,0.0,123095.52,1078298.24,173954.97,-173954.97,fmavct_kbfc,1990212.7,28003308.01,33471923.6,-59485018.91,5,1,20
198CSV4242,WHC,TC,2026,41.24,5280.42,0.0,12690.37,-12649.13,fmavct_kbfc,316184.43,43720.95,0.0,272463.48,15,2,10'|13
196EAR4042,WHC,TC,2026,90.89,268817.56,9979488.94,40031.86,-39940.97,fmavct_kbfc,20448720.09,3583388.04,435133.07,16430198.98,139,2,10'|11|13|20|30|40|50
570RAS1008,BGK,50,2026,0.0,327.02,3886.04,8226.7,-8226.7,fmavct_kbfc,2752292.0,10427928.3,11971800.2,-19647436.5,6,1,50
3210221161,HYD,30,2026,0.0,4323.53,0.0,0.0,-4323.53,fmifiit_fmioi,0.0,0.0,0.0,0.0,0,no_ps_link,30
3230833151,MAP,50,2026,0.0,438.55,136127.1,0.0,-136565.65,fmifiit_fmioi,0.0,0.0,0.0,0.0,0,no_ps_link,50
2210143071,RAB,10',2026,0.0,3890.28,0.0,0.0,-3890.28,fmifiit_fmioi,0.0,0.0,0.0,0.0,0,no_ps_link,10'
503GLO4004,DCE,50,2026,0.0,466.2,12607.48,0.0,-13073.68,fmifiit_fmioi,7147264.51,318403.6,0.0,6828860.91,79,2,50
633CRP7301,ABJ,20,2026,0.0,5705.79,49860.83,0.0,-55566.62,fmifiit_fmioi,0.0,0.0,0.0,0.0,0,no_ps_link,20
3210424011,NDL,20,2026,0.0,371.23,2678.98,0.0,-3050.21,fmifiit_fmioi,0.0,0.0,0.0,0.0,0,no_ps_link,20
570TUN4001,RAB,PC,2026,2988.76,29092.08,37152.08,620.12,2368.64,fmavct_kbfc,275229.0,128126.77,410.0,146692.23,1,4,10'|11|13
633CRP7348,RAB,10',2026,260.8,8239.24,0.0,0.0,-7978.44,fmifiit_fmioi,0.0,0.0,0.0,0.0,0,no_ps_link,10'
3230833871,MAP,50,2026,0.0,66.09,816.42,0.0,-882.51,fmifiit_fmioi,0.0,0.0,0.0,0.0,0,no_ps_link,50
3230311011,AFR,40,2026,19239.78,3261.19,20546.78,0.0,-4568.19,fmifiit_fmioi,0.0,0.0,0.0,0.0,0,no_ps_link,40
3230311011,AFR,20,2026,0.0,18.15,275079.42,0.0,-275097.57,fmifiit_fmioi,0.0,0.0,0.0,0.0,0,no_ps_link,20
580RAF1006,ESC,50,2026,0.0,14038.93,25366.12,413.03,-413.03,fmavct_kbfc,13204000.92,177878364.93,250127.83,-164924491.84,33,1,50
230RAS2007,JAK,REVENUE,2026,171060.24,0.0,0.0,0.0,171060.24,fmifiit_fmioi,657924.0,685346.32,1038211.47,-1065633.79,27,3,REVENUE
182REV9000,BFM,REVENUE,2026,410814.72,0.0,0.0,0.0,410814.72,fmifiit_fmioi,0.0,-471426.17,0.0,471426.17,1,4,REVENUE
473PAL1000,RAM,REVENUE,2026,339852.94,0.0,0.0,0.0,339852.94,fmifiit_fmioi,2588146.46,-230072.74,35120.0,2783099.2,8,4,REVENUE
473PAL4000,RAM,REVENUE,2026,204000.0,0.0,0.0,0.0,204000.0,fmifiit_fmioi,1353091.85,-142108.13,25270.0,1469929.98,14,4,REVENUE
473PAL5000,RAM,REVENUE,2026,49000.0,0.0,0.0,0.0,49000.0,fmifiit_fmioi,772224.26,-323140.0,0.0,1095364.26,7,4,REVENUE
473PAL0001,RAM,REVENUE,2026,63781.98,0.0,0.0,0.0,63781.98,fmifiit_fmioi,307300.52,-26334.36,0.0,333634.88,2,4,REVENUE
221KEN2000,NAI,REVENUE,2026,970748.56,13712.09,0.0,0.0,957036.47,fmifiit_fmioi,9217393.92,12827091.52,221836.74,-3831534.34,27,3,REVENUE
559GLO1044,GCP,TC,2026,0.0,41774.0,140408.24,22312.59,-22312.59,fmavct_kbfc,565000.0,2500.0,0.0,562500.0,9,2,11|20
538GLO5000,FOE,10',2026,270.71,13962.95,0.0,19300.0,-19029.29,fmavct_kbfc,10347636.69,-97226.61,34074.33,10410788.97,12,2,10'
3230853011,ABJ,20,2026,0.0,12461.36,305193.02,0.0,-317654.38,fmifiit_fmioi,0.0,0.0,0.0,0.0,0,no_ps_link,20
261SWZ3000,HAR,20,2026,0.0,3210.8,134152.52,440174.82,-440174.82,fmavct_kbfc,266986.88,134565.75,0.0,132421.13,8,2,20
3230731011,HEQ,10',2026,299.14,19567.38,0.0,0.0,-19268.24,fmifiit_fmioi,0.0,0.0,0.0,0.0,0,no_ps_link,10'
A230544141,TAS,50,2026,0.0,2036.44,4812.15,0.0,-6848.59,fmifiit_fmioi,0.0,0.0,0.0,0.0,0,no_ps_link,50
3230855141,TAS,20,2026,0.0,148.2,6196.16,0.0,-6344.36,fmifiit_fmioi,0.0,0.0,0.0,0.0,0,no_ps_link,20
3210421051,HEO,10',2026,7.62,1244.46,0.0,0.0,-1236.84,fmifiit_fmioi,0.0,0.0,0.0,0.0,0,no_ps_link,10'
3210411071,OPC,10',2026,468.56,1530.49,0.0,0.0,-1061.93,fmifiit_fmioi,0.0,0.0,0.0,0.0,0,no_ps_link,10'
3230833081,BRV,20,2026,0.0,89.18,57888.18,0.0,-57977.36,fmifiit_fmioi,0.0,0.0,0.0,0.0,0,no_ps_link,20
580GLO1004,IGE,TC,2026,710.03,206581.81,548849.62,20103.41,-19393.38,fmavct_kbfc,1926549.78,117643122.96,27384.31,-115743957.49,21,1,10'|11|13|20|30|50
633CRP1151,STG,20,2026,0.0,1426.17,3962.37,0.0,-5388.54,fmifiit_fmioi,0.0,0.0,0.0,0.0,0,no_ps_link,20
3230841881,VNI,20,2026,0.0,1800.0,29600.0,0.0,-31400.0,fmifiit_fmioi,0.0,0.0,0.0,0.0,0,no_ps_link,20
185GEF0006,GLO,50,2026,1200.0,0.0,0.0,0.0,1200.0,fmifiit_fmioi,0.0,0.0,0.0,0.0,0,no_ps_link,50
402EGY4006,CAI,20,2026,0.0,6618.42,33294.48,12497.62,-12497.62,fmavct_kbfc,421865.9,3926936.22,0.0,-3505070.32,7,1,20
637FOR7349,RAM,50,2026,0.0,157.55,1556.8,0.0,-1714.35,fmifiit_fmioi,0.0,0.0,0.0,0.0,0,no_ps_link,50
3230854081,RAM,20,2026,0.0,5400.0,129925.3,0.0,-135325.3,fmifiit_fmioi,0.0,0.0,0.0,0.0,0,no_ps_link,20
504MLW1001,HAR,TC,2026,4360.91,476016.58,1346556.86,0.0,-1818212.53,fmifiit_fmioi,5569071.31,148751683.36,47970101.16,-191152713.21,24,1,10'|11|13|20|30|40|50
A310711011,SEC,BRSTAT,2026,0.0,14817.02,0.0,0.0,-14817.02,fmifiit_fmioi,0.0,0.0,0.0,0.0,0,no_ps_link,BRSTAT
A310711011,SEC,13,2026,0.0,267714.52,0.0,0.0,-267714.52,fmifiit_fmioi,0.0,0.0,0.0,0.0,0,no_ps_link,13
A310711011,SEC,CDSP,2026,0.0,15245.76,0.0,0.0,-15245.76,fmifiit_fmioi,0.0,0.0,0.0,0.0,0,no_ps_link,CDSP
634SAI9000,CLD,13,2026,0.0,782570.47,0.0,0.0,-782570.47,fmifiit_fmioi,0.0,0.0,0.0,0.0,0,no_ps_link,13
633CRP7349,RAM,13,2026,0.0,993.48,0.0,0.0,-993.48,fmifiit_fmioi,0.0,0.0,0.0,0.0,0,no_ps_link,13
A230545031,HAV,13,2026,0.0,14434.03,0.0,0.0,-14434.03,fmifiit_fmioi,0.0,0.0,0.0,0.0,0,no_ps_link,13
A230575011,HAV,13,2026,0.0,9209.88,0.0,0.0,-9209.88,fmifiit_fmioi,0.0,0.0,0.0,0.0,0,no_ps_link,13
3210491021,YOU,11,2026,0.0,2500.0,55000.0,0.0,-57500.0,fmifiit_fmioi,0.0,0.0,0.0,0.0,0,no_ps_link,11
507GLO1042,UNE,20,2026,0.0,180599.67,828639.0,0.0,-1009238.67,fmifiit_fmioi,1151874.5,-818869.4,5000.0,1965743.9,1,2,20
549RER2016,IOC,PC,2026,0.0,16034.89,229418.04,2325340.11,-2325340.11,fmavct_kbfc,395355.0,12892.88,0.0,382462.12,9,2,11
3320121031,DBS,40,2026,0.0,861.8,655255.06,0.0,-656116.86,fmifiit_fmioi,0.0,0.0,0.0,0.0,0,no_ps_link,40
3230831041,DBS,40,2026,0.0,9607.76,1846184.16,0.0,-1855791.92,fmifiit_fmioi,0.0,0.0,0.0,0.0,0,no_ps_link,40
185GEF0004,DBS,40,2026,458238.86,470718.86,1217337.61,0.0,-1229817.61,fmifiit_fmioi,0.0,0.0,0.0,0.0,0,no_ps_link,40
2210132032,DAK,10',2026,0.0,423.89,0.0,0.0,-423.89,fmifiit_fmioi,0.0,0.0,0.0,0.0,0,no_ps_link,10'
257GLO1048,HAE,PC,2026,171.81,30564.37,615627.28,726.78,-554.97,fmavct_kbfc,7904018.7,23170559.66,13300.0,-15279840.96,13,1,10'|11|13
514RLA2007,MTD,TC,2026,1393.86,41833.84,136677.1,1053772.8,-1052378.94,fmavct_kbfc,546972.0,480724.79,15570.0,50677.21,5,2,10'|11|13|20
3210241031,SCI,40,2026,1016.29,8752.91,51122.08,0.0,-58858.7,fmifiit_fmioi,0.0,0.0,0.0,0.0,0,no_ps_link,40
549RAF1001,EPS,20,2026,0.0,24584.0,286274.42,15040.01,-15040.01,fmavct_kbfc,6804700.5,-607732.07,7500.0,7404932.57,35,2,20
3210241031,SCI,20,2026,0.0,40.25,174.14,0.0,-214.39,fmifiit_fmioi,0.0,0.0,0.0,0.0,0,no_ps_link,20
235BIH4002,SAR,REVENUE,2026,492735.0,0.0,0.0,0.0,492735.0,fmifiit_fmioi,2763000.0,-339807.91,48173.46,3054634.45,33,4,REVENUE
3230837031,HAV,10',2026,0.0,1940.0,0.0,0.0,-1940.0,fmifiit_fmioi,0.0,0.0,0.0,0.0,0,no_ps_link,10'
3210155051,HAV,10',2026,0.0,1776.54,0.0,0.0,-1776.54,fmifiit_fmioi,0.0,0.0,0.0,0.0,0,no_ps_link,10'
642ENV9000,ADM,REVENUE,2026,188478.13,0.0,0.0,0.0,188478.13,fmifiit_fmioi,0.0,0.0,0.0,0.0,0,no_ps_link,REVENUE
580RAF4001,WHC,TC,2026,9811.17,47481.06,264339.63,11151.33,-1340.16,fmavct_kbfc,928271.2,39527.96,0.0,888743.24,6,2,10'|11|13|20|30
549IRE1000,TED,30,2026,46.09,772.64,0.0,230.12,-184.03,fmavct_kbfc,566848.26,-104089.97,3500.0,667438.23,1,2,30
2210141052,E30,30,2026,1521.67,21028.7,0.0,0.0,-19507.03,fmifiit_fmioi,0.0,0.0,0.0,0.0,0,no_ps_link,30
32101B2071,DAK,10',2026,218.19,44723.21,0.0,0.0,-44505.02,fmifiit_fmioi,0.0,0.0,0.0,0.0,0,no_ps_link,10'
2210444032,JAK,10',2026,24.74,24.83,0.0,0.0,-0.09,fmifiit_fmioi,0.0,0.0,0.0,0.0,0,no_ps_link,10'
3230837131,STG,10',2026,63.36,0.0,0.0,0.0,63.36,fmifiit_fmioi,0.0,0.0,0.0,0.0,0,no_ps_link,10'
3210115052,MXC,10',2026,194.27,347.08,0.0,0.0,-152.81,fmifiit_fmioi,0.0,0.0,0.0,0.0,0,no_ps_link,10'
633CRP7350,SJO,10',2026,69.86,4394.02,0.0,0.0,-4324.16,fmifiit_fmioi,0.0,0.0,0.0,0.0,0,no_ps_link,10'
633CRP3458,YAO,10',2026,47.44,483.24,0.0,0.0,-435.8,fmifiit_fmioi,0.0,0.0,0.0,0.0,0,no_ps_link,10'
503RAF1003,HAR,30,2026,882.39,391829.2,0.0,0.0,-390946.81,fmifiit_fmioi,108793346.9,882751967.13,52092982.41,-826051602.64,178,1,30
727AFG1000,KAB,30,2026,42.12,309.18,0.0,65310.81,-65268.69,fmavct_kbfc,17580399.0,991612.42,41525.0,16547261.58,53,2,30
495GLO1048,TAI,TC,2026,11286.59,24928.34,185217.97,117020.0,-105733.41,fmavct_kbfc,1274226.72,895747.38,20307.84,358171.5,5,2,10'|11|13|20|50
570GLO1036,TED,TC,2026,19391.14,244705.99,189926.92,652964.1,-633572.96,fmavct_kbfc,1559633.02,211208.33,0.0,1348424.69,5,2,10'|11|13|20|50
3210184071,NDL,10',2026,8.4,0.0,0.0,0.0,8.4,fmifiit_fmioi,0.0,0.0,0.0,0.0,0,no_ps_link,10'
580GLO0002,HRM,10',2026,53.8,6265.28,0.0,34277.6,-34223.8,fmavct_kbfc,461416.41,118652.2,0.0,342764.21,1,2,10'
917URU1001,IES,PC,2026,75354.03,285588.58,468037.81,12841.0,62513.03,fmavct_kbfc,1280064.61,266164.26,0.02,1013900.33,1,4,10'|11|13
505SAU0001,CPE,TC,2026,5470.09,259610.46,2063559.37,0.0,-2317699.74,fmifiit_fmioi,4654576.14,-579721.85,6131.0,5228166.99,5,2,10'|11|20|50
727SUD1000,KHA,TC,2026,4621.61,237384.21,1464459.58,22419.93,-17798.32,fmavct_kbfc,5733357.45,37856967.95,88056278.14,-120179888.64,17,1,10'|11|13|20|30|40|50
3210632071,ADI,30,2026,56.08,0.0,0.0,0.0,56.08,fmifiit_fmioi,0.0,0.0,0.0,0.0,0,no_ps_link,30
263KEN5000,NAI,TC,2026,7614.31,76127.32,19587.13,0.0,-88100.14,fmifiit_fmioi,2018831.79,6500192.44,54966.68,-4536327.33,25,1,10'|11|13|30|50
201BGD1001,DHA,PC,2026,21.91,93746.81,284376.08,863.57,-841.66,fmavct_kbfc,9647985.09,44162771.48,23992487.86,-58507274.25,27,1,10'|11|13
A320121031,DBS,40,2026,0.0,59476.18,118362.55,0.0,-177838.73,fmifiit_fmioi,0.0,0.0,0.0,0.0,0,no_ps_link,40
A230561041,DBS,40,2026,0.0,69774.73,284570.29,0.0,-354345.02,fmifiit_fmioi,0.0,0.0,0.0,0.0,0,no_ps_link,40
2210531023,EPR,11,2026,0.0,114123.19,46220.0,0.0,-160343.19,fmifiit_fmioi,0.0,0.0,0.0,0.0,0,no_ps_link,11
273NEP2000,KAT,TC,2026,19.03,0.0,0.0,68029.38,-68010.35,fmavct_kbfc,867619.0,-10651.47,0.0,878270.47,43,2,30
537GLO3000,BIO,10',2026,37.38,1956.05,0.0,42193.11,-42155.73,fmavct_kbfc,307310.64,660534.9,7529.0,-360753.26,1,1,10'
3210221051,HYD,30,2026,0.0,2259.88,0.0,0.0,-2259.88,fmifiit_fmioi,0.0,0.0,0.0,0.0,0,no_ps_link,30
3210511021,WHC,20,2026,0.0,14162.1,18882.8,0.0,-33044.9,fmifiit_fmioi,0.0,0.0,0.0,0.0,0,no_ps_link,20
538GLO5002,UAI,TC,2026,23438.96,256009.52,1580695.18,8259.98,15178.98,fmavct_kbfc,2482078.38,-277569.75,42325.74,2717322.39,7,4,10'|11|13|20
570GHA1000,ACR,TC,2026,60603.95,289926.14,1181105.3,5393.99,55209.96,fmavct_kbfc,2992730.34,523707.18,103453.41,2365569.75,46,4,10'|11|13|20|40|50
3230837011,BRZ,50,2026,0.0,962.16,61236.7,0.0,-62198.86,fmifiit_fmioi,0.0,0.0,0.0,0.0,0,no_ps_link,50
505INT4002,DOH,20,2026,0.0,24528.0,331584.5,0.0,-356112.5,fmifiit_fmioi,10136867.63,970015.23,16401.0,9150451.4,28,2,20
3210566073,LIM,11,2026,0.0,24172.17,230955.56,0.0,-255127.73,fmifiit_fmioi,0.0,0.0,0.0,0.0,0,no_ps_link,11
505RLA4000,WHC,30,2026,0.0,3299.05,0.0,0.0,-3299.05,fmifiit_fmioi,4424648.19,2793251.65,0.0,1631396.54,36,2,30
633CRP1303,ACR,20,2026,0.0,22370.67,19275.15,0.0,-41645.82,fmifiit_fmioi,0.0,0.0,0.0,0.0,0,no_ps_link,20
633CRP2403,ACR,20,2026,0.0,5619.1,6233.4,0.0,-11852.5,fmifiit_fmioi,0.0,0.0,0.0,0.0,0,no_ps_link,20
3210564061,SUV,20,2026,0.0,10451.88,43107.31,0.0,-53559.19,fmifiit_fmioi,0.0,0.0,0.0,0.0,0,no_ps_link,20
633CRP7303,ACR,20,2026,0.0,388.18,5698.22,0.0,-6086.4,fmifiit_fmioi,0.0,0.0,0.0,0.0,0,no_ps_link,20
570RLA2001,EES,20,2026,0.0,197319.03,4528952.96,27617.29,-27617.29,fmavct_kbfc,11460664.48,1341798.03,30302.0,10088564.45,36,2,20
A230544131,PNP,50,2026,0.0,5226.45,13156.83,0.0,-18383.28,fmifiit_fmioi,0.0,0.0,0.0,0.0,0,no_ps_link,50
3210613011,BGK,20,2026,0.0,4000.0,36244.54,0.0,-40244.54,fmifiit_fmioi,0.0,0.0,0.0,0.0,0,no_ps_link,20
A230544131,PNP,40,2026,0.0,21185.67,41158.0,0.0,-62343.67,fmifiit_fmioi,0.0,0.0,0.0,0.0,0,no_ps_link,40
3230633101,BGK,10',2026,18.52,1509.67,0.0,0.0,-1491.15,fmifiit_fmioi,0.0,0.0,0.0,0.0,0,no_ps_link,10'
537GLO4000,WHC,10',2026,0.0,627.15,0.0,4.36,-4.36,fmavct_kbfc,608806.15,1850739.75,11388.0,-1253321.6,6,1,10'
3210414071,HAN,11,2026,0.0,336.66,12127.46,0.0,-12464.12,fmifiit_fmioi,0.0,0.0,0.0,0.0,0,no_ps_link,11
633CRP5207,ATA,50,2026,0.0,407.64,0.0,0.0,-407.64,fmifiit_fmioi,0.0,0.0,0.0,0.0,0,no_ps_link,50
503RAF1003,HAR,40,2026,0.0,118969.8,796984.33,0.0,-915954.13,fmifiit_fmioi,108793346.9,882751967.13,52092982.41,-826051602.64,178,1,40
A230574021,TAS,20,2026,0.0,439.35,1574.36,0.0,-2013.71,fmifiit_fmioi,0.0,0.0,0.0,0.0,0,no_ps_link,20
570VIE4003,HAN,PC,2026,129.82,35626.11,75672.3,79741.06,-79611.24,fmavct_kbfc,777548.69,17740886.49,0.0,-16963337.8,1,1,10'|11|13
556GLO5001,DHE,PC,2026,45327.75,75212.86,544096.04,7643.98,37683.77,fmavct_kbfc,4123087.62,1861461.5,18000.0,2243626.12,35,4,10'|11|13
473UKR0003,UNC,TC,2026,45.4,19718.78,7860.04,11826.38,-11780.98,fmavct_kbfc,53120.95,-80730.44,0.0,133851.39,1,2,10'|13|20|50
A230561041,DBS,20,2026,0.0,157178.9,352280.22,0.0,-509459.12,fmifiit_fmioi,0.0,0.0,0.0,0.0,0,no_ps_link,20
3230834021,BEI,20,2026,0.0,6923.15,506316.96,0.0,-513240.11,fmifiit_fmioi,0.0,0.0,0.0,0.0,0,no_ps_link,20
3230833111,DAR,50,2026,0.0,587.22,197345.18,0.0,-197932.4,fmifiit_fmioi,0.0,0.0,0.0,0.0,0,no_ps_link,50
3210453021,BEI,40,2026,0.0,2238.0,8952.0,0.0,-11190.0,fmifiit_fmioi,0.0,0.0,0.0,0.0,0,no_ps_link,40
633TFC7310,BEI,40,2026,0.0,1112.0,4783.94,0.0,-5895.94,fmifiit_fmioi,0.0,0.0,0.0,0.0,0,no_ps_link,40
3230873052,BEI,20,2026,0.0,807.0,12912.0,0.0,-13719.0,fmifiit_fmioi,0.0,0.0,0.0,0.0,0,no_ps_link,20
3230834021,BEI,50,2026,0.0,255.75,101201.47,0.0,-101457.22,fmifiit_fmioi,0.0,0.0,0.0,0.0,0,no_ps_link,50
3230854031,BEI,50,2026,0.0,63.02,88564.72,0.0,-88627.74,fmifiit_fmioi,0.0,0.0,0.0,0.0,0,no_ps_link,50
3210641072,UAI,11,2026,0.0,8146.64,315688.32,0.0,-323834.96,fmifiit_fmioi,0.0,0.0,0.0,0.0,0,no_ps_link,11
570MOR1001,RAB,20,2026,0.0,303224.41,1792663.35,1241.22,-1241.22,fmavct_kbfc,4581252.86,2042209.4,280534.5,2258508.96,13,2,20
A230544141,TAS,20,2026,0.0,2321.35,4451.18,0.0,-6772.53,fmifiit_fmioi,0.0,0.0,0.0,0.0,0,no_ps_link,20
680DIG3101,CAB,10',2026,169.73,11536.84,0.0,0.0,-11367.11,fmifiit_fmioi,0.0,0.0,0.0,0.0,0,no_ps_link,10'
185GEF0006,DAR,50,2026,0.0,1168.24,0.0,0.0,-1168.24,fmifiit_fmioi,0.0,0.0,0.0,0.0,0,no_ps_link,50
633CRP4622,HAN,10',2026,73.47,1829.11,0.0,0.0,-1755.64,fmifiit_fmioi,0.0,0.0,0.0,0.0,0,no_ps_link,10'
680REV9000,BEI,11,2026,1058.77,780.0,9360.0,0.0,-9081.23,fmifiit_fmioi,0.0,-34136967.9,0.0,34136967.9,1,2,11
633CRP1610,BEI,11,2026,0.0,20178.71,81118.0,0.0,-101296.71,fmifiit_fmioi,0.0,0.0,0.0,0.0,0,no_ps_link,11
A230542181,MAP,50,2026,0.0,18809.55,31974.31,0.0,-50783.86,fmifiit_fmioi,0.0,0.0,0.0,0.0,0,no_ps_link,50
680REV9000,BEI,50,2026,0.0,74.88,0.0,0.0,-74.88,fmifiit_fmioi,0.0,-34136967.9,0.0,34136967.9,1,2,50
3230834071,RAM,13,2026,0.0,551.62,0.0,0.0,-551.62,fmifiit_fmioi,0.0,0.0,0.0,0.0,0,no_ps_link,13
633CRP1610,BEI,50,2026,0.0,343.18,6789.24,0.0,-7132.42,fmifiit_fmioi,0.0,0.0,0.0,0.0,0,no_ps_link,50
401NHF1091,HED,50,2026,0.0,728.86,0.0,1787.16,-1787.16,fmavct_kbfc,2987.73,-82337.23,0.0,85324.96,1,2,50
3310531011,HEQ,10',2026,364.17,11200.01,0.0,0.0,-10835.84,fmifiit_fmioi,0.0,0.0,0.0,0.0,0,no_ps_link,10'
GEF,UNESCO,50,2026,1630258.99,5975256.28,0.0,0.0,-4344997.29,fmifiit_fmioi,0.0,0.0,0.0,0.0,0,no_ps_link,50
645ASH9000,BFM,50,2026,0.0,23529.94,0.0,0.0,-23529.94,fmifiit_fmioi,0.0,0.0,0.0,0.0,0,no_ps_link,50
633CRP7309,BAM,10',2026,226.65,3253.86,0.0,0.0,-3027.21,fmifiit_fmioi,0.0,0.0,0.0,0.0,0,no_ps_link,10'
570GLO3028,YOU,TC,2026,55913.08,629441.03,2720504.36,188302.25,-132389.17,fmavct_kbfc,6671444.28,1676287.0,98500.0,4896657.28,8,2,10'|11|13|20|30|40|50
3210131022,GCP,11,2026,0.0,4452.1,84469.16,0.0,-88921.26,fmifiit_fmioi,0.0,0.0,0.0,0.0,0,no_ps_link,11
3210131022,GCP,20,2026,0.0,5808.32,256258.89,0.0,-262067.21,fmifiit_fmioi,0.0,0.0,0.0,0.0,0,no_ps_link,20
473PAL1000,RAM,TC,2026,0.0,218426.77,2440162.22,457.69,-457.69,fmavct_kbfc,2588146.46,-230072.74,35120.0,2783099.2,8,2,10'|13|20|40
3230431011,HEQ,10',2026,250.6,12646.82,0.0,0.0,-12396.22,fmifiit_fmioi,0.0,0.0,0.0,0.0,0,no_ps_link,10'
3210451012,BIO,20,2026,0.0,9600.0,43200.0,0.0,-52800.0,fmifiit_fmioi,0.0,0.0,0.0,0.0,0,no_ps_link,20
3230833761,ABJ,40,2026,0.0,1588.3,337480.18,0.0,-339068.48,fmifiit_fmioi,0.0,0.0,0.0,0.0,0,no_ps_link,40
3320111031,AEO,50,2026,0.0,36216.39,1569967.2,0.0,-1606183.59,fmifiit_fmioi,0.0,0.0,0.0,0.0,0,no_ps_link,50
3310611051,OPS,20,2026,0.0,138200.49,2483565.19,0.0,-2621765.68,fmifiit_fmioi,0.0,0.0,0.0,0.0,0,no_ps_link,20
549RER1001,EDU,PC,2026,144.2,119481.61,360313.36,70.07,74.13,fmavct_kbfc,5079722.16,311220.83,5500.0,4763001.33,18,4,10'|11|13
3210546072,BRZ,11,2026,0.0,6778.45,112321.16,0.0,-119099.61,fmifiit_fmioi,0.0,0.0,0.0,0.0,0,no_ps_link,11
2210526031,BRZ,11,2026,0.0,3116.53,568578.3,0.0,-571694.83,fmifiit_fmioi,0.0,0.0,0.0,0.0,0,no_ps_link,11
549RAF1001,EPS,PC,2026,9670.51,76531.7,431408.6,5123.07,4547.44,fmavct_kbfc,6804700.5,-607732.07,7500.0,7404932.57,35,4,10'|11|13
185GEF0004,IEP,11,2026,0.0,96877.0,391513.98,0.0,-488390.98,fmifiit_fmioi,0.0,0.0,0.0,0.0,0,no_ps_link,11
RSS1000165,JUB,20,2026,0.0,17352.23,829674.94,1375.0,-1375.0,fmavct_kbfc,1669872.75,36174.98,15271.61,1618426.16,18,2,20
3230833841,JUB,40,2026,0.0,29179.6,278870.2,0.0,-308049.8,fmifiit_fmioi,0.0,0.0,0.0,0.0,0,no_ps_link,40
3230833841,JUB,20,2026,0.0,1965.0,53484.0,0.0,-55449.0,fmifiit_fmioi,0.0,0.0,0.0,0.0,0,no_ps_link,20
251GLO2005,HYD,REVENUE,2026,118303.0,0.0,0.0,0.0,118303.0,fmifiit_fmioi,1494977.39,-52922.61,0.0,1547900.0,60,4,REVENUE
196PER4043,WHC,REVENUE,2026,128714.26,0.0,0.0,0.0,128714.26,fmifiit_fmioi,215630.9,-88643.7,0.0,304274.6,7,4,REVENUE
406GLO5001,UAI,REVENUE,2026,53117.0,0.0,0.0,0.0,53117.0,fmifiit_fmioi,49641.59,-18719.82,0.0,68361.41,1,4,REVENUE
459GLO1003,GEM,REVENUE,2026,7805747.38,0.0,0.0,0.0,7805747.38,fmifiit_fmioi,28394163.85,2146180.38,2500.0,26245483.47,49,4,REVENUE
459GLO1004,GEM,REVENUE,2026,9530497.8,0.0,0.0,0.0,9530497.8,fmifiit_fmioi,18170304.12,-8255741.93,12250.0,26413796.05,23,4,REVENUE
424GLO4142,EPR,REVENUE,2026,3358456.82,0.0,0.0,0.0,3358456.82,fmifiit_fmioi,21308107.26,20411866.06,172676.89,723564.31,164,4,REVENUE
424GLO4143,EPR,REVENUE,2026,3905616.13,807.4,0.0,0.0,3904808.73,fmifiit_fmioi,6686203.7,-55453.94,15740.0,6725917.64,127,4,REVENUE
680TEC0000,HRM,11,2026,0.0,89040.42,0.0,0.0,-89040.42,fmifiit_fmioi,0.0,0.0,0.0,0.0,1,2,11
680TEC0000,HRM,10',2026,53.48,24439.93,0.0,0.0,-24386.45,fmifiit_fmioi,0.0,0.0,0.0,0.0,1,2,10'
637FOR7352,TAS,REVENUE,2026,2778.48,393.1,0.0,0.0,2385.38,fmifiit_fmioi,0.0,0.0,0.0,0.0,0,no_ps_link,REVENUE
3230837121,SJO,50,2026,0.0,507.43,79312.12,0.0,-79819.55,fmifiit_fmioi,0.0,0.0,0.0,0.0,0,no_ps_link,50
567GHA2000,HYD,TC,2026,7260.03,171976.24,1506482.66,14025.98,-6765.95,fmavct_kbfc,2079623.0,-66835.66,212977.0,1933481.66,23,2,10'|11|13|20|30|40|50
526GLO5000,DHE,TC,2026,6763.37,43066.38,187657.94,85325.83,-78562.46,fmavct_kbfc,317889.9,-76039.17,0.0,393929.07,4,2,10'|11|13|20|50
A230545121,SJO,50,2026,0.0,29151.94,66245.03,0.0,-95396.97,fmifiit_fmioi,0.0,0.0,0.0,0.0,0,no_ps_link,50
3210215201,HAV,10',2026,0.0,51.5,0.0,0.0,-51.5,fmifiit_fmioi,0.0,0.0,0.0,0.0,0,no_ps_link,10'
3230833051,ACR,20,2026,0.0,4105.41,84830.84,0.0,-88936.25,fmifiit_fmioi,0.0,0.0,0.0,0.0,0,no_ps_link,20
3230833051,ACR,50,2026,0.0,576.16,172883.88,0.0,-173460.04,fmifiit_fmioi,0.0,0.0,0.0,0.0,0,no_ps_link,50
549GLO1003,GEM,PC,2026,15630.91,80398.02,1379458.82,36624.14,-20993.23,fmavct_kbfc,6937525.68,460012.45,2000.0,6475513.23,11,2,10'|11|13
A230544051,DHA,20,2026,0.0,24594.03,50679.26,0.0,-75273.29,fmifiit_fmioi,0.0,0.0,0.0,0.0,0,no_ps_link,20
549YEM4001,DOH,20,2026,0.0,2688644.54,43113649.29,232.13,-232.13,fmavct_kbfc,50192380.98,3448865.67,702917.78,46040597.53,21,2,20
3210513051,DOH,30,2026,0.0,1132.0,0.0,0.0,-1132.0,fmifiit_fmioi,0.0,0.0,0.0,0.0,0,no_ps_link,30
3210133051,CAI,20,2026,0.0,16129.94,36935.74,0.0,-53065.68,fmifiit_fmioi,0.0,0.0,0.0,0.0,0,no_ps_link,20
567AFG4001,KAB,TC,2026,0.0,59428.1,548845.52,215083.94,-215083.94,fmavct_kbfc,852201.84,-290799.98,0.0,1143001.82,14,2,11|20|50
3210514162,KAB,20,2026,0.0,9980.0,39920.0,0.0,-49900.0,fmifiit_fmioi,0.0,0.0,0.0,0.0,0,no_ps_link,20
633TFC7316,CAI,50,2026,0.0,403.49,0.0,0.0,-403.49,fmifiit_fmioi,0.0,0.0,0.0,0.0,0,no_ps_link,50
191ICD2043,IOC,TC,2026,778.44,193527.36,437281.65,0.0,-630030.57,fmifiit_fmioi,1800972.13,1555307.48,13440.0,232224.65,14,2,10'|11|13|20|30|40|50
3210243011,CAI,20,2026,0.0,3735.5,28058.6,0.0,-31794.1,fmifiit_fmioi,0.0,0.0,0.0,0.0,0,no_ps_link,20
3210213071,CAI,20,2026,0.0,41076.5,94628.86,0.0,-135705.36,fmifiit_fmioi,0.0,0.0,0.0,0.0,0,no_ps_link,20
3210263021,CAI,11,2026,0.0,7900.0,45882.1,0.0,-53782.1,fmifiit_fmioi,0.0,0.0,0.0,0.0,0,no_ps_link,11
3210653141,CAI,20,2026,0.0,13611.74,143429.87,0.0,-157041.61,fmifiit_fmioi,0.0,0.0,0.0,0.0,0,no_ps_link,20
3210523061,CAI,20,2026,0.0,8507.47,59147.5,0.0,-67654.97,fmifiit_fmioi,0.0,0.0,0.0,0.0,0,no_ps_link,20
3210663041,CAI,20,2026,0.0,4877.65,23201.86,0.0,-28079.51,fmifiit_fmioi,0.0,0.0,0.0,0.0,0,no_ps_link,20
3210643131,CAI,20,2026,0.0,35380.56,61404.25,0.0,-96784.81,fmifiit_fmioi,0.0,0.0,0.0,0.0,0,no_ps_link,20
406RAB5001,CAI,20,2026,0.0,8548.76,34803.67,79700.52,-79700.52,fmavct_kbfc,38516.76,10790.19,218.05,27508.52,1,2,20
3210643121,CAI,20,2026,0.0,9806.87,13449.12,0.0,-23255.99,fmifiit_fmioi,0.0,0.0,0.0,0.0,0,no_ps_link,20
3210653151,CAI,20,2026,0.0,67.26,21157.46,0.0,-21224.72,fmifiit_fmioi,0.0,0.0,0.0,0.0,0,no_ps_link,20
3210563021,DOH,20,2026,0.0,6072.14,34281.78,0.0,-40353.92,fmifiit_fmioi,0.0,0.0,0.0,0.0,0,no_ps_link,20
3210543031,DOH,20,2026,0.0,350.15,71116.06,0.0,-71466.21,fmifiit_fmioi,0.0,0.0,0.0,0.0,0,no_ps_link,20
3210553021,DOH,20,2026,0.0,950.37,128252.88,0.0,-129203.25,fmifiit_fmioi,0.0,0.0,0.0,0.0,0,no_ps_link,20
517DRC2003,KNS,TC,2026,16627.29,348654.79,3593996.07,12385.13,4242.16,fmavct_kbfc,9109910.92,116138.04,246372.32,8747400.56,34,4,10'|11|13|20|30|40|50
549FRA1000,HAE,50,2026,814.48,676.94,0.0,6889.5,-6075.02,fmavct_kbfc,669911.57,-113063.95,0.0,782975.52,1,2,50
3210514042,WHC,20,2026,0.0,24889.71,62359.07,0.0,-87248.78,fmifiit_fmioi,0.0,0.0,0.0,0.0,0,no_ps_link,20
633CRP2242,NAI,50,2026,0.0,270.02,2478.5,0.0,-2748.52,fmifiit_fmioi,0.0,0.0,0.0,0.0,0,no_ps_link,50
2210614012,BGK,20,2026,0.0,1287.0,5148.0,0.0,-6435.0,fmifiit_fmioi,0.0,0.0,0.0,0.0,0,no_ps_link,20
3230835111,KAB,20,2026,0.0,340.0,508103.5,0.0,-508443.5,fmifiit_fmioi,0.0,0.0,0.0,0.0,0,no_ps_link,20
537GLO2000,DRR,PC,2026,338.61,61731.33,300043.46,12364.1,-12025.49,fmavct_kbfc,751607.0,3626304.87,879581.0,-3754278.87,13,1,10'|11|13
201BGD1001,DHA,40,2026,0.0,8.77,58408.32,42022.05,-42022.05,fmavct_kbfc,9647985.09,44162771.48,23992487.86,-58507274.25,27,1,40
354GLO5013,IPD,TC,2026,218.93,495391.69,2230055.15,0.0,-2725227.91,fmifiit_fmioi,5626879.24,1491338.05,19244.0,4116297.19,44,2,10'|11|20|40
3210464021,NDL,11,2026,0.0,687.64,2744.0,0.0,-3431.64,fmifiit_fmioi,0.0,0.0,0.0,0.0,0,no_ps_link,11
3210494021,NDL,11,2026,0.0,442.5,9765.84,0.0,-10208.34,fmifiit_fmioi,0.0,0.0,0.0,0.0,0,no_ps_link,11
3230841661,DOH,11,2026,0.0,12000.0,108914.66,0.0,-120914.66,fmifiit_fmioi,0.0,0.0,0.0,0.0,0,no_ps_link,11
3210264041,JAK,20,2026,0.0,100.0,6017.32,0.0,-6117.32,fmifiit_fmioi,0.0,0.0,0.0,0.0,0,no_ps_link,20
3210464012,BGK,30,2026,0.0,374.98,0.0,0.0,-374.98,fmifiit_fmioi,0.0,0.0,0.0,0.0,0,no_ps_link,30
3210411012,IRD,50,2026,0.0,362.46,0.0,0.0,-362.46,fmifiit_fmioi,0.0,0.0,0.0,0.0,0,no_ps_link,50
3210514092,HAN,10',2026,14.2,1269.03,0.0,0.0,-1254.83,fmifiit_fmioi,0.0,0.0,0.0,0.0,0,no_ps_link,10'
3230841791,KNS,40,2026,0.0,350.0,2312.0,0.0,-2662.0,fmifiit_fmioi,0.0,0.0,0.0,0.0,0,no_ps_link,40
680DBS3001,DBS,10',2026,329.37,16026.86,0.0,0.0,-15697.49,fmifiit_fmioi,0.0,0.0,0.0,0.0,0,no_ps_link,10'
3210164061,BEJ,13,2026,0.0,262.8,0.0,0.0,-262.8,fmifiit_fmioi,0.0,0.0,0.0,0.0,0,no_ps_link,13
633TFC7311,BEJ,13,2026,0.0,1607.67,0.0,0.0,-1607.67,fmifiit_fmioi,0.0,0.0,0.0,0.0,0,no_ps_link,13
175REV9000,BSP,REVENUE,2026,127934.88,0.0,0.0,0.0,127934.88,fmifiit_fmioi,0.0,-38822.0,0.0,38822.0,1,4,REVENUE
175GLO4043,UCH,REVENUE,2026,99180.88,0.0,0.0,0.0,99180.88,fmifiit_fmioi,200000.0,3954.08,0.0,196045.92,5,4,REVENUE
495GLO1045,TED,REVENUE,2026,682369.74,0.0,0.0,0.0,682369.74,fmifiit_fmioi,583987.48,728971.73,17000.0,-161984.25,8,3,REVENUE
495GLO1052,TED,REVENUE,2026,682369.74,0.0,0.0,0.0,682369.74,fmifiit_fmioi,1107376.0,-677436.34,0.0,1784812.34,4,4,REVENUE
680BSP4202,BSP,20,2026,0.0,1478.59,40.0,0.0,-1518.59,fmifiit_fmioi,0.0,0.0,0.0,0.0,0,no_ps_link,20
185GEF0006,BEJ,50,2026,0.0,270.21,0.0,0.0,-270.21,fmifiit_fmioi,0.0,0.0,0.0,0.0,0,no_ps_link,50
3210531071,MON,10',2026,0.0,1936.24,0.0,0.0,-1936.24,fmifiit_fmioi,0.0,0.0,0.0,0.0,0,no_ps_link,10'
3230835012,ATA,10',2026,0.0,545.63,0.0,0.0,-545.63,fmifiit_fmioi,0.0,0.0,0.0,0.0,0,no_ps_link,10'
3230833161,NAI,LOSS,2026,0.0,0.02,0.0,0.0,-0.02,fmifiit_fmioi,0.0,0.0,0.0,0.0,0,no_ps_link,LOSS
549TAJ1000,ATA,40,2026,0.0,1174652.95,5379031.62,1250.0,-1250.0,fmavct_kbfc,20931353.13,6712230.72,24158.89,14194963.52,60,2,40
3230835012,ATA,50,2026,533.79,2449.93,2238.3,0.0,-4154.44,fmifiit_fmioi,0.0,0.0,0.0,0.0,0,no_ps_link,50
534JOR4005,AMN,40,2026,0.0,875.75,18991.24,2676.12,-2676.12,fmavct_kbfc,3640684.99,1279270.95,23745.0,2337669.04,22,2,40
A230543041,CAI,20,2026,0.0,12877.65,43478.84,0.0,-56356.49,fmifiit_fmioi,0.0,0.0,0.0,0.0,0,no_ps_link,20
680BSP3102,BSP,20,2026,0.0,29125.87,117597.2,0.0,-146723.07,fmifiit_fmioi,0.0,0.0,0.0,0.0,0,no_ps_link,20
3210483031,CAI,10',2026,22.43,824.4,0.0,0.0,-801.97,fmifiit_fmioi,0.0,0.0,0.0,0.0,0,no_ps_link,10'
A230543031,BEI,50,2026,26.29,5731.67,8394.46,0.0,-14099.84,fmifiit_fmioi,0.0,0.0,0.0,0.0,0,no_ps_link,50
424GLO4143,EPR,TC,2026,34502.2,342155.55,707892.34,21932.34,12569.86,fmavct_kbfc,6686203.7,-55453.94,15740.0,6725917.64,127,4,10'|11|13|20|30|40|50
633CRP5217,DAK,20,2026,0.0,6456.39,39493.86,0.0,-45950.25,fmifiit_fmioi,0.0,0.0,0.0,0.0,0,no_ps_link,20
3230872151,DAK,10',2026,132.97,3480.84,0.0,0.0,-3347.87,fmifiit_fmioi,0.0,0.0,0.0,0.0,0,no_ps_link,10'
3210441031,YOU,30,2026,0.0,2761.4,0.0,0.0,-2761.4,fmifiit_fmioi,0.0,0.0,0.0,0.0,0,no_ps_link,30
3230833011,ABJ,20,2026,0.0,3466.99,211292.26,0.0,-214759.25,fmifiit_fmioi,0.0,0.0,0.0,0.0,0,no_ps_link,20
680DIG4101,CAB,50,2026,2021.74,8636.66,117.3,0.0,-6732.22,fmifiit_fmioi,0.0,0.0,0.0,0.0,0,no_ps_link,50
218PAL4000,RAM,20,2026,0.0,63964.15,769795.49,103057.47,-103057.47,fmavct_kbfc,4515651.93,328395.8,32457.0,4154799.13,25,2,20
2210513032,RAM,40,2026,0.0,450.0,11040.0,0.0,-11490.0,fmifiit_fmioi,0.0,0.0,0.0,0.0,0,no_ps_link,40
500AFG4000,KAB,20,2026,0.0,6808.7,169268.6,0.0,-176077.3,fmifiit_fmioi,148533.62,19509.25,7503.6,121520.77,10,2,20
534LEB4002,BEI,40,2026,0.0,497900.95,4056089.62,207131.19,-207131.19,fmavct_kbfc,8049498.9,8638704.19,1684.55,-590889.84,18,1,40
3230841671,NAI,11,2026,0.0,5900.0,83914.22,0.0,-89814.22,fmifiit_fmioi,0.0,0.0,0.0,0.0,0,no_ps_link,11
185GEF0006,DAK,50,2026,0.0,9067.56,0.0,0.0,-9067.56,fmifiit_fmioi,0.0,0.0,0.0,0.0,0,no_ps_link,50
580GLO0003,CPE,PC,2026,0.0,346154.36,1379568.56,1186.25,-1186.25,fmavct_kbfc,10891335.44,760046.01,100.0,10131189.43,8,2,10'|11
408FOE5042,FEJ,REVENUE,2026,2857636.19,0.0,0.0,0.0,2857636.19,fmifiit_fmioi,18056134.44,34757821.06,372596.01,-17074282.63,208,3,REVENUE
408FOE5043,FEJ,REVENUE,2026,2989292.39,0.0,0.0,0.0,2989292.39,fmifiit_fmioi,8704890.82,15339157.44,1600.0,-6635866.62,204,3,REVENUE
3230711032,CPE,11,2026,0.0,400.0,5885.52,0.0,-6285.52,fmifiit_fmioi,0.0,0.0,0.0,0.0,0,no_ps_link,11
570VIE4003,HAN,20,2026,0.0,54953.98,656072.82,2888.62,-2888.62,fmavct_kbfc,777548.69,17740886.49,0.0,-16963337.8,1,1,20
A210341011,HEQ,10',2026,0.0,53894.83,0.0,0.0,-53894.83,fmifiit_fmioi,0.0,0.0,0.0,0.0,0,no_ps_link,10'
3210653081,BEI,20,2026,0.0,4212.19,77885.34,0.0,-82097.53,fmifiit_fmioi,0.0,0.0,0.0,0.0,0,no_ps_link,20
3210653101,AMN,20,2026,0.0,36990.53,217628.9,0.0,-254619.43,fmifiit_fmioi,0.0,0.0,0.0,0.0,0,no_ps_link,20
702RSS1000,JUB,TC,2026,10452.15,3068125.7,3895124.8,987.01,9465.14,fmavct_kbfc,19256448.41,-610460.32,45020.42,19821888.31,65,4,10'|11|13|20|30|40|50
505GLO4001,LHE,20,2026,997.67,54066.52,351175.01,0.0,-404243.86,fmifiit_fmioi,2443376.34,2062034.38,60723.2,320618.76,80,2,20
3230841521,BSP,20,2026,0.0,10000.0,64261.0,0.0,-74261.0,fmifiit_fmioi,0.0,0.0,0.0,0.0,0,no_ps_link,20
501UZB5002,TAS,PC,2026,20637.66,107700.11,617752.5,0.0,-704814.95,fmifiit_fmioi,2377578.92,1309495651.14,19230140.0,-1326348212.22,5,1,10'|11|13
633CRP7352,TAS,13,2026,0.0,12429.77,0.0,0.0,-12429.77,fmifiit_fmioi,0.0,0.0,0.0,0.0,0,no_ps_link,13
495GLO3006,MTF,TC,2026,8652.84,19544.1,90509.52,0.0,-101400.78,fmifiit_fmioi,58176.0,15750.5,0.0,42425.5,1,2,10'|11|13|20|40
570MLI4002,BAM,PC,2026,30.3,31428.77,36676.4,17461.38,-17431.08,fmavct_kbfc,1247049.32,846630.76,17584.4,382834.16,54,2,10'|11|13
537RAF5001,DHE,TC,2026,26483.43,77007.08,128901.46,2377526.73,-2351043.3,fmavct_kbfc,831598.0,301380.59,0.0,530217.41,4,2,10'|11|13|20|30|40
A230542211,WIN,40,2026,0.0,29729.23,59359.98,0.0,-89089.21,fmifiit_fmioi,0.0,0.0,0.0,0.0,0,no_ps_link,40
633CRP7301,ABJ,40,2026,0.0,679.62,1840.82,0.0,-2520.44,fmifiit_fmioi,0.0,0.0,0.0,0.0,0,no_ps_link,40
538RLA1000,STG,TC,2026,0.0,35607.35,194524.36,1076.73,-1076.73,fmavct_kbfc,925064.61,15650000.0,0.0,-14724935.39,30,1,11
633CRP7309,BAM,13,2026,0.0,4840.67,0.0,0.0,-4840.67,fmifiit_fmioi,0.0,0.0,0.0,0.0,0,no_ps_link,13
637FOR7309,BAM,20,2026,0.0,6135.85,21463.1,0.0,-27598.95,fmifiit_fmioi,0.0,0.0,0.0,0.0,0,no_ps_link,20
355GLO5007,IPD,TC,2026,103.54,46254.06,541662.18,0.0,-587812.7,fmifiit_fmioi,773389.02,-161146.28,11490.0,923045.3,13,2,11|20
3230833231,YAO,50,2026,0.0,1260.35,53576.54,0.0,-54836.89,fmifiit_fmioi,0.0,0.0,0.0,0.0,0,no_ps_link,50
680BSP4102,BSP,20,2026,1692.04,11.66,4994.01,0.0,-3313.63,fmifiit_fmioi,0.0,0.0,0.0,0.0,0,no_ps_link,20
537RAF4006,NAI,PC,2026,16384.43,19408.0,40200.0,141401.28,-125016.85,fmavct_kbfc,412844.03,30613.98,0.0,382230.05,1,2,10'|11|13
459GLO1004,GEM,TC,2026,25059.39,1916941.2,395337.78,7046.68,18012.71,fmavct_kbfc,18170304.12,-8255741.93,12250.0,26413796.05,23,4,10'|11|13|20|30|40|50
633CRP7319,DHA,11,2026,0.0,3251.0,23950.49,0.0,-27201.49,fmifiit_fmioi,0.0,0.0,0.0,0.0,0,no_ps_link,11
680BSP3103,BSP,20,2026,0.0,18.86,4700.36,0.0,-4719.22,fmifiit_fmioi,0.0,0.0,0.0,0.0,0,no_ps_link,20
633CRP5391,FMD,11,2026,0.0,45133.76,372607.73,0.0,-417741.49,fmifiit_fmioi,0.0,0.0,0.0,0.0,0,no_ps_link,11
520RAF1015,DAK,20,2026,0.0,285817.69,5223417.4,75283.33,-75283.33,fmavct_kbfc,16399988.04,11045756.29,235652.15,5118579.6,13,2,20
213INT2004,HYD,30,2026,507.47,65528.02,0.0,0.0,-65020.55,fmifiit_fmioi,8195161.24,2013576.31,12518.58,6169066.35,98,2,30
GLO0129237,IOC,30,2026,340.3,67005.84,0.0,1166.66,-826.36,fmavct_kbfc,10831292.28,545123.17,0.0,10286169.11,47,2,30
3210251091,PBS,30,2026,1321.33,20913.63,0.0,0.0,-19592.3,fmifiit_fmioi,0.0,0.0,0.0,0.0,0,no_ps_link,30
213GLO2020,LIN,TC,2026,6.1,105153.75,259635.96,17156.96,-17150.86,fmavct_kbfc,2775208.38,-220340.68,0.0,2995549.06,44,2,10'|11|20|30
3210161021,EDP,30,2026,0.0,2043.49,0.0,0.0,-2043.49,fmifiit_fmioi,0.0,0.0,0.0,0.0,0,no_ps_link,30
680BSP3302,BSP,30,2026,0.0,8801.59,0.0,0.0,-8801.59,fmifiit_fmioi,0.0,0.0,0.0,0.0,0,no_ps_link,30
191RCG2042,IOC,TC,2026,157.92,11056.66,44048.4,47030.84,-46872.92,fmavct_kbfc,611803.55,21361953.18,0.0,-20750149.63,11,1,10'|11|40
3210221062,HYD,10',2026,0.0,251.56,0.0,0.0,-251.56,fmifiit_fmioi,0.0,0.0,0.0,0.0,0,no_ps_link,10'
3210411101,SHS,30,2026,0.0,521.44,0.0,0.0,-521.44,fmifiit_fmioi,0.0,0.0,0.0,0.0,0,no_ps_link,30
3210651081,MIL,30,2026,77.84,2876.45,0.0,0.0,-2798.61,fmifiit_fmioi,0.0,0.0,0.0,0.0,0,no_ps_link,30
3210531021,CHP,30,2026,0.0,4443.14,0.0,0.0,-4443.14,fmifiit_fmioi,0.0,0.0,0.0,0.0,0,no_ps_link,30
3210312081,OSE,10',2026,9.52,4013.16,0.0,0.0,-4003.64,fmifiit_fmioi,0.0,0.0,0.0,0.0,0,no_ps_link,10'
3210441021,YOU,30,2026,2355.76,2166.89,0.0,0.0,188.87,fmifiit_fmioi,0.0,0.0,0.0,0.0,0,no_ps_link,30
633CRP1658,YAO,20,2026,0.0,35220.81,288190.72,0.0,-323411.53,fmifiit_fmioi,0.0,0.0,0.0,0.0,0,no_ps_link,20
526IRA1000,TEH,20,2026,0.0,58492.58,672017.7,216.68,-216.68,fmavct_kbfc,8647120.66,211962402.62,43800.0,-203359081.96,99,1,20
3210541061,MON,11,2026,0.0,1.41,94120.8,0.0,-94122.21,fmifiit_fmioi,0.0,0.0,0.0,0.0,0,no_ps_link,11
3310611021,OPS,50,2026,0.0,2761.25,50422.64,0.0,-53183.89,fmifiit_fmioi,0.0,0.0,0.0,0.0,0,no_ps_link,50
549GLO3004,IRD,TC,2026,11564.63,57038.28,229289.36,593.08,10971.55,fmavct_kbfc,692493.96,54482.89,9639.25,628371.82,24,4,11|13|20|50
3210651081,MIL,10',2026,23.92,1572.29,0.0,0.0,-1548.37,fmifiit_fmioi,0.0,0.0,0.0,0.0,0,no_ps_link,10'
408MIL5042,MIL,TC,2026,90.5,60236.84,856039.94,2157.04,-2066.54,fmavct_kbfc,1253963.07,791604.8,15621.0,446737.27,128,2,10'|20
3210531022,CHP,30,2026,0.0,582.0,0.0,0.0,-582.0,fmifiit_fmioi,0.0,0.0,0.0,0.0,0,no_ps_link,30
A230542161,LBV,40,2026,0.0,6075.47,11418.54,0.0,-17494.01,fmifiit_fmioi,0.0,0.0,0.0,0.0,0,no_ps_link,40
567UKR1001,EME,TC,2026,370.08,70166.32,6273756.52,70118.11,-69748.03,fmavct_kbfc,13599967.88,284155.1,311282.36,13004530.42,10,2,10'|13|20|40
448INT2411,TWA,REVENUE,2026,1300000.0,100000.0,0.0,0.0,1200000.0,fmifiit_fmioi,31888749.61,4566439.46,19303.58,27303006.57,62,4,REVENUE
235RSS5000,JUB,20,2026,0.0,1981.39,448849.28,25921.98,-25921.98,fmavct_kbfc,1027315.5,58166.78,471.39,968677.33,12,2,20
501RSS4000,JUB,20,2026,0.0,7399.0,132928.0,0.0,-140327.0,fmifiit_fmioi,74216.76,58721.28,0.0,15495.48,1,2,20
570GLO2029,EES,20,2026,0.0,124486.37,1141654.68,225858.21,-225858.21,fmavct_kbfc,3549322.27,1940768.66,90619.67,1517933.94,19,2,20
519GLO4005,WHC,TC,2026,5974.76,141234.84,235300.34,555.28,5419.48,fmavct_kbfc,795496.0,1325491.21,4000.0,-533995.21,9,3,10'|11|13|20|40
514RLA2004,SJO,TC,2026,5938.92,118648.25,688447.32,55062.21,-49123.29,fmavct_kbfc,1968087.0,10715803.12,0.0,-8747716.12,27,1,10'|11|13|20|30
3210122072,LBV,20,2026,0.0,9815.0,47499.48,0.0,-57314.48,fmifiit_fmioi,0.0,0.0,0.0,0.0,0,no_ps_link,20
633CRP1190,EME,11,2026,0.0,54468.25,62010.0,0.0,-116478.25,fmifiit_fmioi,0.0,0.0,0.0,0.0,0,no_ps_link,11
199IAS4142,LHE,TC,2026,6.31,215689.6,8375538.15,21723.02,-21716.71,fmavct_kbfc,6440273.33,103178780.86,11723772.0,-108462279.53,22,1,10'|11|20
216ZIM4000,HAR,20,2026,0.0,11000.0,1529395.26,0.0,-1540395.26,fmifiit_fmioi,2065765.08,225224.94,0.0,1840540.14,11,2,20
3230872221,JUB,10',2026,95.81,1555.0,0.0,0.0,-1459.19,fmifiit_fmioi,0.0,0.0,0.0,0.0,0,no_ps_link,10'
631BAM9002,CPE,11,2026,16.21,286829.79,1292982.96,0.0,-1579796.54,fmifiit_fmioi,0.0,0.0,0.0,0.0,0,no_ps_link,11
3230837051,KNG,20,2026,0.0,1461.45,106791.9,0.0,-108253.35,fmifiit_fmioi,0.0,0.0,0.0,0.0,0,no_ps_link,20
633CRP7324,HAV,50,2026,0.0,3225.14,12400.0,0.0,-15625.14,fmifiit_fmioi,0.0,0.0,0.0,0.0,0,no_ps_link,50
637FOR7343,NDL,50,2026,0.0,4878.09,84647.79,0.0,-89525.88,fmifiit_fmioi,0.0,0.0,0.0,0.0,0,no_ps_link,50
3230835131,NDL,50,2026,0.0,4293.37,321172.22,0.0,-325465.59,fmifiit_fmioi,0.0,0.0,0.0,0.0,0,no_ps_link,50
570GLO4029,CPD,PC,2026,3826.84,15942.31,493763.85,87880.2,-84053.36,fmavct_kbfc,2821330.46,22980408.6,36257.53,-20195335.67,21,1,10'|11
3210494021,NDL,50,2026,0.0,8.28,2262.3,0.0,-2270.58,fmifiit_fmioi,0.0,0.0,0.0,0.0,0,no_ps_link,50
922IND4006,NDL,20,2026,0.0,173752.84,1478068.11,5375.58,-5375.58,fmavct_kbfc,950875.72,-69582129.62,5792911.0,64740094.34,1,2,20
2210121013,E30,20,2026,0.0,13622.31,147609.16,0.0,-161231.47,fmifiit_fmioi,0.0,0.0,0.0,0.0,0,no_ps_link,20
3210114042,NDL,20,2026,0.0,842.15,20856.4,0.0,-21698.55,fmifiit_fmioi,0.0,0.0,0.0,0.0,0,no_ps_link,20
3230857041,KNG,20,2026,0.0,101.11,6477.82,0.0,-6578.93,fmifiit_fmioi,0.0,0.0,0.0,0.0,0,no_ps_link,20
3230837051,KNG,50,2026,0.0,1286.77,131200.38,0.0,-132487.15,fmifiit_fmioi,0.0,0.0,0.0,0.0,0,no_ps_link,50
271AFG1003,KAB,PC,2026,0.0,17163.21,0.0,0.04,-0.04,fmavct_kbfc,2660203.0,355589.12,121511.95,2183101.93,17,2,10'|13
3230837051,KNG,40,2026,0.0,5227.12,245988.66,0.0,-251215.78,fmifiit_fmioi,0.0,0.0,0.0,0.0,0,no_ps_link,40
549INT2008,IOC,TC,2026,1537.13,307418.89,1874234.14,39007.39,-37470.26,fmavct_kbfc,3888772.56,307071.51,16684.98,3565016.07,30,2,10'|11|13|20|30|40|50
3230857041,KNG,50,2026,0.0,115.0,51470.4,0.0,-51585.4,fmifiit_fmioi,0.0,0.0,0.0,0.0,0,no_ps_link,50
3230835021,API,50,2026,0.0,1084.81,54908.85,0.0,-55993.66,fmifiit_fmioi,0.0,0.0,0.0,0.0,0,no_ps_link,50
263JAM1000,KNG,TC,2026,32393.32,15921.81,366036.4,5000.0,27393.32,fmavct_kbfc,857760.38,2571581.66,0.0,-1713821.28,8,3,10'|11|13|20|50
3210536011,MTD,11,2026,0.0,3900.0,128001.82,0.0,-131901.82,fmifiit_fmioi,0.0,0.0,0.0,0.0,0,no_ps_link,11
3210241051,PBS,11,2026,0.0,39000.68,77257.3,0.0,-116257.98,fmifiit_fmioi,0.0,0.0,0.0,0.0,0,no_ps_link,11
537GLO4000,WHC,20,2026,513.77,71751.31,403402.32,85594.94,-85081.17,fmavct_kbfc,608806.15,1850739.75,11388.0,-1253321.6,6,1,20
235GUA1001,GUC,30,2026,0.0,6067.49,0.0,61726.36,-61726.36,fmavct_kbfc,1321126.8,415304.24,0.0,905822.56,119,2,30
3210644011,BGK,10',2026,0.0,47.0,0.0,0.0,-47.0,fmifiit_fmioi,0.0,0.0,0.0,0.0,0,no_ps_link,10'
3210654011,BGK,10',2026,0.0,47.0,0.0,0.0,-47.0,fmifiit_fmioi,0.0,0.0,0.0,0.0,0,no_ps_link,10'
32106B1012,IDT,10',2026,69.34,2495.03,0.0,0.0,-2425.69,fmifiit_fmioi,0.0,0.0,0.0,0.0,0,no_ps_link,10'
A230544071,HAN,50,2026,0.0,1322.35,6139.55,0.0,-7461.9,fmifiit_fmioi,0.0,0.0,0.0,0.0,0,no_ps_link,50
A230544071,HAN,40,2026,0.0,148741.24,99120.52,0.0,-247861.76,fmifiit_fmioi,0.0,0.0,0.0,0.0,0,no_ps_link,40
3210454071,HAN,20,2026,0.0,570.0,16546.92,0.0,-17116.92,fmifiit_fmioi,0.0,0.0,0.0,0.0,0,no_ps_link,20
221PHI5000,JAK,TC,2026,0.0,14678.65,65712.6,79765.38,-79765.38,fmavct_kbfc,65448.0,14678.65,0.0,50769.35,9,2,11|20
570RAS4008,JAK,TC,2026,1020.85,61527.32,275143.26,1018.95,1.9,fmavct_kbfc,351091.78,1724997.69,0.0,-1373905.91,4,3,10'|13|20
534AFG4006,KAB,20,2026,0.0,366037.17,3179211.39,1796.68,-1796.68,fmavct_kbfc,6993976.02,523261.76,10028.06,6460686.2,15,2,20
526MAG2000,NAI,11,2026,7353.62,37675.77,265865.74,103.02,7250.6,fmavct_kbfc,6212086.17,17039527.48,0.0,-10827441.31,44,3,11
185GEF0006,TAS,50,2026,0.0,551.68,0.0,0.0,-551.68,fmifiit_fmioi,0.0,0.0,0.0,0.0,0,no_ps_link,50
633CRP7345,PNP,50,2026,0.0,1237.74,884.4,0.0,-2122.14,fmifiit_fmioi,0.0,0.0,0.0,0.0,0,no_ps_link,50
501RSS4000,JUB,50,2026,0.0,153.28,1138.0,0.0,-1291.28,fmifiit_fmioi,74216.76,58721.28,0.0,15495.48,1,2,50
RSS1000165,JUB,40,2026,0.0,109.15,42739.8,2416.67,-2416.67,fmavct_kbfc,1669872.75,36174.98,15271.61,1618426.16,18,2,40
514UKR4000,CHP,50,2026,358.05,6887.37,3357.93,852474.49,-852116.44,fmavct_kbfc,6770756.44,175150.82,1947.8,6593657.82,39,2,50
235MNE4001,SAR,PC,2026,0.0,57049.41,1333.34,111625.23,-111625.23,fmavct_kbfc,1061100.0,-182319.1,29400.0,1214019.1,33,2,10'|11|13
633CRP7305,AMN,10',2026,35.83,24616.49,0.0,0.0,-24580.66,fmifiit_fmioi,0.0,0.0,0.0,0.0,0,no_ps_link,10'
520BDI1000,YAO,20,2026,0.0,146758.45,1144564.32,4252.83,-4252.83,fmavct_kbfc,4095000.18,4340172.91,1706110.2,-1951282.93,34,1,20
3210331012,HEQ,11,2026,0.0,8401.98,1079160.92,0.0,-1087562.9,fmifiit_fmioi,0.0,0.0,0.0,0.0,0,no_ps_link,11
3230841061,BRU,10',2026,9.36,1269.88,0.0,0.0,-1260.52,fmifiit_fmioi,0.0,0.0,0.0,0.0,0,no_ps_link,10'
3210114041,NDL,20,2026,0.0,1788.32,13108.3,0.0,-14896.62,fmifiit_fmioi,0.0,0.0,0.0,0.0,0,no_ps_link,20
3240211051,FEL,40,2026,0.0,6515.36,26648.0,0.0,-33163.36,fmifiit_fmioi,0.0,0.0,0.0,0.0,0,no_ps_link,40
3240211051,FEL,20,2026,0.0,36.3,145.2,0.0,-181.5,fmifiit_fmioi,0.0,0.0,0.0,0.0,0,no_ps_link,20
633CRP7310,BEI,10',2026,46.71,11695.12,0.0,0.0,-11648.41,fmifiit_fmioi,0.0,0.0,0.0,0.0,0,no_ps_link,10'
3210661051,IDT,10',2026,120.92,8223.44,0.0,0.0,-8102.52,fmifiit_fmioi,0.0,0.0,0.0,0.0,0,no_ps_link,10'
520BDI1000,YAO,50,2026,0.0,12837.86,118917.84,2166.67,-2166.67,fmavct_kbfc,4095000.18,4340172.91,1706110.2,-1951282.93,34,1,50
665GLO2000,HYD,30,2026,0.0,127.73,0.0,618246.24,-618246.24,fmavct_kbfc,4750147.94,1344381.75,9361.9,3396404.29,1,2,30
263KEN5000,NAI,REVENUE,2026,237400.0,0.0,0.0,0.0,237400.0,fmifiit_fmioi,2018831.79,6500192.44,54966.68,-4536327.33,25,3,REVENUE
406SUD1001,KHA,REVENUE,2026,107000.0,0.0,0.0,0.0,107000.0,fmifiit_fmioi,100000.0,-107000.0,0.0,207000.0,1,4,REVENUE
520BDI1000,YAO,40,2026,0.0,9190.19,444915.43,2589.71,-2589.71,fmavct_kbfc,4095000.18,4340172.91,1706110.2,-1951282.93,34,1,40
2210141083,E30,30,2026,0.0,147.4,0.0,0.0,-147.4,fmifiit_fmioi,0.0,0.0,0.0,0.0,0,no_ps_link,30
3240114054,PPE,11,2026,0.0,40792.8,181411.2,0.0,-222204.0,fmifiit_fmioi,0.0,0.0,0.0,0.0,0,no_ps_link,11
631BAM9004,CPE,REVENUE,2026,4281.08,212209.51,0.0,0.0,-207928.43,fmifiit_fmioi,0.0,0.0,0.0,0.0,0,no_ps_link,REVENUE
495GLO1049,FLI,TC,2026,1951.13,24164.37,168215.74,0.0,-190428.98,fmifiit_fmioi,1447404.64,499700.96,0.0,947703.68,2,2,10'|11|13|50
3230633051,VNI,11,2026,0.0,0.0,45345.06,0.0,-45345.06,fmifiit_fmioi,0.0,0.0,0.0,0.0,0,no_ps_link,11
3210583061,RAM,10',2026,50.05,1482.73,0.0,0.0,-1432.68,fmifiit_fmioi,0.0,0.0,0.0,0.0,0,no_ps_link,10'
727DRC1002,KNS,20,2026,0.0,66729.56,2287304.78,28206.5,-28206.5,fmavct_kbfc,6685995.0,506337.61,10150.0,6169507.39,12,2,20
570GLO3021,SPR,20,2026,0.0,17065.78,117642.56,9615.07,-9615.07,fmavct_kbfc,366972.0,24210.76,0.0,342761.24,4,2,20
513INT2009,HYD,TC,2026,263.04,14027.67,14076.82,0.0,-27841.45,fmifiit_fmioi,775975.73,13288.59,800.0,761887.14,7,2,10'|11|13
3210624051,JAK,10',2026,0.0,1108.7,0.0,0.0,-1108.7,fmifiit_fmioi,0.0,0.0,0.0,0.0,0,no_ps_link,10'
633CRP5130,JAK,10',2026,0.0,58.34,0.0,0.0,-58.34,fmifiit_fmioi,0.0,0.0,0.0,0.0,0,no_ps_link,10'
570RAS1008,BGK,PC,2026,36390.7,127355.97,101834.72,44050.89,-7660.19,fmavct_kbfc,2752292.0,10427928.3,11971800.2,-19647436.5,6,1,10'|11|13
3210484051,JAK,10',2026,0.0,2109.8,0.0,0.0,-2109.8,fmifiit_fmioi,0.0,0.0,0.0,0.0,0,no_ps_link,10'
3210424041,JAK,10',2026,0.0,868.56,0.0,0.0,-868.56,fmifiit_fmioi,0.0,0.0,0.0,0.0,0,no_ps_link,10'
633CRP3691,SPR,20,2026,0.0,563.76,0.0,0.0,-563.76,fmifiit_fmioi,0.0,0.0,0.0,0.0,0,no_ps_link,20
3210214172,ATA,20,2026,0.0,5000.0,39995.86,0.0,-44995.86,fmifiit_fmioi,0.0,0.0,0.0,0.0,0,no_ps_link,20
469GLO3007,BIO,TC,2026,699.3,68675.44,111826.46,24195.48,-23496.18,fmavct_kbfc,906451.38,60055.24,0.0,846396.14,1,2,10'|11|13|40|50
680BSP3201,BSP,10',2026,0.0,1302.82,0.0,0.0,-1302.82,fmifiit_fmioi,0.0,0.0,0.0,0.0,0,no_ps_link,10'
639IOS9001,IOS,TC,2026,0.0,38271.97,201035.1,942.68,-942.68,fmavct_kbfc,68094.06,0.0,0.0,68094.06,9,2,11
3210163081,DOH,20,2026,0.0,3717.42,17093.74,0.0,-20811.16,fmifiit_fmioi,0.0,0.0,0.0,0.0,0,no_ps_link,20
3210141051,HED,30,2026,0.0,2287.8,0.0,0.0,-2287.8,fmifiit_fmioi,0.0,0.0,0.0,0.0,0,no_ps_link,30
251GLO2005,HYD,TC,2026,69.14,75014.06,27447.16,1486.16,-1417.02,fmavct_kbfc,1494977.39,-52922.61,0.0,1547900.0,60,2,10'|11|13|20
520BDI1000,YAO,PC,2026,42047.82,21263.59,345718.38,266.66,41781.16,fmavct_kbfc,4095000.18,4340172.91,1706110.2,-1951282.93,34,3,10'|11|13
633CRP7331,JUB,20,2026,0.0,2750.0,52772.8,0.0,-55522.8,fmifiit_fmioi,0.0,0.0,0.0,0.0,0,no_ps_link,20
570MLI4001,BAM,20,2026,0.0,77605.81,971433.86,198.93,-198.93,fmavct_kbfc,1588094.7,869398.6,0.0,718696.1,39,2,20
3230834031,CAI,20,2026,0.0,6033.9,158544.0,0.0,-164577.9,fmifiit_fmioi,0.0,0.0,0.0,0.0,0,no_ps_link,20
3210533041,CAI,20,2026,0.0,3704.89,151166.34,0.0,-154871.23,fmifiit_fmioi,0.0,0.0,0.0,0.0,0,no_ps_link,20
3230841821,CAI,20,2026,0.0,17249.2,122000.0,0.0,-139249.2,fmifiit_fmioi,0.0,0.0,0.0,0.0,0,no_ps_link,20
A230545041,KNG,11,2026,0.0,2216.36,5973.56,0.0,-8189.92,fmifiit_fmioi,0.0,0.0,0.0,0.0,0,no_ps_link,11
633CRP5290,FEJ,10',2026,49.1,1321.16,0.0,0.0,-1272.06,fmifiit_fmioi,0.0,0.0,0.0,0.0,0,no_ps_link,10'
3210211062,EES,11,2026,0.0,5827.5,63847.13,0.0,-69674.63,fmifiit_fmioi,0.0,0.0,0.0,0.0,0,no_ps_link,11
3210141012,YLS,10',2026,181.06,11403.77,0.0,0.0,-11222.71,fmifiit_fmioi,0.0,0.0,0.0,0.0,0,no_ps_link,10'
3210681011,HEQ,10',2026,187.79,6876.52,0.0,0.0,-6688.73,fmifiit_fmioi,0.0,0.0,0.0,0.0,0,no_ps_link,10'
549IRQ1004,BAG,REVENUE,2026,4461745.24,5409165.06,0.0,0.0,-947419.82,fmifiit_fmioi,25828978.22,492130056.19,85166024.2,-551467102.17,51,1,REVENUE
191IOC9000,IOC,REVENUE,2026,310524.87,461.36,0.0,0.0,310063.51,fmifiit_fmioi,0.0,-535762.0,0.0,535762.0,1,4,REVENUE
235HAI1000,POP,REVENUE,2026,135000.0,0.0,0.0,0.0,135000.0,fmifiit_fmioi,1387850.46,-100593.21,9729.17,1478714.5,41,4,REVENUE
GLO0129237,IOC,50,2026,0.0,25350.89,25818.0,6250.0,-6250.0,fmavct_kbfc,10831292.28,545123.17,0.0,10286169.11,47,2,50
3210312011,IOC,40,2026,0.0,2494.36,20856.02,0.0,-23350.38,fmifiit_fmioi,0.0,0.0,0.0,0.0,0,no_ps_link,40
3210315091,IOC,40,2026,0.0,985.76,21728.78,0.0,-22714.54,fmifiit_fmioi,0.0,0.0,0.0,0.0,0,no_ps_link,40
3210315081,IOC,40,2026,0.0,1998.9,4617.86,0.0,-6616.76,fmifiit_fmioi,0.0,0.0,0.0,0.0,0,no_ps_link,40
531RAF2000,HAR,REVENUE,2026,0.0,5169.01,0.0,0.0,-5169.01,fmifiit_fmioi,973330.32,483060.22,0.0,490270.1,8,2,REVENUE
728ZIM2000,HAR,20,2026,39259.76,4456.84,320431.3,6041774.72,-6002514.96,fmavct_kbfc,2143988.12,157231.49,0.0,1986756.63,117,2,20
728ZIM2000,HAR,30,2026,10577.88,0.0,0.0,159161.69,-148583.81,fmavct_kbfc,2143988.12,157231.49,0.0,1986756.63,117,2,30
728ZIM2000,HAR,50,2026,14558.02,0.0,11385.16,3816.2,10741.82,fmavct_kbfc,2143988.12,157231.49,0.0,1986756.63,117,4,50
728ZIM2000,HAR,PC,2026,76559.58,257673.56,8600.0,33245.12,43314.46,fmavct_kbfc,2143988.12,157231.49,0.0,1986756.63,117,4,10'|11|13
520RAF1015,DAK,30,2026,2137.92,94112.94,0.0,29714.1,-27576.18,fmavct_kbfc,16399988.04,11045756.29,235652.15,5118579.6,13,2,30
633CRP4190,WHC,20,2026,0.0,1465.0,35460.0,0.0,-36925.0,fmifiit_fmioi,0.0,0.0,0.0,0.0,0,no_ps_link,20
A230545011,BRZ,50,2026,0.0,11032.86,29409.0,0.0,-40441.86,fmifiit_fmioi,0.0,0.0,0.0,0.0,0,no_ps_link,50
2210221083,HYD,20,2026,0.0,29881.61,339897.4,0.0,-369779.01,fmifiit_fmioi,0.0,0.0,0.0,0.0,0,no_ps_link,20
181GLO3042,ATD,TC,2026,93.72,43726.97,455870.0,407.58,-313.86,fmavct_kbfc,4870228.84,303515.69,24500.0,4542213.15,36,2,10'|20|50
3310611021,OPS,10',2026,0.0,1412.27,0.0,0.0,-1412.27,fmifiit_fmioi,0.0,0.0,0.0,0.0,0,no_ps_link,10'
3230837132,STG,40,2026,0.0,895.99,13345.86,0.0,-14241.85,fmifiit_fmioi,0.0,0.0,0.0,0.0,0,no_ps_link,40
3230511071,NAI,20,2026,0.0,1222.32,18178.12,0.0,-19400.44,fmifiit_fmioi,0.0,0.0,0.0,0.0,0,no_ps_link,20
3210122071,LBV,40,2026,0.0,176.72,0.0,0.0,-176.72,fmifiit_fmioi,0.0,0.0,0.0,0.0,0,no_ps_link,40
633TFC7316,CAI,20,2026,0.0,489.77,2255.88,0.0,-2745.65,fmifiit_fmioi,0.0,0.0,0.0,0.0,0,no_ps_link,20
680DIG3101,CAB,20,2026,0.0,470.69,19771.96,0.0,-20242.65,fmifiit_fmioi,0.0,0.0,0.0,0.0,0,no_ps_link,20
3230854041,CAI,20,2026,0.0,5625.78,286464.44,0.0,-292090.22,fmifiit_fmioi,0.0,0.0,0.0,0.0,0,no_ps_link,20
3320111011,OPS,40,2026,0.0,85212.15,604595.86,0.0,-689808.01,fmifiit_fmioi,0.0,0.0,0.0,0.0,0,no_ps_link,40
534SUD4000,KHA,REVENUE,2026,48296.0,0.0,0.0,0.0,48296.0,fmifiit_fmioi,1045472.65,24545471.9,0.0,-23499999.25,26,3,REVENUE
650RER4000,VNI,10',2026,45.38,1089.37,0.0,61850.73,-61805.35,fmavct_kbfc,326139.7,15247.23,1328.0,309564.47,61,2,10'
650RER0003,VNI,30,2026,0.0,570.35,0.0,8413.71,-8413.71,fmavct_kbfc,14421.39,4171.62,0.0,10249.77,1,2,30
3210316011,OSE,30,2026,0.0,1934.73,0.0,0.0,-1934.73,fmifiit_fmioi,0.0,0.0,0.0,0.0,0,no_ps_link,30
A230546051,VNI,20,2026,0.0,13558.78,40708.67,0.0,-54267.45,fmifiit_fmioi,0.0,0.0,0.0,0.0,0,no_ps_link,20
3210531021,CHP,20,2026,0.0,23890.17,490463.02,0.0,-514353.19,fmifiit_fmioi,0.0,0.0,0.0,0.0,0,no_ps_link,20
505GLO4002,VNI,TC,2026,0.0,284.43,0.0,0.0,-284.43,fmifiit_fmioi,626656.88,-313526.98,0.0,940183.86,5,2,10'|50
633CRP1156,VNI,10',2026,23.66,2297.19,0.0,0.0,-2273.53,fmifiit_fmioi,0.0,0.0,0.0,0.0,0,no_ps_link,10'
549RER4009,VNI,30,2026,0.0,71578.0,0.0,8378.32,-8378.32,fmavct_kbfc,11787094.36,-540263.02,81836.0,12245521.38,47,2,30
3210341021,VNI,10',2026,0.0,440.45,0.0,0.0,-440.45,fmifiit_fmioi,0.0,0.0,0.0,0.0,0,no_ps_link,10'
633CRP5190,UAI,50,2026,0.0,1423.72,4481.6,0.0,-5905.32,fmifiit_fmioi,0.0,0.0,0.0,0.0,0,no_ps_link,50
901LIB2004,PCB,TC,2026,0.0,2650.27,0.0,155658.71,-155658.71,fmavct_kbfc,1339684.72,845.01,0.0,1338839.71,8,2,50
525GLO2002,PBS,TC,2026,4949.98,93602.3,137414.04,2408.69,2541.29,fmavct_kbfc,1080504.0,3337642.91,6500.0,-2263638.91,13,3,10'|11|13|30|50
A230545041,KNG,50,2026,597.03,8553.84,5065.56,0.0,-13022.37,fmifiit_fmioi,0.0,0.0,0.0,0.0,0,no_ps_link,50
570GLO0028,CPE,TC,2026,836.84,122512.84,311137.54,0.0,-432813.54,fmifiit_fmioi,1212662.39,-259841.41,0.0,1472503.8,9,2,10'|11|13|20
A230141011,AFR,11,2026,0.0,97261.73,194523.46,0.0,-291785.19,fmifiit_fmioi,0.0,0.0,0.0,0.0,0,no_ps_link,11
570MOR1001,RAB,PC,2026,6165.43,282003.65,1981181.94,1922.3,4243.13,fmavct_kbfc,4581252.86,2042209.4,280534.5,2258508.96,13,4,10'|11|13
3230841871,RAB,11,2026,0.0,16900.0,67600.0,0.0,-84500.0,fmifiit_fmioi,0.0,0.0,0.0,0.0,0,no_ps_link,11
633CRP4148,RAB,20,2026,0.0,4488.63,11327.68,0.0,-15816.31,fmifiit_fmioi,0.0,0.0,0.0,0.0,0,no_ps_link,20
2210513013,RAB,20,2026,0.0,1468.81,114633.82,0.0,-116102.63,fmifiit_fmioi,0.0,0.0,0.0,0.0,0,no_ps_link,20
406MOR3000,RAB,TC,2026,0.0,35877.67,211953.92,9012.01,-9012.01,fmavct_kbfc,200000.0,35666.49,0.0,164333.51,1,2,10'|11|13|20|50
633CRP7348,RAB,20,2026,0.0,11037.94,122022.18,0.0,-133060.12,fmifiit_fmioi,0.0,0.0,0.0,0.0,0,no_ps_link,20
A230211011,GEN,20,2026,0.0,14249.31,47700.86,0.0,-61950.17,fmifiit_fmioi,0.0,0.0,0.0,0.0,0,no_ps_link,20
570MLI4002,BAM,30,2026,0.0,1256.01,0.0,3254.16,-3254.16,fmavct_kbfc,1247049.32,846630.76,17584.4,382834.16,54,2,30
580RAF1006,ESC,PC,2026,9152.91,120465.85,416853.34,57265.07,-48112.16,fmavct_kbfc,13204000.92,177878364.93,250127.83,-164924491.84,33,1,10'|11|13
3210215101,STG,11,2026,0.0,1100.76,24251.08,0.0,-25351.84,fmifiit_fmioi,0.0,0.0,0.0,0.0,0,no_ps_link,11
2210135073,STG,11,2026,0.0,117.99,79918.08,0.0,-80036.07,fmifiit_fmioi,0.0,0.0,0.0,0.0,0,no_ps_link,11
3210221081,HYD,20,2026,0.0,0.0,18466.6,0.0,-18466.6,fmifiit_fmioi,0.0,0.0,0.0,0.0,0,no_ps_link,20
182GLO4042,DCE,TC,2026,0.0,225253.4,7722150.77,2541.78,-2541.78,fmavct_kbfc,8311291.24,303892.69,224892.4,7782506.15,39,2,11|20
448INT2213,TWA,TC,2026,0.0,119523.05,10163937.9,26924.75,-26924.75,fmavct_kbfc,9115462.68,947758.72,0.0,8167703.96,39,2,20|30|40
3210316051,NDL,50,2026,0.0,53.84,0.0,0.0,-53.84,fmifiit_fmioi,0.0,0.0,0.0,0.0,0,no_ps_link,50
3230711032,CPE,20,2026,0.0,211.22,5756.74,0.0,-5967.96,fmifiit_fmioi,0.0,0.0,0.0,0.0,0,no_ps_link,20
643CSI9008,OPS,TC,2026,0.0,691709.12,3165164.65,272.22,-272.22,fmavct_kbfc,961538.47,471290.82,0.0,490247.65,3,2,10'|13|40
3230837112,QUI,20,2026,0.0,29795.43,197554.66,0.0,-227350.09,fmifiit_fmioi,0.0,0.0,0.0,0.0,0,no_ps_link,20
185GEF0006,MXC,50,2026,0.0,655.46,0.0,0.0,-655.46,fmifiit_fmioi,0.0,0.0,0.0,0.0,0,no_ps_link,50
633CRP5217,DAK,11,2026,0.0,5300.0,20600.0,0.0,-25900.0,fmifiit_fmioi,0.0,0.0,0.0,0.0,0,no_ps_link,11
633CRP1135,KNG,10',2026,60.83,6887.27,0.0,0.0,-6826.44,fmifiit_fmioi,0.0,0.0,0.0,0.0,0,no_ps_link,10'
526GLO2012,EES,PC,2026,34.18,23488.13,39894.98,112843.16,-112808.98,fmavct_kbfc,1429329.3,25671.66,0.0,1403657.64,10,2,10'|11
727RAF1002,BAM,TC,2026,1250.41,37066.86,265040.09,215567.57,-214317.16,fmavct_kbfc,501246.0,344533.03,46002.33,110710.64,46,2,10'|11|13|20|50
235GUA1003,GUC,TC,2026,2443.04,84839.91,337540.36,55359.14,-52916.1,fmavct_kbfc,1060185.0,215183.06,0.0,845001.94,49,2,10'|11|13|20|30
3210316111,CTG,10',2026,82.88,1383.35,0.0,0.0,-1300.47,fmifiit_fmioi,0.0,0.0,0.0,0.0,0,no_ps_link,10'
570MEX2001,MXC,TC,2026,8881.88,158826.78,629080.84,675.0,8206.88,fmavct_kbfc,1793988.0,455835.86,94473.72,1243678.42,29,4,10'|11|13|20|30|50
637FOR7346,POP,50,2026,0.0,6971.68,47301.13,0.0,-54272.81,fmifiit_fmioi,0.0,0.0,0.0,0.0,0,no_ps_link,50
633CRP7341,MXC,20,2026,0.0,2733.96,21967.15,0.0,-24701.11,fmifiit_fmioi,0.0,0.0,0.0,0.0,0,no_ps_link,20
A230545061,MXC,20,2026,0.0,5907.48,11675.62,0.0,-17583.1,fmifiit_fmioi,0.0,0.0,0.0,0.0,0,no_ps_link,20
3230633102,BGK,11,2026,0.0,9333.0,74664.0,0.0,-83997.0,fmifiit_fmioi,0.0,0.0,0.0,0.0,0,no_ps_link,11
3210254032,BEJ,10',2026,0.0,3323.51,0.0,0.0,-3323.51,fmifiit_fmioi,0.0,0.0,0.0,0.0,0,no_ps_link,10'
3230835071,HAN,13,2026,0.0,486.98,0.0,0.0,-486.98,fmifiit_fmioi,0.0,0.0,0.0,0.0,0,no_ps_link,13
637FOR7332,KAB,REVENUE,2026,0.0,56583.5,0.0,0.0,-56583.5,fmifiit_fmioi,0.0,0.0,0.0,0.0,0,no_ps_link,REVENUE
3210642061,NAI,11,2026,0.0,24.53,36453.22,0.0,-36477.75,fmifiit_fmioi,0.0,0.0,0.0,0.0,0,no_ps_link,11
473UKR0002,PAX,50,2026,0.0,1038.29,0.0,31511.66,-31511.66,fmavct_kbfc,259234.45,103364.82,7295.98,148573.65,1,2,50
637FOR7323,HAR,40,2026,0.0,10537.07,81878.38,0.0,-92415.45,fmifiit_fmioi,0.0,0.0,0.0,0.0,0,no_ps_link,40
520RAF1015,DAK,40,2026,0.0,2200.02,38363.18,1851.63,-1851.63,fmavct_kbfc,16399988.04,11045756.29,235652.15,5118579.6,13,2,40
520RAF1015,DAK,50,2026,0.0,4951.11,160042.38,9887.43,-9887.43,fmavct_kbfc,16399988.04,11045756.29,235652.15,5118579.6,13,2,50
3230711032,CPE,50,2026,0.0,3658.92,14240.04,0.0,-17898.96,fmifiit_fmioi,0.0,0.0,0.0,0.0,0,no_ps_link,50
2210221083,HYD,50,2026,198.83,362.46,0.0,0.0,-163.63,fmifiit_fmioi,0.0,0.0,0.0,0.0,0,no_ps_link,50
A240119011,FEL,30,2026,0.0,26027.52,63700.0,0.0,-89727.52,fmifiit_fmioi,0.0,0.0,0.0,0.0,0,no_ps_link,30
3210652131,NAI,11,2026,0.0,3.02,20532.48,0.0,-20535.5,fmifiit_fmioi,0.0,0.0,0.0,0.0,0,no_ps_link,11
A230543071,RAB,40,2026,0.0,698.21,308.9,0.0,-1007.11,fmifiit_fmioi,0.0,0.0,0.0,0.0,0,no_ps_link,40
650RER2003,VNI,TC,2026,93.8,12347.32,92589.34,315899.65,-315805.85,fmavct_kbfc,155574.0,8981.74,0.0,146592.26,7,2,10'|11|20|30
199STA4142,LHE,TC,2026,0.0,580.5,0.0,447.38,-447.38,fmavct_kbfc,246631.16,10439.73,0.0,236191.43,1,2,30
199PHY4142,LHE,TC,2026,0.0,3372.9,0.0,3845.9,-3845.9,fmavct_kbfc,289299.9,25180.04,0.0,264119.86,1,2,30
3210551152,DCE,20,2026,0.0,15365.0,261514.0,0.0,-276879.0,fmifiit_fmioi,0.0,0.0,0.0,0.0,0,no_ps_link,20
3210316121,IOC,11,2026,0.0,3379.95,163507.98,0.0,-166887.93,fmifiit_fmioi,0.0,0.0,0.0,0.0,0,no_ps_link,11
3210316031,CTG,20,2026,0.0,258.82,30594.16,0.0,-30852.98,fmifiit_fmioi,0.0,0.0,0.0,0.0,0,no_ps_link,20
567IRA2000,TEH,TC,2026,7259.8,24003.36,65853.72,14860.42,-7600.62,fmavct_kbfc,2634293.57,18945101.04,0.0,-16310807.47,14,1,10'|11|13|40|50
727CMR1005,YAO,TC,2026,10600.0,8317.96,130823.28,1013905.17,-1003305.17,fmavct_kbfc,309722.0,-9870.0,0.0,319592.0,7,2,11|13|20|40
538JOR1000,AMN,11,2026,132409.19,126355.87,1332744.76,14.57,132394.62,fmavct_kbfc,8423045.36,3769311.08,39780.0,4613954.28,5,4,11
3230833161,NAI,50,2026,0.0,1604.66,283114.79,0.0,-284719.45,fmifiit_fmioi,0.0,0.0,0.0,0.0,0,no_ps_link,50
3210316121,IOC,20,2026,0.0,32994.93,305687.28,0.0,-338682.21,fmifiit_fmioi,0.0,0.0,0.0,0.0,0,no_ps_link,20
504NOR9090,DCO,REVENUE,2026,1041460.57,0.0,0.0,0.0,1041460.57,fmifiit_fmioi,0.0,292481.97,0.0,-292481.97,1,3,REVENUE
504LEB5000,BEI,REVENUE,2026,292481.97,0.0,0.0,0.0,292481.97,fmifiit_fmioi,739289.12,-291181.97,0.0,1030471.09,15,4,REVENUE
534JOR4005,AMN,REVENUE,2026,704317.59,0.0,0.0,0.0,704317.59,fmifiit_fmioi,3640684.99,1279270.95,23745.0,2337669.04,22,4,REVENUE
526GLO1007,SDG,REVENUE,2026,145882.0,0.0,0.0,0.0,145882.0,fmifiit_fmioi,289590.0,-57306.93,0.0,346896.93,2,4,REVENUE
3210221081,HYD,11,2026,0.0,3000.0,31825.04,0.0,-34825.04,fmifiit_fmioi,0.0,0.0,0.0,0.0,0,no_ps_link,11
A230561041,DBS,50,2026,0.0,148767.23,428480.04,0.0,-577247.27,fmifiit_fmioi,0.0,0.0,0.0,0.0,0,no_ps_link,50
185GEF0006,LBV,50,2026,0.0,188.48,0.0,0.0,-188.48,fmifiit_fmioi,0.0,0.0,0.0,0.0,0,no_ps_link,50
185GEF0006,BAG,50,2026,0.0,2321.0,0.0,0.0,-2321.0,fmifiit_fmioi,0.0,0.0,0.0,0.0,0,no_ps_link,50
501RAF1002,HAR,40,2026,0.0,72451.62,1811040.86,0.0,-1883492.48,fmifiit_fmioi,14331920.45,9041369.03,122171.35,5168380.07,28,2,40
549IRQ1004,BAG,50,2026,0.0,2670.18,39628.66,37339.99,-37339.99,fmavct_kbfc,25828978.22,492130056.19,85166024.2,-551467102.17,51,1,50
549IRQ4003,BAG,50,2026,0.0,2262.66,175224.45,348789.4,-348789.4,fmavct_kbfc,23103761.31,7458616567.27,294278648.3,-7729791454.26,26,1,50
526IRQ1000,BAG,50,2026,0.0,21185.07,193142.62,211.36,-211.36,fmavct_kbfc,16700468.56,5718580237.46,178685049.81,-5880564818.71,53,1,50
259ZAM1001,HAR,TC,2026,2724.27,69125.73,84880.54,881.12,1843.15,fmavct_kbfc,2940965.72,1381636.9,0.0,1559328.82,59,4,10'|11|13|50
633TFC7323,HAR,13,2026,0.0,124932.07,0.0,0.0,-124932.07,fmifiit_fmioi,0.0,0.0,0.0,0.0,0,no_ps_link,13
513RAF2043,HAR,TC,2026,374.88,38062.46,99664.55,0.0,-137352.13,fmifiit_fmioi,464516.0,247427.08,0.0,217088.92,5,2,10'|13|20|40|50
A230542161,LBV,20,2026,0.0,20391.04,24747.32,0.0,-45138.36,fmifiit_fmioi,0.0,0.0,0.0,0.0,0,no_ps_link,20
193EWS2042,PRT,TC,2026,66.58,337.78,0.0,18884.54,-18817.96,fmavct_kbfc,630320.56,942642.69,0.0,-312322.13,1,1,10'
191EWS2042,IOC,TC,2026,0.0,20497.62,726444.6,16548.46,-16548.46,fmavct_kbfc,785402.42,174902.83,28380.0,582119.59,8,2,10'|11|20
218MOZ1003,MAP,TC,2026,3180.78,228458.01,1028570.49,0.0,-1253847.72,fmifiit_fmioi,8279309.95,6201988.18,1919631.48,157690.29,138,2,10'|13|20|30|40|50
3230833841,JUB,50,2026,0.0,5539.44,0.0,0.0,-5539.44,fmifiit_fmioi,0.0,0.0,0.0,0.0,0,no_ps_link,50
549IRQ1004,BAG,PC,2026,70276.56,396592.11,1834868.62,370.98,69905.58,fmavct_kbfc,25828978.22,492130056.19,85166024.2,-551467102.17,51,3,10'|11|13
534SUD1001,KHA,TC,2026,3003.35,148165.16,1479151.5,351232.71,-348229.36,fmavct_kbfc,1947878.94,56747608.33,122075680.8,-176875410.19,8,1,10'|11|13|20|40|50
513GLO2052,IOC,20,2026,0.0,13245.22,258992.71,0.0,-272237.93,fmifiit_fmioi,3854961.72,221107.31,0.0,3633854.41,21,2,20
633CRP7310,BEI,11,2026,0.0,5699.46,11632.74,0.0,-17332.2,fmifiit_fmioi,0.0,0.0,0.0,0.0,0,no_ps_link,11
633CRP5510,BEI,11,2026,0.0,55.82,4607.06,0.0,-4662.88,fmifiit_fmioi,0.0,0.0,0.0,0.0,0,no_ps_link,11
3310511061,CLD,50,2026,0.0,219.06,876.24,0.0,-1095.3,fmifiit_fmioi,0.0,0.0,0.0,0.0,0,no_ps_link,50
3310511061,CLD,20,2026,0.0,486.97,42585.8,0.0,-43072.77,fmifiit_fmioi,0.0,0.0,0.0,0.0,0,no_ps_link,20
3210513011,WHC,11,2026,0.0,111.64,29411.51,0.0,-29523.15,fmifiit_fmioi,0.0,0.0,0.0,0.0,0,no_ps_link,11
3210513011,WHC,10',2026,0.0,235.99,0.0,0.0,-235.99,fmifiit_fmioi,0.0,0.0,0.0,0.0,0,no_ps_link,10'
637FOR7349,RAM,40,2026,0.0,2271.46,11441.04,0.0,-13712.5,fmifiit_fmioi,0.0,0.0,0.0,0.0,0,no_ps_link,40
406NIR1000,ABU,TC,2026,0.0,30302.93,0.0,2993.72,-2993.72,fmavct_kbfc,20000.0,25083368.0,0.0,-25063368.0,1,1,20|30
3210411042,IRD,11,2026,0.0,4400.79,21017.28,0.0,-25418.07,fmifiit_fmioi,0.0,0.0,0.0,0.0,0,no_ps_link,11
257GLO1048,HAE,30,2026,0.0,702.0,0.0,130754.53,-130754.53,fmavct_kbfc,7904018.7,23170559.66,13300.0,-15279840.96,13,1,30
3230621072,BSP,50,2026,0.0,17.04,0.0,0.0,-17.04,fmifiit_fmioi,0.0,0.0,0.0,0.0,0,no_ps_link,50
3210514092,HAN,20,2026,0.0,9386.68,236333.15,0.0,-245719.83,fmifiit_fmioi,0.0,0.0,0.0,0.0,0,no_ps_link,20
A230542021,ABU,50,2026,0.0,90216.2,186345.89,0.0,-276562.09,fmifiit_fmioi,0.0,0.0,0.0,0.0,0,no_ps_link,50
549CMR4000,YAO,TC,2026,6688.97,196605.35,1011079.35,1423.56,5265.41,fmavct_kbfc,4461182.24,405328.79,25069.0,4030784.45,21,4,10'|11|13|20|30|40|50
633CRP1717,DAK,20,2026,0.0,38283.02,15192.42,0.0,-53475.44,fmifiit_fmioi,0.0,0.0,0.0,0.0,0,no_ps_link,20
263KEN3000,NAI,TC,2026,2942.07,44188.44,195230.68,1084.71,1857.36,fmavct_kbfc,775000.0,4896852.8,1138500.0,-5260352.8,67,3,10'|11|13|20|30|40|50
32101B2181,NDJ,10',2026,111.65,3390.66,0.0,0.0,-3279.01,fmifiit_fmioi,0.0,0.0,0.0,0.0,0,no_ps_link,10'
727DRC1002,KNS,PC,2026,126.37,64342.11,714832.4,25914.66,-25788.29,fmavct_kbfc,6685995.0,506337.61,10150.0,6169507.39,12,2,10'|11|13
633CRP3591,SHS,50,2026,0.0,244.76,0.0,0.0,-244.76,fmifiit_fmioi,0.0,0.0,0.0,0.0,0,no_ps_link,50
214MEX3000,MXC,TC,2026,214.77,23399.41,81454.5,0.0,-104639.14,fmifiit_fmioi,97352.02,115297.7,0.0,-17945.68,6,1,10'|13|20|40|50
637FOR7340,MTD,40,2026,0.0,2907.54,135683.24,0.0,-138590.78,fmifiit_fmioi,0.0,0.0,0.0,0.0,0,no_ps_link,40
665GLO2000,HYD,REVENUE,2026,34965.03,0.0,0.0,0.0,34965.03,fmifiit_fmioi,4750147.94,1344381.75,9361.9,3396404.29,1,4,REVENUE
408MIL5042,MIL,REVENUE,2026,518000.0,0.0,0.0,0.0,518000.0,fmifiit_fmioi,1253963.07,791604.8,15621.0,446737.27,128,4,REVENUE
408MIL5043,MIL,REVENUE,2026,518000.0,0.0,0.0,0.0,518000.0,fmifiit_fmioi,1667286.38,-385891.3,339203.84,1713973.84,119,4,REVENUE
474GLO1004,TED,REVENUE,2026,1219857.89,0.0,0.0,0.0,1219857.89,fmifiit_fmioi,7994203.68,1151022.08,7106.5,6836075.1,27,4,REVENUE
474GLO1005,TED,REVENUE,2026,1174485.16,0.0,0.0,0.0,1174485.16,fmifiit_fmioi,1165000.0,-818441.16,0.0,1983441.16,41,4,REVENUE
495GLO1049,FLI,REVENUE,2026,445881.45,0.0,0.0,0.0,445881.45,fmifiit_fmioi,1447404.64,499700.96,0.0,947703.68,2,4,REVENUE
495GLO1059,SDG,REVENUE,2026,3663367.18,0.0,0.0,0.0,3663367.18,fmifiit_fmioi,6393372.98,-3342430.0,11900.0,9723902.98,7,4,REVENUE
410GLO1042,HAE,REVENUE,2026,9195482.87,0.0,0.0,0.0,9195482.87,fmifiit_fmioi,58283891.52,272460927.4,3550744.0,-217727779.88,41,3,REVENUE
410GLO1043,HAE,REVENUE,2026,9195482.87,0.0,0.0,0.0,9195482.87,fmifiit_fmioi,32127236.88,139530900.34,288544.38,-107692207.84,37,3,REVENUE
439GLO2042,EES,REVENUE,2026,1701863.82,0.0,0.0,0.0,1701863.82,fmifiit_fmioi,3918308.64,3664987.43,4699017.57,-4445696.36,12,3,REVENUE
439GLO2043,EES,REVENUE,2026,2033007.74,0.0,0.0,0.0,2033007.74,fmifiit_fmioi,5142673.48,-694252.25,15489.82,5821435.91,23,4,REVENUE
549GRE3000,MTF,PC,2026,22903.91,85737.56,333434.21,130821.65,-107917.74,fmavct_kbfc,774945.98,75447.82,34414.0,665084.16,1,2,10'|11|13
A230546021,GLO,40,2026,0.0,7066.41,0.0,0.0,-7066.41,fmifiit_fmioi,0.0,0.0,0.0,0.0,0,no_ps_link,40
526RAS4028,WHC,TC,2026,8442.04,256941.39,292181.08,13685.18,-5243.14,fmavct_kbfc,4114936.0,-1502134.1,0.0,5617070.1,9,2,10'|11|20
3230854061,KHA,20,2026,0.0,1443.83,133500.16,0.0,-134943.99,fmifiit_fmioi,0.0,0.0,0.0,0.0,0,no_ps_link,20
633CRP7334,KHA,20,2026,0.0,9380.49,64102.29,0.0,-73482.78,fmifiit_fmioi,0.0,0.0,0.0,0.0,0,no_ps_link,20
A230543011,AMN,50,2026,0.0,7756.89,23341.44,0.0,-31098.33,fmifiit_fmioi,0.0,0.0,0.0,0.0,0,no_ps_link,50
637FOR7334,KHA,20,2026,0.0,3083.76,16910.68,0.0,-19994.44,fmifiit_fmioi,0.0,0.0,0.0,0.0,0,no_ps_link,20
3210641091,IDT,11,2026,0.0,3504.93,61029.3,0.0,-64534.23,fmifiit_fmioi,0.0,0.0,0.0,0.0,0,no_ps_link,11
3230837101,POP,50,2026,0.0,2090.03,108690.08,0.0,-110780.11,fmifiit_fmioi,0.0,0.0,0.0,0.0,0,no_ps_link,50
505RLA4000,WHC,20,2026,0.0,69069.48,602995.32,0.0,-672064.8,fmifiit_fmioi,4424648.19,2793251.65,0.0,1631396.54,36,2,20
570RLA2001,EES,10',2026,422.16,6156.91,7597.38,21585.13,-21162.97,fmavct_kbfc,11460664.48,1341798.03,30302.0,10088564.45,36,2,10'
A230544021,API,40,2026,0.0,15963.34,21189.32,0.0,-37152.66,fmifiit_fmioi,0.0,0.0,0.0,0.0,0,no_ps_link,40
3230835051,BEJ,50,2026,0.0,1688.66,163150.36,0.0,-164839.02,fmifiit_fmioi,0.0,0.0,0.0,0.0,0,no_ps_link,50
570RAS1008,BGK,20,2026,0.0,139411.0,1690817.13,39403.14,-39403.14,fmavct_kbfc,2752292.0,10427928.3,11971800.2,-19647436.5,6,1,20
3230835081,ISB,40,2026,0.0,75.01,688921.7,0.0,-688996.71,fmifiit_fmioi,0.0,0.0,0.0,0.0,0,no_ps_link,40
3230835051,BEJ,13,2026,0.0,1972.58,0.0,0.0,-1972.58,fmifiit_fmioi,0.0,0.0,0.0,0.0,0,no_ps_link,13
2210654021,BEJ,50,2026,0.0,5.16,83.46,0.0,-88.62,fmifiit_fmioi,0.0,0.0,0.0,0.0,0,no_ps_link,50
2210554032,BEJ,50,2026,0.0,6.57,0.0,0.0,-6.57,fmifiit_fmioi,0.0,0.0,0.0,0.0,0,no_ps_link,50
633CRP4128,ISB,20,2026,0.0,563.95,3586.06,0.0,-4150.01,fmifiit_fmioi,0.0,0.0,0.0,0.0,0,no_ps_link,20
526MAG2000,NAI,10',2026,169.0,14770.44,0.0,374.0,-205.0,fmavct_kbfc,6212086.17,17039527.48,0.0,-10827441.31,44,1,10'
633CRP4142,NAI,10',2026,105.91,4311.26,0.0,0.0,-4205.35,fmifiit_fmioi,0.0,0.0,0.0,0.0,0,no_ps_link,10'
32101D2031,NAI,10',2026,0.0,1215.84,0.0,0.0,-1215.84,fmifiit_fmioi,0.0,0.0,0.0,0.0,0,no_ps_link,10'
3210422041,NAI,10',2026,0.0,711.36,0.0,0.0,-711.36,fmifiit_fmioi,0.0,0.0,0.0,0.0,0,no_ps_link,10'
633CRP1442,NAI,10',2026,268.12,1560.68,0.0,0.0,-1292.56,fmifiit_fmioi,0.0,0.0,0.0,0.0,0,no_ps_link,10'
549RAF2004,NAI,TC,2026,3.55,36743.28,41693.85,60873.36,-60869.81,fmavct_kbfc,1429008.2,3663144.52,0.0,-2234136.32,35,1,10'|13|20|30|50
3210582141,NAI,10',2026,91.08,4474.0,0.0,0.0,-4382.92,fmifiit_fmioi,0.0,0.0,0.0,0.0,0,no_ps_link,10'
526RAS1036,BGK,20,2026,0.0,24000.0,319472.7,16787.0,-16787.0,fmavct_kbfc,1625915.0,1188970.74,0.0,436944.26,7,2,20
501RAF1002,HAR,20,2026,0.0,24239.73,4211201.98,0.0,-4235441.71,fmifiit_fmioi,14331920.45,9041369.03,122171.35,5168380.07,28,2,20
526RAF1007,PLS,20,2026,10518.82,522315.69,4356263.83,43305.0,-32786.18,fmavct_kbfc,16590387.48,74369545.51,16032901.17,-73812059.2,60,1,20
3230835051,BEJ,40,2026,0.0,54.45,663338.54,0.0,-663392.99,fmifiit_fmioi,0.0,0.0,0.0,0.0,0,no_ps_link,40
456GLO4042,MHM,TC,2026,5669.0,3600.0,14158.34,24740.79,-19071.79,fmavct_kbfc,27807.0,175699.77,0.0,-147892.77,6,1,11|13
632HQF9000,CLD,REVENUE,2026,446805.73,2021326.59,0.0,0.0,-1574520.86,fmifiit_fmioi,0.0,0.0,0.0,0.0,0,no_ps_link,REVENUE
3230321011,AFR,50,2026,526.83,0.0,0.0,0.0,526.83,fmifiit_fmioi,0.0,0.0,0.0,0.0,0,no_ps_link,50
3210411052,IRD,20,2026,40683.57,1059.58,8806.52,0.0,30817.47,fmifiit_fmioi,0.0,0.0,0.0,0.0,0,no_ps_link,20
2230835052,BEJ,20,2026,0.0,1234.25,4834.19,0.0,-6068.44,fmifiit_fmioi,0.0,0.0,0.0,0.0,0,no_ps_link,20
2210521022,MHM,50,2026,531.76,0.0,0.0,0.0,531.76,fmifiit_fmioi,0.0,0.0,0.0,0.0,0,no_ps_link,50
635SAD9001,CLD,REVENUE,2026,133825.2,0.0,0.0,0.0,133825.2,fmifiit_fmioi,0.0,0.0,0.0,0.0,0,no_ps_link,REVENUE
498GLO4000,ICD,50,2026,19174.41,2838.92,4391.1,0.0,11944.39,fmifiit_fmioi,672270.29,-378727.3,0.0,1050997.59,4,4,50
635SAD9002,CLD,REVENUE,2026,311123.74,21542.57,0.0,0.0,289581.17,fmifiit_fmioi,0.0,0.0,0.0,0.0,0,no_ps_link,REVENUE
549IRE1000,TED,50,2026,1914.38,0.0,0.0,159790.25,-157875.87,fmavct_kbfc,566848.26,-104089.97,3500.0,667438.23,1,2,50
580GLO0003,CPE,50,2026,14756.41,10712.27,359158.76,4823.7,9932.71,fmavct_kbfc,10891335.44,760046.01,100.0,10131189.43,8,4,50
3210511111,MON,10',2026,0.0,242.35,0.0,0.0,-242.35,fmifiit_fmioi,0.0,0.0,0.0,0.0,0,no_ps_link,10'
633CRP7313,BRU,10',2026,8.45,928.47,0.0,0.0,-920.02,fmifiit_fmioi,0.0,0.0,0.0,0.0,0,no_ps_link,10'
3230511071,NAI,50,2026,0.0,465.2,0.0,0.0,-465.2,fmifiit_fmioi,0.0,0.0,0.0,0.0,0,no_ps_link,50
3230833061,ADI,50,2026,0.0,348.03,59382.18,0.0,-59730.21,fmifiit_fmioi,0.0,0.0,0.0,0.0,0,no_ps_link,50
534IRQ1002,BAG,50,2026,0.0,30814.07,355651.84,191189.45,-191189.45,fmavct_kbfc,3660987.92,7198661404.98,0.0,-7195000417.06,5,1,50
3230511071,NAI,LOSS,2026,0.0,232.6,0.0,0.0,-232.6,fmifiit_fmioi,0.0,0.0,0.0,0.0,0,no_ps_link,LOSS
567UKR5001,FEJ,TC,2026,542.58,18346.63,162430.5,4976.6,-4434.02,fmavct_kbfc,9287967.0,308605.12,0.0,8979361.88,19,2,10'|11|40
199OTH4142,LHE,TC,2026,1033.63,33489.47,838983.78,0.0,-871439.62,fmifiit_fmioi,2551626.65,200112.2,11000.0,2340514.45,3,2,10'|11|20|30
637FOR7319,DHA,REVENUE,2026,0.0,1762.61,0.0,0.0,-1762.61,fmifiit_fmioi,0.0,0.0,0.0,0.0,0,no_ps_link,REVENUE
3210541021,LHE,10',2026,430.55,5976.43,0.0,0.0,-5545.88,fmifiit_fmioi,0.0,0.0,0.0,0.0,0,no_ps_link,10'
3230834031,CAI,40,2026,0.0,11567.12,116648.38,0.0,-128215.5,fmifiit_fmioi,0.0,0.0,0.0,0.0,0,no_ps_link,40
469GLO5002,FED,REVENUE,2026,6993.01,0.0,0.0,0.0,6993.01,fmifiit_fmioi,114542.55,-6000.0,0.0,120542.55,1,4,REVENUE
635SAD9004,CLD,REVENUE,2026,123113.96,2363.32,0.0,0.0,120750.64,fmifiit_fmioi,0.0,0.0,0.0,0.0,0,no_ps_link,REVENUE
A210312011,IOC,10',2026,227.64,7805.48,0.0,0.0,-7577.84,fmifiit_fmioi,0.0,0.0,0.0,0.0,0,no_ps_link,10'
637FOR9001,ERI,REVENUE,2026,13842.97,13777.99,0.0,0.0,64.98,fmifiit_fmioi,0.0,0.0,0.0,0.0,0,no_ps_link,REVENUE
A2106C1011,HEQ,10',2026,521.38,70037.99,0.0,0.0,-69516.61,fmifiit_fmioi,0.0,0.0,0.0,0.0,0,no_ps_link,10'
A2102C1011,HEQ,10',2026,1380.83,79870.19,0.0,0.0,-78489.36,fmifiit_fmioi,0.0,0.0,0.0,0.0,0,no_ps_link,10'
A210521021,WHC,10',2026,418.04,586.08,0.0,0.0,-168.04,fmifiit_fmioi,0.0,0.0,0.0,0.0,0,no_ps_link,10'
633CRP7308,BAG,10',2026,421.9,5534.79,0.0,0.0,-5112.89,fmifiit_fmioi,0.0,0.0,0.0,0.0,0,no_ps_link,10'
3210316101,IOC,50,2026,35.05,0.0,0.0,0.0,35.05,fmifiit_fmioi,0.0,0.0,0.0,0.0,0,no_ps_link,50
3210316101,IOC,40,2026,157.26,0.0,89894.57,0.0,-89737.31,fmifiit_fmioi,0.0,0.0,0.0,0.0,0,no_ps_link,40
635SAD9003,CLD,REVENUE,2026,66573.4,359.36,0.0,0.0,66214.04,fmifiit_fmioi,0.0,0.0,0.0,0.0,0,no_ps_link,REVENUE
3110111101,SCX,50,2026,93.1,0.0,0.0,0.0,93.1,fmifiit_fmioi,0.0,0.0,0.0,0.0,0,no_ps_link,50
3310511011,CLD,40,2026,615.78,0.0,37617.88,0.0,-37002.1,fmifiit_fmioi,0.0,0.0,0.0,0.0,0,no_ps_link,40
680ADM3103,AEO,40,2026,252.18,0.0,66780.64,0.0,-66528.46,fmifiit_fmioi,0.0,0.0,0.0,0.0,0,no_ps_link,40
549RER3003,BIO,TC,2026,2333.16,1128.98,13109.56,5576.41,-3243.25,fmavct_kbfc,1209811.56,92726.81,0.0,1117084.75,4,2,30|40|50
526GLO2004,HYD,50,2026,1335.79,0.0,191.48,59416.67,-58080.88,fmavct_kbfc,2915485.78,46995087.95,6776548.0,-50856150.17,20,1,50
213INT2004,HYD,50,2026,17786.48,20497.02,0.0,646.99,17139.49,fmavct_kbfc,8195161.24,2013576.31,12518.58,6169066.35,98,4,50
469GLO2002,BES,50,2026,477.45,300013.58,721.98,20110.16,-19632.71,fmavct_kbfc,2568467.98,481508.89,3020.0,2083939.09,1,2,50
633CRP1491,HED,50,2026,56.78,355.91,0.0,0.0,-299.13,fmifiit_fmioi,0.0,0.0,0.0,0.0,0,no_ps_link,50
3210631031,IEO,40,2026,2243.93,0.0,34500.92,0.0,-32256.99,fmifiit_fmioi,0.0,0.0,0.0,0.0,0,no_ps_link,40
3210511051,WHC,50,2026,193.87,0.0,0.0,0.0,193.87,fmifiit_fmioi,0.0,0.0,0.0,0.0,0,no_ps_link,50
406GLO2050,LIN,TC,2026,4118.19,0.0,0.0,19538.39,-15420.2,fmavct_kbfc,93458.0,55286.18,0.0,38171.82,1,2,50
3230211041,COR,40,2026,2083.02,492.0,8705.0,0.0,-7113.98,fmifiit_fmioi,0.0,0.0,0.0,0.0,0,no_ps_link,40
680HRM3117,HRM,40,2026,1151.67,0.0,108285.36,0.0,-107133.69,fmifiit_fmioi,0.0,0.0,0.0,0.0,0,no_ps_link,40
3310611071,OPS,40,2026,643.39,0.0,71519.34,0.0,-70875.95,fmifiit_fmioi,0.0,0.0,0.0,0.0,0,no_ps_link,40
3230511011,GEN,50,2026,4832.42,0.0,1930.16,0.0,2902.26,fmifiit_fmioi,0.0,0.0,0.0,0.0,0,no_ps_link,50
3310714011,SSM,50,2026,4180.72,0.0,1037.72,0.0,3143.0,fmifiit_fmioi,0.0,0.0,0.0,0.0,0,no_ps_link,50
680HRM3117,HRM,50,2026,593.12,462.43,0.0,0.0,130.69,fmifiit_fmioi,0.0,0.0,0.0,0.0,0,no_ps_link,50
680BFM3102,BFM,50,2026,496.74,0.0,0.0,0.0,496.74,fmifiit_fmioi,0.0,0.0,0.0,0.0,0,no_ps_link,50
3310611071,OPS,50,2026,1476.84,0.0,0.0,0.0,1476.84,fmifiit_fmioi,0.0,0.0,0.0,0.0,0,no_ps_link,50
3230211041,COR,50,2026,524.65,0.0,0.0,0.0,524.65,fmifiit_fmioi,0.0,0.0,0.0,0.0,0,no_ps_link,50
3210241031,SCI,50,2026,59.15,0.0,2644.54,0.0,-2585.39,fmifiit_fmioi,0.0,0.0,0.0,0.0,0,no_ps_link,50
3210151061,OPC,40,2026,1199.84,0.0,109.52,0.0,1090.32,fmifiit_fmioi,0.0,0.0,0.0,0.0,0,no_ps_link,40
3210411071,OPC,40,2026,4400.73,0.0,8564.62,0.0,-4163.89,fmifiit_fmioi,0.0,0.0,0.0,0.0,0,no_ps_link,40
680BFM3102,BFM,40,2026,209.98,173.67,39008.7,0.0,-38972.39,fmifiit_fmioi,0.0,0.0,0.0,0.0,0,no_ps_link,40
3310714011,SSM,40,2026,375.59,0.0,2828.44,0.0,-2452.85,fmifiit_fmioi,0.0,0.0,0.0,0.0,0,no_ps_link,40
680LAL3101,LAL,40,2026,235.66,0.0,13465.66,0.0,-13230.0,fmifiit_fmioi,0.0,0.0,0.0,0.0,0,no_ps_link,40
3230511011,GEN,40,2026,3415.23,0.0,26887.52,0.0,-23472.29,fmifiit_fmioi,0.0,0.0,0.0,0.0,0,no_ps_link,40
680ETH3101,ETH,40,2026,3.79,0.0,14443.26,0.0,-14439.47,fmifiit_fmioi,0.0,0.0,0.0,0.0,0,no_ps_link,40
680DIG3101,CAB,40,2026,528.58,0.0,33371.84,0.0,-32843.26,fmifiit_fmioi,0.0,0.0,0.0,0.0,0,no_ps_link,40
3210641081,UAI,50,2026,134.37,0.0,0.0,0.0,134.37,fmifiit_fmioi,0.0,0.0,0.0,0.0,0,no_ps_link,50
3210641071,UAI,50,2026,611.69,0.0,0.0,0.0,611.69,fmifiit_fmioi,0.0,0.0,0.0,0.0,0,no_ps_link,50
3210631031,IEO,50,2026,2542.65,0.0,0.0,0.0,2542.65,fmifiit_fmioi,0.0,0.0,0.0,0.0,0,no_ps_link,50
633CRP5490,DHE,50,2026,107.51,0.0,0.0,0.0,107.51,fmifiit_fmioi,0.0,0.0,0.0,0.0,0,no_ps_link,50
3210141022,YLS,10',2026,0.0,1181.84,0.0,0.0,-1181.84,fmifiit_fmioi,0.0,0.0,0.0,0.0,0,no_ps_link,10'
3210531091,CEO,40,2026,1784.42,0.0,0.0,0.0,1784.42,fmifiit_fmioi,0.0,0.0,0.0,0.0,0,no_ps_link,40
RAS0122395,ATA,PC,2026,1581.94,182686.33,1597222.64,3456.67,-1874.73,fmavct_kbfc,14462278.35,116058916.4,155317.0,-101751955.05,44,1,10'|11|13
3230853061,BRV,20,2026,0.0,289.5,197985.24,0.0,-198274.74,fmifiit_fmioi,0.0,0.0,0.0,0.0,0,no_ps_link,20
527RAF4000,WHC,30,2026,0.0,13071.33,0.0,2644124.22,-2644124.22,fmavct_kbfc,1125443.76,38214690.45,2232500.48,-39321747.17,55,1,30
3230833801,BRV,20,2026,0.0,38488.2,38189.78,0.0,-76677.98,fmifiit_fmioi,0.0,0.0,0.0,0.0,0,no_ps_link,20
A230542071,BRV,20,2026,0.0,4384.99,20594.41,0.0,-24979.4,fmifiit_fmioi,0.0,0.0,0.0,0.0,0,no_ps_link,20
3230833081,BRV,50,2026,106.24,931.82,121375.26,0.0,-122200.84,fmifiit_fmioi,0.0,0.0,0.0,0.0,0,no_ps_link,50
3210512191,BRV,50,2026,0.0,30.41,965.16,0.0,-995.57,fmifiit_fmioi,0.0,0.0,0.0,0.0,0,no_ps_link,50
3210522161,BRV,50,2026,0.0,30.41,965.08,0.0,-995.49,fmifiit_fmioi,0.0,0.0,0.0,0.0,0,no_ps_link,50
3210542171,BRV,50,2026,0.0,30.41,965.08,0.0,-995.49,fmifiit_fmioi,0.0,0.0,0.0,0.0,0,no_ps_link,50
3210552141,BRV,50,2026,0.0,30.41,965.16,0.0,-995.57,fmifiit_fmioi,0.0,0.0,0.0,0.0,0,no_ps_link,50
A230545111,VOC,40,2026,0.0,3072.06,4193.76,0.0,-7265.82,fmifiit_fmioi,0.0,0.0,0.0,0.0,0,no_ps_link,40
526GLO2004,HYD,11,2026,0.0,38492.41,187074.43,3084.07,-3084.07,fmavct_kbfc,2915485.78,46995087.95,6776548.0,-50856150.17,20,1,11
633CRP7358,YAO,40,2026,0.0,1223.3,12169.86,0.0,-13393.16,fmifiit_fmioi,0.0,0.0,0.0,0.0,0,no_ps_link,40
570TUN4001,RAB,20,2026,0.0,16941.06,161445.88,3155.41,-3155.41,fmavct_kbfc,275229.0,128126.77,410.0,146692.23,1,2,20
185GEF0006,ABU,50,2026,0.0,1.68,0.0,0.0,-1.68,fmifiit_fmioi,0.0,0.0,0.0,0.0,0,no_ps_link,50
185GEF0006,VOC,50,2026,0.0,1794.7,0.0,0.0,-1794.7,fmifiit_fmioi,0.0,0.0,0.0,0.0,0,no_ps_link,50
3210542031,WIN,20,2026,0.0,1248.0,13597.46,0.0,-14845.46,fmifiit_fmioi,0.0,0.0,0.0,0.0,0,no_ps_link,20
A230161021,HEQ,11,2026,15644.75,2901244.62,0.0,0.0,-2885599.87,fmifiit_fmioi,0.0,0.0,0.0,0.0,0,no_ps_link,11
507GLO1041,UNE,PC,2026,0.0,2500.0,27000.0,3736.0,-3736.0,fmavct_kbfc,92346.93,-96145.0,0.0,188491.93,1,2,11
3230851011,SSM,20,2026,0.0,75.0,98317.34,0.0,-98392.34,fmifiit_fmioi,0.0,0.0,0.0,0.0,0,no_ps_link,20
3230851011,SSM,40,2026,0.0,4812.48,19249.92,0.0,-24062.4,fmifiit_fmioi,0.0,0.0,0.0,0.0,0,no_ps_link,40
633CRP7310,BEI,13,2026,0.0,18660.15,0.0,0.0,-18660.15,fmifiit_fmioi,0.0,0.0,0.0,0.0,0,no_ps_link,13
633CRP4658,YAO,10',2026,246.6,10792.86,0.0,0.0,-10546.26,fmifiit_fmioi,0.0,0.0,0.0,0.0,0,no_ps_link,10'
185GEF0006,QUI,50,2026,0.0,3655.94,0.0,0.0,-3655.94,fmifiit_fmioi,0.0,0.0,0.0,0.0,0,no_ps_link,50
3230841851,MDE,11,2026,0.0,26751.38,81506.04,0.0,-108257.42,fmifiit_fmioi,0.0,0.0,0.0,0.0,0,no_ps_link,11
3210511111,MON,GAINS,2026,0.0,105.72,0.0,0.0,-105.72,fmifiit_fmioi,0.0,0.0,0.0,0.0,0,no_ps_link,GAINS
213GLO2018,IOC,PC,2026,0.0,6236.0,0.0,1660.72,-1660.72,fmavct_kbfc,1215556.0,24956.8,0.0,1190599.2,34,2,10'
808GER9090,DCO,REVENUE,2026,756528.0,21188.02,0.0,0.0,735339.98,fmifiit_fmioi,0.0,-163691.3,0.0,163691.3,1,4,REVENUE
808GLO2002,HYD,REVENUE,2026,91525.0,0.0,0.0,0.0,91525.0,fmifiit_fmioi,148338.64,-48686.18,0.0,197024.82,1,4,REVENUE
473SYR9001,BSP,REVENUE,2026,641373.0,0.0,0.0,0.0,641373.0,fmifiit_fmioi,0.0,641373.0,0.0,-641373.0,1,3,REVENUE
473SYR4001,EPR,REVENUE,2026,641373.0,0.0,0.0,0.0,641373.0,fmifiit_fmioi,1798242.06,-636332.0,17250.0,2417324.06,10,4,REVENUE
428GLO2042,EES,REVENUE,2026,120000.0,0.0,0.0,0.0,120000.0,fmifiit_fmioi,926515.12,231779.35,0.0,694735.77,4,4,REVENUE
529AUS9000,BFM,REVENUE,2026,450209.57,0.0,0.0,0.0,450209.57,fmifiit_fmioi,0.0,173357.57,0.0,-173357.57,1,3,REVENUE
196EAR4043,WHC,REVENUE,2026,13053420.23,0.0,0.0,0.0,13053420.23,fmifiit_fmioi,8535922.58,-12482883.45,133348.35,20885457.68,128,4,REVENUE
507GLO1042,UNE,REVENUE,2026,979020.98,4333.08,0.0,0.0,974687.9,fmifiit_fmioi,1151874.5,-818869.4,5000.0,1965743.9,1,4,REVENUE
498GLO4000,ICD,20,2026,6691.86,2444.84,114112.41,0.0,-109865.39,fmifiit_fmioi,672270.29,-378727.3,0.0,1050997.59,4,2,20
RER0115716,VNI,PC,2026,9.51,254943.21,1502370.1,3404.17,-3394.66,fmavct_kbfc,10552473.9,205967.28,1023.0,10345483.62,47,2,10'|11|13
511IES5515,IES,50,2026,260.5,12214.04,26438.7,0.0,-38392.24,fmifiit_fmioi,0.0,0.0,0.0,0.0,0,no_ps_link,50
A230545071,MTD,50,2026,0.0,4936.81,5751.23,0.0,-10688.04,fmifiit_fmioi,0.0,0.0,0.0,0.0,0,no_ps_link,50
680DIG4101,CAB,10',2026,463.58,2872.58,0.0,0.0,-2409.0,fmifiit_fmioi,0.0,0.0,0.0,0.0,0,no_ps_link,10'
938MOR4004,RAB,20,2026,0.0,102364.89,1994593.05,187989.32,-187989.32,fmavct_kbfc,1928331.7,2790175.5,250290.62,-1112134.42,1,1,20
3230857121,MTD,20,2026,0.0,3008.46,113541.9,0.0,-116550.36,fmifiit_fmioi,0.0,0.0,0.0,0.0,0,no_ps_link,20
3210313031,BRI,10',2026,0.0,1651.17,0.0,0.0,-1651.17,fmifiit_fmioi,0.0,0.0,0.0,0.0,0,no_ps_link,10'
3210314051,IOC,10',2026,0.0,1524.85,0.0,0.0,-1524.85,fmifiit_fmioi,0.0,0.0,0.0,0.0,0,no_ps_link,10'
191EWS2043,IOC,TC,2026,11934.85,89028.61,178091.22,118.24,11816.61,fmavct_kbfc,1317012.6,110479.99,4475.0,1202057.61,8,4,10'|11|13|20|30|40|50
A230545071,MTD,40,2026,0.0,9923.95,43447.34,0.0,-53371.29,fmifiit_fmioi,0.0,0.0,0.0,0.0,0,no_ps_link,40
633CRP1151,STG,10',2026,164.0,79.53,0.0,0.0,84.47,fmifiit_fmioi,0.0,0.0,0.0,0.0,0,no_ps_link,10'
633CRP1151,STG,13,2026,0.0,7951.95,0.0,0.0,-7951.95,fmifiit_fmioi,0.0,0.0,0.0,0.0,0,no_ps_link,13
633CRP1651,STG,10',2026,95.91,6503.08,0.0,0.0,-6407.17,fmifiit_fmioi,0.0,0.0,0.0,0.0,0,no_ps_link,10'
633CRP1651,STG,13,2026,2264.33,59461.95,0.0,0.0,-57197.62,fmifiit_fmioi,0.0,0.0,0.0,0.0,0,no_ps_link,13
633CRP1851,STG,10',2026,0.0,71.57,0.0,0.0,-71.57,fmifiit_fmioi,0.0,0.0,0.0,0.0,0,no_ps_link,10'
633CRP1851,STG,13,2026,0.0,7156.75,0.0,0.0,-7156.75,fmifiit_fmioi,0.0,0.0,0.0,0.0,0,no_ps_link,13
633CRP7351,STG,10',2026,227.98,2061.7,0.0,0.0,-1833.72,fmifiit_fmioi,0.0,0.0,0.0,0.0,0,no_ps_link,10'
633CRP7351,STG,13,2026,4690.26,10287.61,0.0,0.0,-5597.35,fmifiit_fmioi,0.0,0.0,0.0,0.0,0,no_ps_link,13
580INT1000,EDU,PC,2026,375615.21,122693.59,388721.04,35348.24,340266.97,fmavct_kbfc,4580634.09,1675760.88,932451.66,1972421.55,13,4,10'|11|13
580GLO4003,BEJ,TC,2026,17662.53,8103.89,9940.0,2227.43,15435.1,fmavct_kbfc,229733.37,22108.65,0.0,207624.72,7,4,10'|11|13|20|50
A230544041,BEJ,10',2026,0.0,291.41,0.0,0.0,-291.41,fmifiit_fmioi,0.0,0.0,0.0,0.0,0,no_ps_link,10'
A230544041,BEJ,13,2026,0.0,37400.27,0.0,0.0,-37400.27,fmifiit_fmioi,0.0,0.0,0.0,0.0,0,no_ps_link,13
2210224043,BEJ,10',2026,0.0,155.83,0.0,0.0,-155.83,fmifiit_fmioi,0.0,0.0,0.0,0.0,0,no_ps_link,10'
2210224043,BEJ,13,2026,0.0,15583.99,0.0,0.0,-15583.99,fmifiit_fmioi,0.0,0.0,0.0,0.0,0,no_ps_link,13
2210424023,BEJ,10',2026,0.0,77.62,0.0,0.0,-77.62,fmifiit_fmioi,0.0,0.0,0.0,0.0,0,no_ps_link,10'
2210424023,BEJ,13,2026,0.0,7761.57,0.0,0.0,-7761.57,fmifiit_fmioi,0.0,0.0,0.0,0.0,0,no_ps_link,13
2210654021,BEJ,10',2026,0.0,156.99,0.0,0.0,-156.99,fmifiit_fmioi,0.0,0.0,0.0,0.0,0,no_ps_link,10'
2210654021,BEJ,13,2026,0.0,15699.87,0.0,0.0,-15699.87,fmifiit_fmioi,0.0,0.0,0.0,0.0,0,no_ps_link,13
2230862011,BEJ,10',2026,0.0,82.17,0.0,0.0,-82.17,fmifiit_fmioi,0.0,0.0,0.0,0.0,0,no_ps_link,10'
2230862011,BEJ,13,2026,0.0,8677.14,0.0,0.0,-8677.14,fmifiit_fmioi,0.0,0.0,0.0,0.0,0,no_ps_link,13
3210514012,BEJ,10',2026,0.0,92.82,0.0,0.0,-92.82,fmifiit_fmioi,0.0,0.0,0.0,0.0,0,no_ps_link,10'
3210514012,BEJ,13,2026,0.0,9282.24,0.0,0.0,-9282.24,fmifiit_fmioi,0.0,0.0,0.0,0.0,0,no_ps_link,13
3210534012,BEJ,10',2026,0.0,62.33,0.0,0.0,-62.33,fmifiit_fmioi,0.0,0.0,0.0,0.0,0,no_ps_link,10'
3210534012,BEJ,13,2026,0.0,6233.61,0.0,0.0,-6233.61,fmifiit_fmioi,0.0,0.0,0.0,0.0,0,no_ps_link,13
A230545121,SJO,10',2026,0.0,109.26,0.0,0.0,-109.26,fmifiit_fmioi,0.0,0.0,0.0,0.0,0,no_ps_link,10'
A230545121,SJO,13,2026,0.0,10925.64,0.0,0.0,-10925.64,fmifiit_fmioi,0.0,0.0,0.0,0.0,0,no_ps_link,13
633CRP7350,SJO,13,2026,0.0,25832.45,0.0,0.0,-25832.45,fmifiit_fmioi,0.0,0.0,0.0,0.0,0,no_ps_link,13
3210551141,CEO,10',2026,7.5,4641.04,0.0,0.0,-4633.54,fmifiit_fmioi,0.0,0.0,0.0,0.0,0,no_ps_link,10'
3210551141,CEO,13,2026,0.0,22000.14,0.0,0.0,-22000.14,fmifiit_fmioi,0.0,0.0,0.0,0.0,0,no_ps_link,13
3210551141,CEO,50,2026,0.0,153.51,0.0,0.0,-153.51,fmifiit_fmioi,0.0,0.0,0.0,0.0,0,no_ps_link,50
A230545131,STD,10',2026,0.0,47.35,0.0,0.0,-47.35,fmifiit_fmioi,0.0,0.0,0.0,0.0,0,no_ps_link,10'
A230545131,STD,13,2026,0.0,4733.77,0.0,0.0,-4733.77,fmifiit_fmioi,0.0,0.0,0.0,0.0,0,no_ps_link,13
A230545131,STD,50,2026,0.0,137.04,0.0,0.0,-137.04,fmifiit_fmioi,0.0,0.0,0.0,0.0,0,no_ps_link,50
3210221161,HYD,10',2026,112.48,5585.79,0.0,0.0,-5473.31,fmifiit_fmioi,0.0,0.0,0.0,0.0,0,no_ps_link,10'
3210221161,HYD,13,2026,0.0,11571.28,0.0,0.0,-11571.28,fmifiit_fmioi,0.0,0.0,0.0,0.0,0,no_ps_link,13
3210241041,PBS,10',2026,0.0,848.19,0.0,0.0,-848.19,fmifiit_fmioi,0.0,0.0,0.0,0.0,0,no_ps_link,10'
3210241041,PBS,13,2026,2251.16,31486.32,0.0,0.0,-29235.16,fmifiit_fmioi,0.0,0.0,0.0,0.0,0,no_ps_link,13
3210411101,SHS,13,2026,0.0,2108.02,0.0,0.0,-2108.02,fmifiit_fmioi,0.0,0.0,0.0,0.0,0,no_ps_link,13
3210411101,SHS,10',2026,0.0,584.37,0.0,0.0,-584.37,fmifiit_fmioi,0.0,0.0,0.0,0.0,0,no_ps_link,10'
3210451051,SHS,10',2026,355.01,995.42,0.0,0.0,-640.41,fmifiit_fmioi,0.0,0.0,0.0,0.0,0,no_ps_link,10'
3210451051,SHS,13,2026,0.0,25538.77,0.0,0.0,-25538.77,fmifiit_fmioi,0.0,0.0,0.0,0.0,0,no_ps_link,13
3210551121,MON,10',2026,0.0,792.15,0.0,0.0,-792.15,fmifiit_fmioi,0.0,0.0,0.0,0.0,0,no_ps_link,10'
3210551121,MON,13,2026,0.0,10824.46,0.0,0.0,-10824.46,fmifiit_fmioi,0.0,0.0,0.0,0.0,0,no_ps_link,13
309INT1010,PEQ,10',2026,141.67,2829.48,0.0,0.0,-2687.81,fmifiit_fmioi,821439.23,68310.67,6.0,753122.56,2,2,10'
309INT1010,PEQ,13,2026,0.0,25315.28,0.0,1000.0,-1000.0,fmavct_kbfc,821439.23,68310.67,6.0,753122.56,2,2,13
441GLO0056,CRP,PC,2026,0.0,76603.96,89253.56,32758.96,-32758.96,fmavct_kbfc,1001467.8,296182.28,0.0,705285.52,2,2,10'|11|13
454USL9001,USL,10',2026,0.0,38021.36,0.0,0.0,-38021.36,fmifiit_fmioi,0.0,-35582.8,0.0,35582.8,1,2,10'
454USL9001,USL,13,2026,0.0,237186.78,0.0,0.0,-237186.78,fmifiit_fmioi,0.0,-35582.8,0.0,35582.8,1,2,13
650RER0002,VNI,10',2026,0.0,8860.41,0.0,207858.15,-207858.15,fmavct_kbfc,1858088.39,261824.7,0.0,1596263.69,3,2,10'
650RER0002,VNI,13,2026,0.0,72860.09,0.0,31.12,-31.12,fmavct_kbfc,1858088.39,261824.7,0.0,1596263.69,3,2,13
213INT2004,HYD,13,2026,31300.6,35796.54,0.0,586.0,30714.6,fmavct_kbfc,8195161.24,2013576.31,12518.58,6169066.35,98,4,13
525GLO1003,IPS,PC,2026,2381.64,89249.88,234421.02,1222.5,1159.14,fmavct_kbfc,2861345.24,324997.19,8000.0,2528348.05,10,4,10'|11|13
513GLO2050,HYD,PC,2026,4579.42,44951.24,122074.54,0.0,-162446.36,fmifiit_fmioi,1794774.47,86527.5,5320.0,1702926.97,12,2,10'|11|13
546GLO2009,SCI,10',2026,0.0,220.95,0.0,0.0,-220.95,fmifiit_fmioi,1181331.72,412715.67,344.67,768271.38,6,2,10'
546GLO2009,SCI,13,2026,0.0,22093.05,0.0,0.12,-0.12,fmavct_kbfc,1181331.72,412715.67,344.67,768271.38,6,2,13
570GLO2030,VNI,PC,2026,37.8,161172.83,1003207.52,11359.32,-11321.52,fmavct_kbfc,11767056.68,-808671.55,650.0,12575078.23,22,2,10'|11|13
537RAF4004,LHE,PC,2026,18808.64,87378.27,185876.0,512.4,18296.24,fmavct_kbfc,804112.63,179464.29,128.37,624519.97,6,4,10'|11|13
549IRE1000,TED,PC,2026,26243.32,92283.36,493494.32,695.11,25548.21,fmavct_kbfc,566848.26,-104089.97,3500.0,667438.23,1,4,10'|11|13
570GLO2034,VNI,TC,2026,1990.11,58766.12,63556.34,40060.57,-38070.46,fmavct_kbfc,655853.0,-22037.61,0.0,677890.61,16,2,10'|11|13|20
570GLO2035,IOC,TC,2026,5448.94,68491.21,18000.0,244.68,5204.26,fmavct_kbfc,858684.0,54111.63,0.0,804572.37,16,4,10'|11|13
560GLO0001,DBS,TC,2026,20721.39,187886.73,367238.41,15326.89,5394.5,fmavct_kbfc,10892174.0,90641.98,79751.09,10721780.93,6,4,10'|11|13|40|50
199PER4143,LHE,TC,2026,0.0,42855.4,0.0,25289.57,-25289.57,fmavct_kbfc,58500.0,-120569.07,0.0,179069.07,1,2,10'|11|13
196EAR4043,WHC,TC,2026,1022.87,814950.43,983138.11,27759.91,-26737.04,fmavct_kbfc,8535922.58,-12482883.45,133348.35,20885457.68,128,2,10'|11|13|20|30|40|50
181GLO3043,ATD,TC,2026,18062.57,290552.5,0.0,0.0,-272489.93,fmifiit_fmioi,2519265.0,161910.64,0.0,2357354.36,33,2,10'|11|13|20|50
191OSD2043,IOC,TC,2026,59.0,205130.95,130203.52,361.03,-302.03,fmavct_kbfc,2103462.31,781127.01,579.0,1321756.3,20,2,10'|11|13|20|30|40|50
495GLO1059,SDG,TC,2026,72319.08,438231.82,345643.37,11585.27,60733.81,fmavct_kbfc,6393372.98,-3342430.0,11900.0,9723902.98,7,4,10'|11|13|20|30|50
406GLO0091,UNC,TC,2026,0.0,22895.6,0.0,17579.37,-17579.37,fmavct_kbfc,26589.0,14680.05,0.0,11908.95,1,2,10'|13
439GLO2043,EES,TC,2026,7162.8,422039.91,511798.08,109264.78,-102101.98,fmavct_kbfc,5142673.48,-694252.25,15489.82,5821435.91,23,2,10'|11|13|20|30|40|50
A110111041,GBS,BRSTAT,2026,0.0,4962.51,0.0,0.0,-4962.51,fmifiit_fmioi,0.0,0.0,0.0,0.0,0,no_ps_link,BRSTAT
A110111041,GBS,10',2026,0.0,773.39,0.0,0.0,-773.39,fmifiit_fmioi,0.0,0.0,0.0,0.0,0,no_ps_link,10'
A110111041,GBS,13,2026,3516.27,83093.94,0.0,0.0,-79577.67,fmifiit_fmioi,0.0,0.0,0.0,0.0,0,no_ps_link,13
A110111041,GBS,CDSP,2026,184.86,5147.37,0.0,0.0,-4962.51,fmifiit_fmioi,0.0,0.0,0.0,0.0,0,no_ps_link,CDSP
185GEF0004,GEN,BRSTAT,2026,134.03,789.64,0.0,0.0,-655.61,fmifiit_fmioi,0.0,0.0,0.0,0.0,0,no_ps_link,BRSTAT
185GEF0004,GEN,CDSP,2026,134.03,789.64,0.0,0.0,-655.61,fmifiit_fmioi,0.0,0.0,0.0,0.0,0,no_ps_link,CDSP
185GEF0004,IEP,10',2026,0.0,1382.17,0.0,0.0,-1382.17,fmifiit_fmioi,0.0,0.0,0.0,0.0,0,no_ps_link,10'
185GEF0004,IEP,13,2026,0.0,33225.87,0.0,0.0,-33225.87,fmifiit_fmioi,0.0,0.0,0.0,0.0,0,no_ps_link,13
A310611051,OPS,10',2026,0.0,181.0,0.0,0.0,-181.0,fmifiit_fmioi,0.0,0.0,0.0,0.0,0,no_ps_link,10'
A310611051,OPS,13,2026,0.0,24190.69,0.0,0.0,-24190.69,fmifiit_fmioi,0.0,0.0,0.0,0.0,0,no_ps_link,13
A310711011,SEC,10',2026,0.0,1406.65,0.0,0.0,-1406.65,fmifiit_fmioi,0.0,0.0,0.0,0.0,0,no_ps_link,10'
2210411043,IRD,10',2026,0.0,405.61,0.0,0.0,-405.61,fmifiit_fmioi,0.0,0.0,0.0,0.0,0,no_ps_link,10'
2210411043,IRD,13,2026,0.0,34013.05,0.0,0.0,-34013.05,fmifiit_fmioi,0.0,0.0,0.0,0.0,0,no_ps_link,13
2210411052,SHS,10',2026,0.0,177.33,0.0,0.0,-177.33,fmifiit_fmioi,0.0,0.0,0.0,0.0,0,no_ps_link,10'
2210411052,SHS,13,2026,0.0,16850.14,0.0,0.0,-16850.14,fmifiit_fmioi,0.0,0.0,0.0,0.0,0,no_ps_link,13
3210561142,WHC,10',2026,0.0,1315.67,0.0,0.0,-1315.67,fmifiit_fmioi,0.0,0.0,0.0,0.0,0,no_ps_link,10'
3210561142,WHC,13,2026,0.0,33651.3,0.0,0.0,-33651.3,fmifiit_fmioi,0.0,0.0,0.0,0.0,0,no_ps_link,13
3210531022,CHP,10',2026,0.0,700.87,0.0,0.0,-700.87,fmifiit_fmioi,0.0,0.0,0.0,0.0,0,no_ps_link,10'
3210531022,CHP,13,2026,0.0,7134.39,0.0,0.0,-7134.39,fmifiit_fmioi,0.0,0.0,0.0,0.0,0,no_ps_link,13
2210531023,EPR,13,2026,1000.0,7350.6,0.0,0.0,-6350.6,fmifiit_fmioi,0.0,0.0,0.0,0.0,0,no_ps_link,13
3210521032,MHM,10',2026,0.0,4276.2,0.0,0.0,-4276.2,fmifiit_fmioi,0.0,0.0,0.0,0.0,0,no_ps_link,10'
3210521032,MHM,13,2026,0.0,7134.39,0.0,0.0,-7134.39,fmifiit_fmioi,0.0,0.0,0.0,0.0,0,no_ps_link,13
3210561092,MON,10',2026,0.0,243.48,0.0,0.0,-243.48,fmifiit_fmioi,0.0,0.0,0.0,0.0,0,no_ps_link,10'
3210561092,MON,13,2026,0.0,24347.45,0.0,0.0,-24347.45,fmifiit_fmioi,0.0,0.0,0.0,0.0,0,no_ps_link,13
3210511172,SPU,10',2026,0.0,308.13,0.0,0.0,-308.13,fmifiit_fmioi,0.0,0.0,0.0,0.0,0,no_ps_link,10'
3210511172,SPU,13,2026,0.0,29555.85,0.0,0.0,-29555.85,fmifiit_fmioi,0.0,0.0,0.0,0.0,0,no_ps_link,13
3210551022,DCE,10',2026,0.0,2607.83,0.0,0.0,-2607.83,fmifiit_fmioi,0.0,0.0,0.0,0.0,0,no_ps_link,10'
3210551022,DCE,13,2026,0.0,21864.12,0.0,0.0,-21864.12,fmifiit_fmioi,0.0,0.0,0.0,0.0,0,no_ps_link,13
2210541012,LHE,10',2026,0.0,148.81,0.0,0.0,-148.81,fmifiit_fmioi,0.0,0.0,0.0,0.0,0,no_ps_link,10'
2210541012,LHE,13,2026,0.0,14880.78,0.0,0.0,-14880.78,fmifiit_fmioi,0.0,0.0,0.0,0.0,0,no_ps_link,13
2210541013,LHE,10',2026,0.0,968.26,0.0,0.0,-968.26,fmifiit_fmioi,0.0,0.0,0.0,0.0,0,no_ps_link,10'
2210541013,LHE,13,2026,0.0,21619.42,0.0,0.0,-21619.42,fmifiit_fmioi,0.0,0.0,0.0,0.0,0,no_ps_link,13
2210221093,HYD,10',2026,79.4,2594.06,0.0,0.0,-2514.66,fmifiit_fmioi,0.0,0.0,0.0,0.0,0,no_ps_link,10'
2210221093,HYD,13,2026,0.0,44415.85,0.0,0.0,-44415.85,fmifiit_fmioi,0.0,0.0,0.0,0.0,0,no_ps_link,13
3210221012,HYD,10',2026,0.0,146.69,0.0,0.0,-146.69,fmifiit_fmioi,0.0,0.0,0.0,0.0,0,no_ps_link,10'
3210221012,HYD,13,2026,0.0,13425.13,0.0,0.0,-13425.13,fmifiit_fmioi,0.0,0.0,0.0,0.0,0,no_ps_link,13
3210251022,PBS,13,2026,2318.56,12936.83,0.0,0.0,-10618.27,fmifiit_fmioi,0.0,0.0,0.0,0.0,0,no_ps_link,13
680DIG4101,CAB,13,2026,70077.3,46977.65,0.0,0.0,23099.65,fmifiit_fmioi,0.0,0.0,0.0,0.0,0,no_ps_link,13
680BSP4101,BSP,10',2026,0.0,2260.88,0.0,0.0,-2260.88,fmifiit_fmioi,0.0,0.0,0.0,0.0,0,no_ps_link,10'
680BSP4101,BSP,13,2026,0.0,27946.33,0.0,0.0,-27946.33,fmifiit_fmioi,0.0,0.0,0.0,0.0,0,no_ps_link,13
680BSP4201,BSP,10',2026,67.46,2310.79,0.0,0.0,-2243.33,fmifiit_fmioi,0.0,0.0,0.0,0.0,0,no_ps_link,10'
680BSP4201,BSP,13,2026,1128.21,92227.61,0.0,0.0,-91099.4,fmifiit_fmioi,0.0,0.0,0.0,0.0,0,no_ps_link,13
633CRP8890,CPE,10',2026,0.0,810.02,0.0,0.0,-810.02,fmifiit_fmioi,0.0,0.0,0.0,0.0,0,no_ps_link,10'
633CRP8890,CPE,13,2026,0.0,42525.25,0.0,0.0,-42525.25,fmifiit_fmioi,0.0,0.0,0.0,0.0,0,no_ps_link,13
680HRM4110,HRM,10',2026,0.0,259.57,0.0,0.0,-259.57,fmifiit_fmioi,0.0,0.0,0.0,0.0,0,no_ps_link,10'
680HRM4110,HRM,13,2026,0.0,21767.88,0.0,0.0,-21767.88,fmifiit_fmioi,0.0,0.0,0.0,0.0,0,no_ps_link,13
680LAL4101,LAL,10',2026,0.0,187.81,0.0,0.0,-187.81,fmifiit_fmioi,0.0,0.0,0.0,0.0,0,no_ps_link,10'
680LAL4101,LAL,13,2026,0.0,18782.79,0.0,0.0,-18782.79,fmifiit_fmioi,0.0,0.0,0.0,0.0,0,no_ps_link,13
680ADM3002,ADM,13,2026,210.33,532.99,0.0,0.0,-322.66,fmifiit_fmioi,0.0,0.0,0.0,0.0,0,no_ps_link,13
632HQF9002,AEO,TC,2026,16222.93,86776.74,756883.84,10355.84,5867.09,fmavct_kbfc,0.0,0.0,0.0,0.0,0,no_ps_link,10'|13|20|40|50
680ADM3103,AEO,13,2026,0.0,962.96,0.0,0.0,-962.96,fmifiit_fmioi,0.0,0.0,0.0,0.0,0,no_ps_link,13
680ADM4002,HEQ,10',2026,0.0,1752.36,0.0,0.0,-1752.36,fmifiit_fmioi,0.0,0.0,0.0,0.0,0,no_ps_link,10'
680ADM4002,HEQ,13,2026,210.33,68053.38,0.0,0.0,-67843.05,fmifiit_fmioi,0.0,0.0,0.0,0.0,0,no_ps_link,13
632HQF9007,CLD,TC,2026,0.0,627959.26,0.0,31989.55,-31989.55,fmavct_kbfc,0.0,0.0,0.0,0.0,0,no_ps_link,10'|11|13
635SAD9002,CLD,10',2026,0.0,527.04,0.0,0.0,-527.04,fmifiit_fmioi,0.0,0.0,0.0,0.0,0,no_ps_link,10'
635SAD9002,CLD,13,2026,0.0,31191.11,0.0,0.0,-31191.11,fmifiit_fmioi,0.0,0.0,0.0,0.0,0,no_ps_link,13
635SAD9005,CLD,10',2026,0.0,10278.45,0.0,0.0,-10278.45,fmifiit_fmioi,0.0,0.0,0.0,0.0,0,no_ps_link,10'
635SAD9005,CLD,13,2026,0.0,155934.28,0.0,0.0,-155934.28,fmifiit_fmioi,0.0,0.0,0.0,0.0,0,no_ps_link,13
632HQF9010,DCS,TC,2026,0.0,93947.59,9963.54,3075.3,-3075.3,fmavct_kbfc,0.0,0.0,0.0,0.0,0,no_ps_link,10'|11|13|40
632HQF9000,DCS,REVENUE,2026,76097.98,86497.98,0.0,0.0,-10400.0,fmifiit_fmioi,0.0,0.0,0.0,0.0,0,no_ps_link,REVENUE
633CRP1490,EEO,10',2026,0.0,98.9,0.0,0.0,-98.9,fmifiit_fmioi,0.0,0.0,0.0,0.0,0,no_ps_link,10'
633CRP1490,EEO,13,2026,0.0,9888.99,0.0,0.0,-9888.99,fmifiit_fmioi,0.0,0.0,0.0,0.0,0,no_ps_link,13
632HQF9009,OPS,TC,2026,0.0,732969.3,0.0,4938.51,-4938.51,fmavct_kbfc,0.0,0.0,0.0,0.0,0,no_ps_link,10'|11|13
680ETH4002,HEQ,10',2026,0.0,269.5,0.0,0.0,-269.5,fmifiit_fmioi,0.0,0.0,0.0,0.0,0,no_ps_link,10'
680ETH4002,HEQ,13,2026,0.0,26951.65,0.0,0.0,-26951.65,fmifiit_fmioi,0.0,0.0,0.0,0.0,0,no_ps_link,13
633CRP1156,VNI,13,2026,0.0,7015.93,0.0,0.0,-7015.93,fmifiit_fmioi,0.0,0.0,0.0,0.0,0,no_ps_link,13
633CRP1690,FMS,10',2026,0.0,514.21,0.0,0.0,-514.21,fmifiit_fmioi,0.0,0.0,0.0,0.0,0,no_ps_link,10'
633CRP1690,FMS,13,2026,0.0,29590.82,0.0,0.0,-29590.82,fmifiit_fmioi,0.0,0.0,0.0,0.0,0,no_ps_link,13
633CRP1392,HAE,10',2026,0.0,584.32,0.0,0.0,-584.32,fmifiit_fmioi,0.0,0.0,0.0,0.0,0,no_ps_link,10'
633CRP1392,HAE,13,2026,0.0,12121.11,0.0,0.0,-12121.11,fmifiit_fmioi,0.0,0.0,0.0,0.0,0,no_ps_link,13
633CRP1390,ESD,10',2026,0.0,42.71,0.0,0.0,-42.71,fmifiit_fmioi,0.0,0.0,0.0,0.0,0,no_ps_link,10'
633CRP1390,ESD,13,2026,0.0,14239.68,0.0,0.0,-14239.68,fmifiit_fmioi,0.0,0.0,0.0,0.0,0,no_ps_link,13
633CRP1393,PSU,10',2026,377.97,7201.42,0.0,0.0,-6823.45,fmifiit_fmioi,0.0,0.0,0.0,0.0,0,no_ps_link,10'
633CRP1393,PSU,13,2026,0.0,42525.25,0.0,0.0,-42525.25,fmifiit_fmioi,0.0,0.0,0.0,0.0,0,no_ps_link,13
633CRP3190,OPC,10',2026,0.0,333.92,0.0,0.0,-333.92,fmifiit_fmioi,0.0,0.0,0.0,0.0,0,no_ps_link,10'
633CRP3190,OPC,13,2026,0.0,28384.02,0.0,0.0,-28384.02,fmifiit_fmioi,0.0,0.0,0.0,0.0,0,no_ps_link,13
633CRP3691,SPR,10',2026,0.0,43.5,0.0,0.0,-43.5,fmifiit_fmioi,0.0,0.0,0.0,0.0,0,no_ps_link,10'
633CRP3691,SPR,13,2026,0.0,3026.81,0.0,0.0,-3026.81,fmifiit_fmioi,0.0,0.0,0.0,0.0,0,no_ps_link,13
633CRP3490,YOU,10',2026,0.0,180.17,0.0,0.0,-180.17,fmifiit_fmioi,0.0,0.0,0.0,0.0,0,no_ps_link,10'
633CRP3490,YOU,13,2026,0.0,17888.24,0.0,0.0,-17888.24,fmifiit_fmioi,0.0,0.0,0.0,0.0,0,no_ps_link,13
633CRP4190,WHC,10',2026,0.0,3017.96,0.0,0.0,-3017.96,fmifiit_fmioi,0.0,0.0,0.0,0.0,0,no_ps_link,10'
633CRP4190,WHC,13,2026,0.0,13248.42,0.0,0.0,-13248.42,fmifiit_fmioi,0.0,0.0,0.0,0.0,0,no_ps_link,13
633CRP4191,CEO,10',2026,0.0,1188.2,0.0,0.0,-1188.2,fmifiit_fmioi,0.0,0.0,0.0,0.0,0,no_ps_link,10'
633CRP4191,CEO,13,2026,0.0,77090.44,0.0,0.0,-77090.44,fmifiit_fmioi,0.0,0.0,0.0,0.0,0,no_ps_link,13
633CRP4590,DCE,13,2026,0.0,22551.47,0.0,0.0,-22551.47,fmifiit_fmioi,0.0,0.0,0.0,0.0,0,no_ps_link,13
633CRP2590,PBS,10',2026,0.0,140.18,0.0,0.0,-140.18,fmifiit_fmioi,0.0,0.0,0.0,0.0,0,no_ps_link,10'
633CRP2590,PBS,13,2026,0.0,14014.82,0.0,0.0,-14014.82,fmifiit_fmioi,0.0,0.0,0.0,0.0,0,no_ps_link,13
545RAF2000,DAK,TC,2026,99851.5,482440.76,1771465.08,253749.96,-153898.46,fmavct_kbfc,3182652.0,9003652.44,25761262.6,-31582263.04,29,1,10'|11|13|20|30|40|50
A230542031,ACR,10',2026,0.0,130.93,0.0,0.0,-130.93,fmifiit_fmioi,0.0,0.0,0.0,0.0,0,no_ps_link,10'
A230542031,ACR,13,2026,0.0,16750.6,0.0,0.0,-16750.6,fmifiit_fmioi,0.0,0.0,0.0,0.0,0,no_ps_link,13
235GUA1001,GUC,PC,2026,0.0,21873.21,121445.2,1281.89,-1281.89,fmavct_kbfc,1321126.8,415304.24,0.0,905822.56,119,2,10'|11|13
A230545021,GUC,10',2026,0.0,219.71,0.0,0.0,-219.71,fmifiit_fmioi,0.0,0.0,0.0,0.0,0,no_ps_link,10'
A230545021,GUC,13,2026,0.0,21971.32,0.0,0.0,-21971.32,fmifiit_fmioi,0.0,0.0,0.0,0.0,0,no_ps_link,13
526INT4004,DCE,TC,2026,6855.18,102044.0,429764.15,103.02,6752.16,fmavct_kbfc,668289.9,1467271.84,0.0,-798981.94,5,3,10'|11|13|20
555RAS2027,JAK,TC,2026,604.68,7634.06,0.0,13220.6,-12615.92,fmavct_kbfc,317718.0,897471.02,0.0,-579753.02,14,1,10'|13
218MAL4000,JAK,TC,2026,288.61,6031.05,0.0,0.0,-5742.44,fmifiit_fmioi,285000.0,349314.55,0.0,-64314.55,17,1,10'|13
A230544091,JAK,10',2026,0.0,203.97,0.0,0.0,-203.97,fmifiit_fmioi,0.0,0.0,0.0,0.0,0,no_ps_link,10'
A230544091,JAK,13,2026,0.0,15918.81,0.0,0.0,-15918.81,fmifiit_fmioi,0.0,0.0,0.0,0.0,0,no_ps_link,13
2210444032,JAK,13,2026,0.0,2483.65,0.0,0.0,-2483.65,fmifiit_fmioi,0.0,0.0,0.0,0.0,0,no_ps_link,13
3210444032,JAK,10',2026,0.0,11.71,0.0,0.0,-11.71,fmifiit_fmioi,0.0,0.0,0.0,0.0,0,no_ps_link,10'
3210444032,JAK,13,2026,0.0,1170.54,0.0,0.0,-1170.54,fmifiit_fmioi,0.0,0.0,0.0,0.0,0,no_ps_link,13
633CRP3530,JAK,10',2026,11.32,35.68,0.0,0.0,-24.36,fmifiit_fmioi,0.0,0.0,0.0,0.0,0,no_ps_link,10'
633CRP3530,JAK,13,2026,1131.53,3567.71,0.0,0.0,-2436.18,fmifiit_fmioi,0.0,0.0,0.0,0.0,0,no_ps_link,13
633CRP7330,JAK,10',2026,0.0,88.67,0.0,0.0,-88.67,fmifiit_fmioi,0.0,0.0,0.0,0.0,0,no_ps_link,10'
633CRP7330,JAK,13,2026,0.0,8867.27,0.0,0.0,-8867.27,fmifiit_fmioi,0.0,0.0,0.0,0.0,0,no_ps_link,13
633TFC7330,JAK,10',2026,295.72,1598.34,0.0,0.0,-1302.62,fmifiit_fmioi,0.0,0.0,0.0,0.0,0,no_ps_link,10'
633TFC7330,JAK,13,2026,17744.06,19830.97,0.0,0.0,-2086.91,fmifiit_fmioi,0.0,0.0,0.0,0.0,0,no_ps_link,13
218PAL4000,RAM,PC,2026,0.0,56736.85,24200.0,0.0,-80936.85,fmifiit_fmioi,4515651.93,328395.8,32457.0,4154799.13,25,2,10'|11|13
473PAL0001,RAM,TC,2026,43.18,73819.9,0.0,1034.8,-991.62,fmavct_kbfc,307300.52,-26334.36,0.0,333634.88,2,2,10'|11|13|50
504PAL4007,RAM,TC,2026,2242.81,42714.28,968.26,0.0,-41439.73,fmifiit_fmioi,1325435.28,53955.67,0.0,1271479.61,26,2,10'|13|40
727PAL1002,RAM,TC,2026,11723.71,273878.86,1626814.59,23114.0,-11390.29,fmavct_kbfc,4755171.0,181947.82,244350.03,4328873.15,11,2,10'|11|13|20|50
A230543081,RAM,10',2026,118.0,569.29,0.0,0.0,-451.29,fmifiit_fmioi,0.0,0.0,0.0,0.0,0,no_ps_link,10'
A230543081,RAM,13,2026,0.0,46153.72,0.0,0.0,-46153.72,fmifiit_fmioi,0.0,0.0,0.0,0.0,0,no_ps_link,13
922IND4006,NDL,10',2026,15.44,2153.01,0.0,214.51,-199.07,fmavct_kbfc,950875.72,-69582129.62,5792911.0,64740094.34,1,2,10'
922IND4006,NDL,13,2026,0.0,46199.86,0.0,35321.84,-35321.84,fmavct_kbfc,950875.72,-69582129.62,5792911.0,64740094.34,1,2,13
570GLO3025,NDL,TC,2026,16850.15,58448.99,965150.65,133.33,16716.82,fmavct_kbfc,734422.0,2894067.96,20000.0,-2179645.96,4,3,10'|11|13|20|50
922IND1000,NDL,TC,2026,17143.33,191230.52,984153.5,5500.59,11642.74,fmavct_kbfc,2895916.5,-45717287.12,591622.29,48021581.33,7,4,10'|11|13|20|30|40|50
2210214064,NDL,10',2026,0.0,27.13,0.0,0.0,-27.13,fmifiit_fmioi,0.0,0.0,0.0,0.0,0,no_ps_link,10'
2210214064,NDL,13,2026,0.0,2993.21,0.0,0.0,-2993.21,fmifiit_fmioi,0.0,0.0,0.0,0.0,0,no_ps_link,13
3210214072,NDL,10',2026,0.0,17.06,0.0,0.0,-17.06,fmifiit_fmioi,0.0,0.0,0.0,0.0,0,no_ps_link,10'
3210214072,NDL,13,2026,0.0,1706.87,0.0,0.0,-1706.87,fmifiit_fmioi,0.0,0.0,0.0,0.0,0,no_ps_link,13
633CRP1343,NDL,10',2026,83.54,1271.43,0.0,0.0,-1187.89,fmifiit_fmioi,0.0,0.0,0.0,0.0,0,no_ps_link,10'
633CRP1343,NDL,13,2026,0.0,10414.93,0.0,0.0,-10414.93,fmifiit_fmioi,0.0,0.0,0.0,0.0,0,no_ps_link,13
633CRP3543,NDL,10',2026,9.55,258.14,0.0,0.0,-248.59,fmifiit_fmioi,0.0,0.0,0.0,0.0,0,no_ps_link,10'
633CRP3543,NDL,13,2026,0.0,3735.52,0.0,0.0,-3735.52,fmifiit_fmioi,0.0,0.0,0.0,0.0,0,no_ps_link,13
633CRP4443,NDL,10',2026,0.0,913.52,0.0,0.0,-913.52,fmifiit_fmioi,0.0,0.0,0.0,0.0,0,no_ps_link,10'
633CRP4443,NDL,13,2026,0.0,4372.33,0.0,0.0,-4372.33,fmifiit_fmioi,0.0,0.0,0.0,0.0,0,no_ps_link,13
633CRP7343,NDL,10',2026,0.0,3822.9,0.0,0.0,-3822.9,fmifiit_fmioi,0.0,0.0,0.0,0.0,0,no_ps_link,10'
633CRP7343,NDL,13,2026,0.0,6936.81,0.0,0.0,-6936.81,fmifiit_fmioi,0.0,0.0,0.0,0.0,0,no_ps_link,13
633TFC7343,NDL,10',2026,0.0,69.16,0.0,0.0,-69.16,fmifiit_fmioi,0.0,0.0,0.0,0.0,0,no_ps_link,10'
633TFC7343,NDL,13,2026,0.0,6692.18,0.0,0.0,-6692.18,fmifiit_fmioi,0.0,0.0,0.0,0.0,0,no_ps_link,13
A230545041,KNG,10',2026,0.0,284.82,0.0,0.0,-284.82,fmifiit_fmioi,0.0,0.0,0.0,0.0,0,no_ps_link,10'
A230545041,KNG,13,2026,0.0,28666.29,0.0,0.0,-28666.29,fmifiit_fmioi,0.0,0.0,0.0,0.0,0,no_ps_link,13
538JOR1000,AMN,10',2026,610.91,21340.62,0.0,50200.62,-49589.71,fmavct_kbfc,8423045.36,3769311.08,39780.0,4613954.28,5,2,10'
538JOR1000,AMN,13,2026,2100.0,95212.5,0.0,0.66,2099.34,fmavct_kbfc,8423045.36,3769311.08,39780.0,4613954.28,5,4,13
A230543011,AMN,10',2026,0.0,318.84,0.0,0.0,-318.84,fmifiit_fmioi,0.0,0.0,0.0,0.0,0,no_ps_link,10'
A230543011,AMN,13,2026,0.0,32614.01,0.0,0.0,-32614.01,fmifiit_fmioi,0.0,0.0,0.0,0.0,0,no_ps_link,13
633CRP1605,AMN,10',2026,0.0,9097.83,0.0,0.0,-9097.83,fmifiit_fmioi,0.0,0.0,0.0,0.0,0,no_ps_link,10'
633CRP1605,AMN,13,2026,0.0,22567.31,0.0,0.0,-22567.31,fmifiit_fmioi,0.0,0.0,0.0,0.0,0,no_ps_link,13
633CRP7305,AMN,13,2026,3582.92,6968.49,0.0,0.0,-3385.57,fmifiit_fmioi,0.0,0.0,0.0,0.0,0,no_ps_link,13
221KEN2000,NAI,PC,2026,14.88,212495.26,139758.0,20428.19,-20413.31,fmavct_kbfc,9217393.92,12827091.52,221836.74,-3831534.34,27,1,10'|11|13
513RAF2042,IOC,TC,2026,9752.76,26645.2,55589.17,0.0,-72481.61,fmifiit_fmioi,1174402.0,1460754.64,1296.0,-287648.64,12,1,10'|11|13|30
570RAF2002,NAI,TC,2026,1125.16,40396.55,30689.53,1879.5,-754.34,fmavct_kbfc,392697.24,1953286.34,500354.0,-2060943.1,11,1,10'|11|13|20|30|40|50
410GLO1043,HAE,TC,2026,13769.13,2521203.84,1940777.15,10472.17,3296.96,fmavct_kbfc,32127236.88,139530900.34,288544.38,-107692207.84,37,3,10'|11|13|20|30|40|50
A230542111,DJB,10',2026,0.0,12.18,0.0,0.0,-12.18,fmifiit_fmioi,0.0,0.0,0.0,0.0,0,no_ps_link,10'
A230542111,DJB,13,2026,0.0,1217.06,0.0,0.0,-1217.06,fmifiit_fmioi,0.0,0.0,0.0,0.0,0,no_ps_link,13
A230542141,KIG,10',2026,0.0,12.18,0.0,0.0,-12.18,fmifiit_fmioi,0.0,0.0,0.0,0.0,0,no_ps_link,10'
A230542141,KIG,13,2026,0.0,1217.06,0.0,0.0,-1217.06,fmifiit_fmioi,0.0,0.0,0.0,0.0,0,no_ps_link,13
A230542191,NAI,10',2026,0.0,127.11,0.0,0.0,-127.11,fmifiit_fmioi,0.0,0.0,0.0,0.0,0,no_ps_link,10'
A230542191,NAI,13,2026,0.0,12967.6,0.0,0.0,-12967.6,fmifiit_fmioi,0.0,0.0,0.0,0.0,0,no_ps_link,13
A230542051,TNR,10',2026,0.0,17.58,0.0,0.0,-17.58,fmifiit_fmioi,0.0,0.0,0.0,0.0,0,no_ps_link,10'
A230542051,TNR,13,2026,0.0,1757.99,0.0,0.0,-1757.99,fmifiit_fmioi,0.0,0.0,0.0,0.0,0,no_ps_link,13
633CRP1442,NAI,13,2026,2811.82,15634.29,0.0,0.0,-12822.47,fmifiit_fmioi,0.0,0.0,0.0,0.0,0,no_ps_link,13
633CRP2242,NAI,10',2026,8.72,970.01,0.0,0.0,-961.29,fmifiit_fmioi,0.0,0.0,0.0,0.0,0,no_ps_link,10'
633CRP2242,NAI,13,2026,0.0,13170.13,0.0,0.0,-13170.13,fmifiit_fmioi,0.0,0.0,0.0,0.0,0,no_ps_link,13
633CRP4142,NAI,13,2026,0.0,8332.12,0.0,0.0,-8332.12,fmifiit_fmioi,0.0,0.0,0.0,0.0,0,no_ps_link,13
633CRP7342,NAI,10',2026,0.0,1006.64,0.0,0.0,-1006.64,fmifiit_fmioi,0.0,0.0,0.0,0.0,0,no_ps_link,10'
633CRP7342,NAI,13,2026,0.0,24053.64,0.0,0.0,-24053.64,fmifiit_fmioi,0.0,0.0,0.0,0.0,0,no_ps_link,13
938MOR4003,RAB,PC,2026,10.47,10867.41,0.0,45053.24,-45042.77,fmavct_kbfc,239533.52,64513.97,1062.0,173957.55,1,2,10'|13
938MOR4004,RAB,PC,2026,9434.79,94682.76,636907.12,265534.84,-256100.05,fmavct_kbfc,1928331.7,2790175.5,250290.62,-1112134.42,1,1,10'|11|13
526MOR5000,RAB,PC,2026,0.0,16019.14,9184.0,583.33,-583.33,fmavct_kbfc,615754.25,145464.7,0.0,470289.55,8,2,10'|11|13
938MOR4005,RAB,PC,2026,1383.94,7031.74,0.0,7.79,1376.15,fmavct_kbfc,129484.96,343406.99,12300.0,-226222.03,1,3,10'|11|13
504MOR5000,RAB,TC,2026,1127.08,28013.38,23667.9,0.0,-50554.2,fmifiit_fmioi,555137.06,106524.32,0.0,448612.74,15,2,10'|11|13|20
A230543071,RAB,10',2026,0.0,327.66,0.0,0.0,-327.66,fmifiit_fmioi,0.0,0.0,0.0,0.0,0,no_ps_link,10'
A230543071,RAB,13,2026,0.0,32762.79,0.0,0.0,-32762.79,fmifiit_fmioi,0.0,0.0,0.0,0.0,0,no_ps_link,13
633CRP5448,RAB,10',2026,0.0,62.77,0.0,0.0,-62.77,fmifiit_fmioi,0.0,0.0,0.0,0.0,0,no_ps_link,10'
633CRP5448,RAB,13,2026,0.0,6277.0,0.0,0.0,-6277.0,fmifiit_fmioi,0.0,0.0,0.0,0.0,0,no_ps_link,13
637FOR7348,RAB,10',2026,0.0,41.74,0.0,0.0,-41.74,fmifiit_fmioi,0.0,0.0,0.0,0.0,0,no_ps_link,10'
637FOR7348,RAB,13,2026,0.0,4175.55,0.0,0.0,-4175.55,fmifiit_fmioi,0.0,0.0,0.0,0.0,0,no_ps_link,13
526MAG2000,NAI,13,2026,0.0,9493.42,0.0,137.36,-137.36,fmavct_kbfc,6212086.17,17039527.48,0.0,-10827441.31,44,1,13
570MON2000,BEJ,PC,2026,15.04,73858.29,189813.28,10204.67,-10189.63,fmavct_kbfc,1376146.77,126218353.44,23463.28,-124865669.95,1,1,10'|11|13
570MON2000,BEJ,50,2026,0.0,1022.3,491.56,23447.03,-23447.03,fmavct_kbfc,1376146.77,126218353.44,23463.28,-124865669.95,1,1,50
633CRP1148,RAB,10',2026,77.93,3248.2,0.0,0.0,-3170.27,fmifiit_fmioi,0.0,0.0,0.0,0.0,0,no_ps_link,10'
633CRP1148,RAB,13,2026,0.0,37718.94,0.0,0.0,-37718.94,fmifiit_fmioi,0.0,0.0,0.0,0.0,0,no_ps_link,13
633CRP1148,RAB,50,2026,0.0,446.84,502.8,0.0,-949.64,fmifiit_fmioi,0.0,0.0,0.0,0.0,0,no_ps_link,50
633CRP7348,RAB,13,2026,0.0,3040.28,0.0,0.0,-3040.28,fmifiit_fmioi,0.0,0.0,0.0,0.0,0,no_ps_link,13
633CRP7348,RAB,50,2026,0.0,5156.34,29941.34,0.0,-35097.68,fmifiit_fmioi,0.0,0.0,0.0,0.0,0,no_ps_link,50
218MAR2000,NAI,TC,2026,47577.12,31890.89,95319.5,35127.25,12449.87,fmavct_kbfc,1333629.16,404776.64,2400.0,926452.52,85,4,10'|11|13|20|50
570MEX1003,MXC,TC,2026,2994.39,71390.36,157607.38,9647.59,-6653.2,fmavct_kbfc,689248.76,747462.33,0.0,-58213.57,10,1,10'|11|13|20
A230545061,MXC,10',2026,0.0,435.87,0.0,0.0,-435.87,fmifiit_fmioi,0.0,0.0,0.0,0.0,0,no_ps_link,10'
A230545061,MXC,13,2026,0.0,43588.03,0.0,0.0,-43588.03,fmifiit_fmioi,0.0,0.0,0.0,0.0,0,no_ps_link,13
3210115052,MXC,13,2026,0.0,3804.06,0.0,0.0,-3804.06,fmifiit_fmioi,0.0,0.0,0.0,0.0,0,no_ps_link,13
3210455022,MXC,10',2026,25.68,1451.56,0.0,0.0,-1425.88,fmifiit_fmioi,0.0,0.0,0.0,0.0,0,no_ps_link,10'
3210455022,MXC,13,2026,0.0,7141.82,0.0,0.0,-7141.82,fmifiit_fmioi,0.0,0.0,0.0,0.0,0,no_ps_link,13
633CRP7341,MXC,10',2026,0.0,207.15,0.0,0.0,-207.15,fmifiit_fmioi,0.0,0.0,0.0,0.0,0,no_ps_link,10'
633CRP7341,MXC,13,2026,0.0,2750.76,0.0,0.0,-2750.76,fmifiit_fmioi,0.0,0.0,0.0,0.0,0,no_ps_link,13
513RAF4016,WHC,TC,2026,2039.78,83357.2,122814.0,0.0,-204131.42,fmifiit_fmioi,711586.08,73527.19,0.0,638058.89,13,2,10'|11|13|20|30|50
A230542211,WIN,10',2026,0.0,291.22,0.0,0.0,-291.22,fmifiit_fmioi,0.0,0.0,0.0,0.0,0,no_ps_link,10'
A230542211,WIN,13,2026,0.0,34638.75,0.0,0.0,-34638.75,fmifiit_fmioi,0.0,0.0,0.0,0.0,0,no_ps_link,13
633CRP7357,WIN,10',2026,0.0,82.47,0.0,0.0,-82.47,fmifiit_fmioi,0.0,0.0,0.0,0.0,0,no_ps_link,10'
633CRP7357,WIN,13,2026,0.0,8247.23,0.0,0.0,-8247.23,fmifiit_fmioi,0.0,0.0,0.0,0.0,0,no_ps_link,13
585RAS1027,BGK,PC,2026,16300.15,25022.93,144760.54,751.75,15548.4,fmavct_kbfc,514614.83,5456483.43,0.0,-4941868.6,7,3,10'|11|13
504NEP1000,KAT,PC,2026,0.0,11722.58,65320.13,1084.13,-1084.13,fmavct_kbfc,1772704.5,2406451.28,630287.56,-1264034.34,15,1,10'|11|13
526RAS4027,WHC,PC,2026,127.19,67449.42,13824.0,32318.22,-32191.03,fmavct_kbfc,591529.0,1079714.88,550375.0,-1038560.88,2,1,10'|11|13
526GLO2004,HYD,10',2026,17.73,4300.39,0.0,422.06,-404.33,fmavct_kbfc,2915485.78,46995087.95,6776548.0,-50856150.17,20,1,10'
526GLO2004,HYD,13,2026,0.0,32801.24,0.0,41.67,-41.67,fmavct_kbfc,2915485.78,46995087.95,6776548.0,-50856150.17,20,1,13
A230544111,KAT,10',2026,0.0,120.35,0.0,0.0,-120.35,fmifiit_fmioi,0.0,0.0,0.0,0.0,0,no_ps_link,10'
A230544111,KAT,13,2026,0.0,12268.84,0.0,0.0,-12268.84,fmifiit_fmioi,0.0,0.0,0.0,0.0,0,no_ps_link,13
633CRP7333,KAT,10',2026,50.82,1516.88,0.0,0.0,-1466.06,fmifiit_fmioi,0.0,0.0,0.0,0.0,0,no_ps_link,10'
633CRP7333,KAT,13,2026,0.0,8812.79,0.0,0.0,-8812.79,fmifiit_fmioi,0.0,0.0,0.0,0.0,0,no_ps_link,13
570PER1004,LIM,PC,2026,1913.55,220949.64,2364192.17,324180.54,-322266.99,fmavct_kbfc,2479710.7,66787.82,940.46,2411982.42,1,2,10'|11|13
570PER1007,LIM,TC,2026,4884.39,519613.02,2374128.18,4064.76,819.63,fmavct_kbfc,1292488.67,438244.38,35360.0,818884.29,1,4,10'|11|13|20|50
570PER1006,LIM,TC,2026,1117.71,116724.72,773695.73,7142.9,-6025.19,fmavct_kbfc,2814776.61,139636.39,1062.0,2674078.22,36,2,10'|11|13|20|40|50
A230545051,LIM,10',2026,0.0,229.68,0.0,0.0,-229.68,fmifiit_fmioi,0.0,0.0,0.0,0.0,0,no_ps_link,10'
A230545051,LIM,13,2026,0.0,22968.95,0.0,0.0,-22968.95,fmifiit_fmioi,0.0,0.0,0.0,0.0,0,no_ps_link,13
2210551013,DCE,10',2026,0.0,72.77,0.0,0.0,-72.77,fmifiit_fmioi,0.0,0.0,0.0,0.0,0,no_ps_link,10'
2210551013,DCE,13,2026,0.0,7276.79,0.0,0.0,-7276.79,fmifiit_fmioi,0.0,0.0,0.0,0.0,0,no_ps_link,13
633CRP4630,JAK,10',2026,15.4,371.21,0.0,0.0,-355.81,fmifiit_fmioi,0.0,0.0,0.0,0.0,0,no_ps_link,10'
633CRP4630,JAK,13,2026,0.0,8926.84,0.0,0.0,-8926.84,fmifiit_fmioi,0.0,0.0,0.0,0.0,0,no_ps_link,13
633CRP4630,JAK,50,2026,0.0,1510.16,2308.22,0.0,-3818.38,fmifiit_fmioi,0.0,0.0,0.0,0.0,0,no_ps_link,50
534PAK1001,ISB,PC,2026,0.0,28013.86,0.0,1000.14,-1000.14,fmavct_kbfc,1990212.7,28003308.01,33471923.6,-59485018.91,5,1,10'|13
A230544081,ISB,10',2026,0.0,139.17,0.0,0.0,-139.17,fmifiit_fmioi,0.0,0.0,0.0,0.0,0,no_ps_link,10'
A230544081,ISB,13,2026,0.0,14417.59,0.0,0.0,-14417.59,fmifiit_fmioi,0.0,0.0,0.0,0.0,0,no_ps_link,13
633CRP1128,ISB,10',2026,0.0,45.59,0.0,0.0,-45.59,fmifiit_fmioi,0.0,0.0,0.0,0.0,0,no_ps_link,10'
633CRP1128,ISB,13,2026,0.0,4559.13,0.0,0.0,-4559.13,fmifiit_fmioi,0.0,0.0,0.0,0.0,0,no_ps_link,13
633CRP7328,ISB,10',2026,0.0,1871.28,0.0,0.0,-1871.28,fmifiit_fmioi,0.0,0.0,0.0,0.0,0,no_ps_link,10'
633CRP7328,ISB,13,2026,0.0,13658.27,0.0,0.0,-13658.27,fmifiit_fmioi,0.0,0.0,0.0,0.0,0,no_ps_link,13
512QAT4001,DOH,10',2026,124.46,12566.16,0.0,0.0,-12441.7,fmifiit_fmioi,2100154.69,1619248.47,2000.0,478906.22,2,2,10'
512QAT4001,DOH,13,2026,0.0,221468.72,0.0,0.0,-221468.72,fmifiit_fmioi,2100154.69,1619248.47,2000.0,478906.22,2,2,13
549YEM4001,DOH,PC,2026,290.13,236673.11,480916.28,74571.53,-74281.4,fmavct_kbfc,50192380.98,3448865.67,702917.78,46040597.53,21,2,10'|11|13
A230543051,DOH,10',2026,0.0,445.88,0.0,0.0,-445.88,fmifiit_fmioi,0.0,0.0,0.0,0.0,0,no_ps_link,10'
A230543051,DOH,13,2026,0.0,28129.12,0.0,0.0,-28129.12,fmifiit_fmioi,0.0,0.0,0.0,0.0,0,no_ps_link,13
570INT1008,ITE,10',2026,0.0,117.68,0.0,169593.52,-169593.52,fmavct_kbfc,494813.73,2017435.41,0.0,-1522621.68,1,1,10'
570INT1008,ITE,13,2026,0.0,11762.82,0.0,10.84,-10.84,fmavct_kbfc,494813.73,2017435.41,0.0,-1522621.68,1,1,13
580GLO1001,ITE,PC,2026,0.0,81540.67,412100.0,20887.63,-20887.63,fmavct_kbfc,1027038.36,8132296.59,0.0,-7105258.23,7,1,10'|11|13
570INT1009,ITE,PC,2026,0.0,43610.96,0.0,9960.0,-9960.0,fmavct_kbfc,193086.16,2637846.42,0.0,-2444760.26,5,1,10'|13
570GLO1037,ITE,PC,2026,722.84,9125.95,0.0,478379.34,-477656.5,fmavct_kbfc,137597.49,816760.39,0.0,-679162.9,1,1,10'|13
505RAB5000,DHE,PC,2026,74.78,120351.3,795823.8,0.0,-916100.32,fmifiit_fmioi,7780445.33,303819.31,855.29,7475770.73,26,2,10'|11|13
505RAB5000,DHE,50,2026,2775.92,440.93,76.82,0.0,2258.17,fmifiit_fmioi,7780445.33,303819.31,855.29,7475770.73,26,4,50
505INT4002,DOH,50,2026,0.0,8692.03,44238.62,0.0,-52930.65,fmifiit_fmioi,10136867.63,970015.23,16401.0,9150451.4,28,2,50
633CRP3458,YAO,13,2026,0.0,48324.98,0.0,0.0,-48324.98,fmifiit_fmioi,0.0,0.0,0.0,0.0,0,no_ps_link,13
633CRP3458,YAO,50,2026,0.0,192.16,7949.58,0.0,-8141.74,fmifiit_fmioi,0.0,0.0,0.0,0.0,0,no_ps_link,50
633CRP4658,YAO,13,2026,0.0,20657.89,0.0,0.0,-20657.89,fmifiit_fmioi,0.0,0.0,0.0,0.0,0,no_ps_link,13
633CRP4658,YAO,50,2026,0.0,56.25,0.0,0.0,-56.25,fmifiit_fmioi,0.0,0.0,0.0,0.0,0,no_ps_link,50
570RAS4006,BGK,PC,2026,0.0,50916.72,327504.5,430433.96,-430433.96,fmavct_kbfc,899200.2,-45085.44,0.0,944285.64,7,2,10'|11|13
526RAS1036,BGK,PC,2026,0.0,46910.5,234369.24,38080.0,-38080.0,fmavct_kbfc,1625915.0,1188970.74,0.0,436944.26,7,2,10'|11|13
2210154033,BGK,10',2026,18.47,653.45,0.0,0.0,-634.98,fmifiit_fmioi,0.0,0.0,0.0,0.0,0,no_ps_link,10'
2210154033,BGK,13,2026,0.0,8389.2,0.0,0.0,-8389.2,fmifiit_fmioi,0.0,0.0,0.0,0.0,0,no_ps_link,13
3210114022,BGK,10',2026,0.0,204.76,0.0,0.0,-204.76,fmifiit_fmioi,0.0,0.0,0.0,0.0,0,no_ps_link,10'
3210114022,BGK,13,2026,0.0,20476.89,0.0,0.0,-20476.89,fmifiit_fmioi,0.0,0.0,0.0,0.0,0,no_ps_link,13
633CRP5412,BGK,10',2026,0.0,17.18,0.0,0.0,-17.18,fmifiit_fmioi,0.0,0.0,0.0,0.0,0,no_ps_link,10'
633CRP5412,BGK,13,2026,0.0,1717.52,0.0,0.0,-1717.52,fmifiit_fmioi,0.0,0.0,0.0,0.0,0,no_ps_link,13
633CRP7312,BGK,10',2026,20.48,3671.54,0.0,0.0,-3651.06,fmifiit_fmioi,0.0,0.0,0.0,0.0,0,no_ps_link,10'
633CRP7312,BGK,13,2026,0.0,67168.51,0.0,0.0,-67168.51,fmifiit_fmioi,0.0,0.0,0.0,0.0,0,no_ps_link,13
570TUN4000,RAB,PC,2026,5641.9,44399.03,142600.0,5976.06,-334.16,fmavct_kbfc,182330.26,374105.04,24500.0,-216274.78,1,1,10'|11|13
A230542101,DAR,10',2026,0.0,213.16,0.0,0.0,-213.16,fmifiit_fmioi,0.0,0.0,0.0,0.0,0,no_ps_link,10'
A230542101,DAR,13,2026,0.0,21315.34,0.0,0.0,-21315.34,fmifiit_fmioi,0.0,0.0,0.0,0.0,0,no_ps_link,13
3210421091,SHS,10',2026,9.04,4407.06,0.0,0.0,-4398.02,fmifiit_fmioi,0.0,0.0,0.0,0.0,0,no_ps_link,10'
3210421091,SHS,13,2026,0.0,66384.38,0.0,0.0,-66384.38,fmifiit_fmioi,0.0,0.0,0.0,0.0,0,no_ps_link,13
402EGY4001,MCO,10',2026,0.0,141.66,0.0,0.0,-141.66,fmifiit_fmioi,1103157.11,1639510.95,117997.84,-654351.68,6,1,10'
402EGY4001,MCO,13,2026,0.0,14163.47,0.0,0.0,-14163.47,fmifiit_fmioi,1103157.11,1639510.95,117997.84,-654351.68,6,1,13
534AFG4006,KAB,10',2026,0.0,9174.59,0.0,24609.3,-24609.3,fmavct_kbfc,6993976.02,523261.76,10028.06,6460686.2,15,2,10'
534AFG4006,KAB,13,2026,0.0,47865.23,0.0,2088.08,-2088.08,fmavct_kbfc,6993976.02,523261.76,10028.06,6460686.2,15,2,13
728RAS2002,ATA,PC,2026,72.94,80359.13,906549.71,40954.91,-40881.97,fmavct_kbfc,20502932.24,20036768.46,113814.0,352349.78,80,2,10'|11|13
728HAI2000,POP,PC,2026,133.35,163108.63,1055918.74,126387.24,-126253.89,fmavct_kbfc,29961057.9,12589917.34,127472.07,17243668.49,75,2,10'|11|13
473UKR0002,PAX,PC,2026,20.18,101496.17,0.0,9803.68,-9783.5,fmavct_kbfc,259234.45,103364.82,7295.98,148573.65,1,2,10'|13
526IRQ1000,BAG,PC,2026,21808.88,158631.72,401831.73,68.68,21740.2,fmavct_kbfc,16700468.56,5718580237.46,178685049.81,-5880564818.71,53,3,10'|11|13
534IRQ1002,BAG,PC,2026,0.0,19736.19,111652.0,608163.73,-608163.73,fmavct_kbfc,3660987.92,7198661404.98,0.0,-7195000417.06,5,1,10'|11|13
NIR1001324,ABU,PC,2026,33133.88,40090.74,419842.9,1250.0,31883.88,fmavct_kbfc,2654087.76,256641922.83,0.0,-253987835.07,34,3,10'|11|13
534LEB4002,BEI,PC,2026,0.0,52793.45,443986.12,8666.66,-8666.66,fmavct_kbfc,8049498.9,8638704.19,1684.55,-590889.84,18,1,10'|11|13
271AFG5001,KAB,PC,2026,0.0,16218.35,0.0,1500.0,-1500.0,fmavct_kbfc,1260440.53,80582.82,0.0,1179857.71,17,2,10'|13
526IRA1000,TEH,50,2026,0.0,667.84,24578.3,68.68,-68.68,fmavct_kbfc,8647120.66,211962402.62,43800.0,-203359081.96,99,1,50
526CMB5001,PNP,TC,2026,5231.65,107411.22,354737.16,10151.42,-4919.77,fmavct_kbfc,5499531.0,104617.06,13489.0,5381424.94,53,2,10'|11|13|20|40|50
235RSS1001,JUB,TC,2026,1717.3,23646.09,0.0,1723.12,-5.82,fmavct_kbfc,2295616.83,-72713.98,0.0,2368330.81,17,2,10'|11|13|50
213SAF2001,HAR,TC,2026,8169.48,102708.91,81347.0,1289.03,6880.45,fmavct_kbfc,1835058.18,248707.09,0.0,1586351.09,10,4,10'|11|13|20|30|40|50
473UKR4001,DCE,TC,2026,44.88,204857.36,417505.05,0.0,-622317.53,fmifiit_fmioi,1292958.61,-304383.67,11.08,1597331.2,6,2,10'|11|13|20|50
537RAF4005,HAR,TC,2026,2692.33,22678.56,178722.51,1088004.99,-1085312.66,fmavct_kbfc,803213.0,-290277.25,7005.0,1086485.25,22,2,10'|11|13|20|50
514UKR4000,CHP,PC,2026,29.92,47721.73,233519.78,75605533.14,-75605503.22,fmavct_kbfc,6770756.44,175150.82,1947.8,6593657.82,39,2,10'|11|13
537CMB4004,PNP,PC,2026,667.45,9038.68,0.0,1542.01,-874.56,fmavct_kbfc,218466.06,11277.66,0.0,207188.4,1,2,10'|13
221LIR1002,DAK,TC,2026,487.2,35216.75,55991.0,513.25,-26.05,fmavct_kbfc,113370.42,16219.45,13272.0,83878.97,3,2,10'|11|13|20|50
570IRQ4002,BAG,TC,2026,26031.81,175980.49,292009.79,2030.08,24001.73,fmavct_kbfc,9867167.69,79340590.82,69165415.75,-138638838.88,62,3,10'|11|13|20|40|50
A230542021,ABU,10',2026,0.0,225.55,0.0,0.0,-225.55,fmifiit_fmioi,0.0,0.0,0.0,0.0,0,no_ps_link,10'
A230542021,ABU,13,2026,0.0,22555.7,0.0,0.0,-22555.7,fmifiit_fmioi,0.0,0.0,0.0,0.0,0,no_ps_link,13
A230542041,ADI,10',2026,0.0,258.1,0.0,0.0,-258.1,fmifiit_fmioi,0.0,0.0,0.0,0.0,0,no_ps_link,10'
A230542041,ADI,13,2026,0.0,27268.19,0.0,0.0,-27268.19,fmifiit_fmioi,0.0,0.0,0.0,0.0,0,no_ps_link,13
A230542081,BUJ,10',2026,0.0,104.34,0.0,0.0,-104.34,fmifiit_fmioi,0.0,0.0,0.0,0.0,0,no_ps_link,10'
A230542081,BUJ,13,2026,0.0,10435.82,0.0,0.0,-10435.82,fmifiit_fmioi,0.0,0.0,0.0,0.0,0,no_ps_link,13
A230542121,HAR,10',2026,0.0,586.44,0.0,0.0,-586.44,fmifiit_fmioi,0.0,0.0,0.0,0.0,0,no_ps_link,10'
A230542121,HAR,13,2026,0.0,60632.61,0.0,0.0,-60632.61,fmifiit_fmioi,0.0,0.0,0.0,0.0,0,no_ps_link,13
A230542151,KNS,10',2026,0.0,328.23,0.0,0.0,-328.23,fmifiit_fmioi,0.0,0.0,0.0,0.0,0,no_ps_link,10'
A230542151,KNS,13,2026,0.0,32822.0,0.0,0.0,-32822.0,fmifiit_fmioi,0.0,0.0,0.0,0.0,0,no_ps_link,13
A230572011,KNS,10',2026,0.0,111.45,0.0,0.0,-111.45,fmifiit_fmioi,0.0,0.0,0.0,0.0,0,no_ps_link,10'
A230572011,KNS,13,2026,0.0,11145.0,0.0,0.0,-11145.0,fmifiit_fmioi,0.0,0.0,0.0,0.0,0,no_ps_link,13
A230542181,MAP,10',2026,0.0,282.62,0.0,0.0,-282.62,fmifiit_fmioi,0.0,0.0,0.0,0.0,0,no_ps_link,10'
A230542181,MAP,13,2026,0.0,30624.05,0.0,0.0,-30624.05,fmifiit_fmioi,0.0,0.0,0.0,0.0,0,no_ps_link,13
A230543031,BEI,10',2026,0.0,15.66,0.0,0.0,-15.66,fmifiit_fmioi,0.0,0.0,0.0,0.0,0,no_ps_link,10'
A230543031,BEI,13,2026,0.0,1350.75,0.0,0.0,-1350.75,fmifiit_fmioi,0.0,0.0,0.0,0.0,0,no_ps_link,13
A230543041,CAI,10',2026,0.0,292.25,0.0,0.0,-292.25,fmifiit_fmioi,0.0,0.0,0.0,0.0,0,no_ps_link,10'
A230543041,CAI,13,2026,0.0,15623.15,0.0,0.0,-15623.15,fmifiit_fmioi,0.0,0.0,0.0,0.0,0,no_ps_link,13
A230573021,CAI,10',2026,0.0,62.64,0.0,0.0,-62.64,fmifiit_fmioi,0.0,0.0,0.0,0.0,0,no_ps_link,10'
A230573021,CAI,13,2026,0.0,6262.28,0.0,0.0,-6262.28,fmifiit_fmioi,0.0,0.0,0.0,0.0,0,no_ps_link,13
A230544071,HAN,10',2026,0.0,134.27,0.0,0.0,-134.27,fmifiit_fmioi,0.0,0.0,0.0,0.0,0,no_ps_link,10'
A230544071,HAN,13,2026,0.0,13424.27,0.0,0.0,-13424.27,fmifiit_fmioi,0.0,0.0,0.0,0.0,0,no_ps_link,13
A230544131,PNP,10',2026,0.0,169.25,0.0,0.0,-169.25,fmifiit_fmioi,0.0,0.0,0.0,0.0,0,no_ps_link,10'
A230544131,PNP,13,2026,0.0,16922.25,0.0,0.0,-16922.25,fmifiit_fmioi,0.0,0.0,0.0,0.0,0,no_ps_link,13
A230544141,TAS,10',2026,0.0,340.0,0.0,0.0,-340.0,fmifiit_fmioi,0.0,0.0,0.0,0.0,0,no_ps_link,10'
A230544141,TAS,13,2026,0.0,33997.5,0.0,0.0,-33997.5,fmifiit_fmioi,0.0,0.0,0.0,0.0,0,no_ps_link,13
A230574021,TAS,10',2026,0.0,466.7,0.0,0.0,-466.7,fmifiit_fmioi,0.0,0.0,0.0,0.0,0,no_ps_link,10'
A230574021,TAS,13,2026,0.0,46675.85,0.0,0.0,-46675.85,fmifiit_fmioi,0.0,0.0,0.0,0.0,0,no_ps_link,13
A230544151,TEH,10',2026,40.92,1611.26,0.0,0.0,-1570.34,fmifiit_fmioi,0.0,0.0,0.0,0.0,0,no_ps_link,10'
A230544151,TEH,13,2026,0.0,23960.91,0.0,0.0,-23960.91,fmifiit_fmioi,0.0,0.0,0.0,0.0,0,no_ps_link,13
A230574031,TEH,10',2026,0.0,106.13,0.0,0.0,-106.13,fmifiit_fmioi,0.0,0.0,0.0,0.0,0,no_ps_link,10'
A230574031,TEH,13,2026,0.0,3685.0,0.0,0.0,-3685.0,fmifiit_fmioi,0.0,0.0,0.0,0.0,0,no_ps_link,13
A230574031,TEH,50,2026,0.0,852.82,10536.58,0.0,-11389.4,fmifiit_fmioi,0.0,0.0,0.0,0.0,0,no_ps_link,50
A230545031,HAV,10',2026,0.0,129.6,0.0,0.0,-129.6,fmifiit_fmioi,0.0,0.0,0.0,0.0,0,no_ps_link,10'
A230575011,HAV,10',2026,0.0,86.68,0.0,0.0,-86.68,fmifiit_fmioi,0.0,0.0,0.0,0.0,0,no_ps_link,10'
3230837101,POP,10',2026,10.19,10.19,0.0,0.0,0.0,fmifiit_fmioi,0.0,0.0,0.0,0.0,0,no_ps_link,10'
3230837101,POP,13,2026,1018.81,1018.81,0.0,0.0,0.0,fmifiit_fmioi,0.0,0.0,0.0,0.0,0,no_ps_link,13
A230545081,POP,10',2026,10.19,352.59,0.0,0.0,-342.4,fmifiit_fmioi,0.0,0.0,0.0,0.0,0,no_ps_link,10'
A230545081,POP,13,2026,1018.81,39288.88,0.0,0.0,-38270.07,fmifiit_fmioi,0.0,0.0,0.0,0.0,0,no_ps_link,13
A230545091,QUI,10',2026,0.0,69.95,0.0,0.0,-69.95,fmifiit_fmioi,0.0,0.0,0.0,0.0,0,no_ps_link,10'
A230545091,QUI,13,2026,0.0,6994.65,0.0,0.0,-6994.65,fmifiit_fmioi,0.0,0.0,0.0,0.0,0,no_ps_link,13
A230544101,KAB,10',2026,0.0,788.55,0.0,0.0,-788.55,fmifiit_fmioi,0.0,0.0,0.0,0.0,0,no_ps_link,10'
A230544101,KAB,13,2026,0.0,79626.93,0.0,0.0,-79626.93,fmifiit_fmioi,0.0,0.0,0.0,0.0,0,no_ps_link,13
A230574011,KAB,10',2026,0.0,31.73,0.0,0.0,-31.73,fmifiit_fmioi,0.0,0.0,0.0,0.0,0,no_ps_link,10'
A230574011,KAB,13,2026,0.0,3172.41,0.0,0.0,-3172.41,fmifiit_fmioi,0.0,0.0,0.0,0.0,0,no_ps_link,13
A230544061,DIL,10',2026,21.81,95.65,0.0,0.0,-73.84,fmifiit_fmioi,0.0,0.0,0.0,0.0,0,no_ps_link,10'
A230544061,DIL,13,2026,2181.84,9567.05,0.0,0.0,-7385.21,fmifiit_fmioi,0.0,0.0,0.0,0.0,0,no_ps_link,13
A230543021,BAG,10',2026,0.0,321.16,0.0,0.0,-321.16,fmifiit_fmioi,0.0,0.0,0.0,0.0,0,no_ps_link,10'
A230543021,BAG,13,2026,0.0,32113.52,0.0,0.0,-32113.52,fmifiit_fmioi,0.0,0.0,0.0,0.0,0,no_ps_link,13
A230573011,BAG,10',2026,0.0,144.8,0.0,0.0,-144.8,fmifiit_fmioi,0.0,0.0,0.0,0.0,0,no_ps_link,10'
A230573011,BAG,13,2026,0.0,14478.0,0.0,0.0,-14478.0,fmifiit_fmioi,0.0,0.0,0.0,0.0,0,no_ps_link,13
A230543061,KHA,10',2026,0.0,246.26,0.0,0.0,-246.26,fmifiit_fmioi,0.0,0.0,0.0,0.0,0,no_ps_link,10'
A230543061,KHA,13,2026,0.0,24626.34,0.0,0.0,-24626.34,fmifiit_fmioi,0.0,0.0,0.0,0.0,0,no_ps_link,13
A230542131,JUB,10',2026,0.0,483.55,0.0,0.0,-483.55,fmifiit_fmioi,0.0,0.0,0.0,0.0,0,no_ps_link,10'
A230542131,JUB,13,2026,0.0,48351.2,0.0,0.0,-48351.2,fmifiit_fmioi,0.0,0.0,0.0,0.0,0,no_ps_link,13
3230835012,ATA,13,2026,0.0,34464.96,0.0,0.0,-34464.96,fmifiit_fmioi,0.0,0.0,0.0,0.0,0,no_ps_link,13
3210514092,HAN,13,2026,0.0,9752.33,0.0,0.0,-9752.33,fmifiit_fmioi,0.0,0.0,0.0,0.0,0,no_ps_link,13
3210514102,TAS,10',2026,0.0,264.36,0.0,0.0,-264.36,fmifiit_fmioi,0.0,0.0,0.0,0.0,0,no_ps_link,10'
3210514102,TAS,13,2026,0.0,3061.25,0.0,0.0,-3061.25,fmifiit_fmioi,0.0,0.0,0.0,0.0,0,no_ps_link,13
3230837032,HAV,10',2026,0.0,9.94,0.0,0.0,-9.94,fmifiit_fmioi,0.0,0.0,0.0,0.0,0,no_ps_link,10'
3230837032,HAV,13,2026,0.0,993.69,0.0,0.0,-993.69,fmifiit_fmioi,0.0,0.0,0.0,0.0,0,no_ps_link,13
511IES4595,IES,10',2026,0.0,638.22,0.0,0.0,-638.22,fmifiit_fmioi,0.0,0.0,0.0,0.0,0,no_ps_link,10'
511IES4595,IES,13,2026,0.0,63823.46,0.0,0.0,-63823.46,fmifiit_fmioi,0.0,0.0,0.0,0.0,0,no_ps_link,13
633CRP1602,ABU,13,2026,0.0,11572.7,0.0,0.0,-11572.7,fmifiit_fmioi,0.0,0.0,0.0,0.0,0,no_ps_link,13
633CRP7302,ABU,10',2026,164.24,9217.1,0.0,0.0,-9052.86,fmifiit_fmioi,0.0,0.0,0.0,0.0,0,no_ps_link,10'
633CRP7302,ABU,13,2026,0.0,10990.97,0.0,0.0,-10990.97,fmifiit_fmioi,0.0,0.0,0.0,0.0,0,no_ps_link,13
633CRP4123,HAR,10',2026,0.0,124.76,0.0,0.0,-124.76,fmifiit_fmioi,0.0,0.0,0.0,0.0,0,no_ps_link,10'
633CRP4123,HAR,13,2026,0.0,12475.2,0.0,0.0,-12475.2,fmifiit_fmioi,0.0,0.0,0.0,0.0,0,no_ps_link,13
633CRP5123,HAR,10',2026,0.0,12.98,0.0,0.0,-12.98,fmifiit_fmioi,0.0,0.0,0.0,0.0,0,no_ps_link,10'
633CRP5123,HAR,13,2026,0.0,1298.44,0.0,0.0,-1298.44,fmifiit_fmioi,0.0,0.0,0.0,0.0,0,no_ps_link,13
633CRP7323,HAR,10',2026,0.0,6582.38,0.0,0.0,-6582.38,fmifiit_fmioi,0.0,0.0,0.0,0.0,0,no_ps_link,10'
633CRP7323,HAR,13,2026,0.0,23240.38,0.0,0.0,-23240.38,fmifiit_fmioi,0.0,0.0,0.0,0.0,0,no_ps_link,13
633TFC7323,HAR,10',2026,11.57,55839.85,0.0,0.0,-55828.28,fmifiit_fmioi,0.0,0.0,0.0,0.0,0,no_ps_link,10'
633CRP7336,KNS,10',2026,0.0,239.72,0.0,0.0,-239.72,fmifiit_fmioi,0.0,0.0,0.0,0.0,0,no_ps_link,10'
633CRP7336,KNS,13,2026,0.0,17345.0,0.0,0.0,-17345.0,fmifiit_fmioi,0.0,0.0,0.0,0.0,0,no_ps_link,13
633CRP1610,BEI,10',2026,10.42,4841.24,0.0,0.0,-4830.82,fmifiit_fmioi,0.0,0.0,0.0,0.0,0,no_ps_link,10'
633CRP1610,BEI,13,2026,0.0,15137.6,0.0,0.0,-15137.6,fmifiit_fmioi,0.0,0.0,0.0,0.0,0,no_ps_link,13
633CRP2610,BEI,10',2026,0.0,963.25,0.0,0.0,-963.25,fmifiit_fmioi,0.0,0.0,0.0,0.0,0,no_ps_link,10'
633CRP2610,BEI,13,2026,0.0,11425.49,0.0,0.0,-11425.49,fmifiit_fmioi,0.0,0.0,0.0,0.0,0,no_ps_link,13
633CRP4510,BEI,10',2026,0.0,153.27,0.0,0.0,-153.27,fmifiit_fmioi,0.0,0.0,0.0,0.0,0,no_ps_link,10'
633CRP4510,BEI,13,2026,0.0,741.92,0.0,0.0,-741.92,fmifiit_fmioi,0.0,0.0,0.0,0.0,0,no_ps_link,13
633CRP5510,BEI,10',2026,0.0,474.04,0.0,0.0,-474.04,fmifiit_fmioi,0.0,0.0,0.0,0.0,0,no_ps_link,10'
633CRP5510,BEI,13,2026,0.0,851.12,0.0,0.0,-851.12,fmifiit_fmioi,0.0,0.0,0.0,0.0,0,no_ps_link,13
633CRP7316,CAI,10',2026,0.0,38.57,0.0,0.0,-38.57,fmifiit_fmioi,0.0,0.0,0.0,0.0,0,no_ps_link,10'
633CRP7316,CAI,13,2026,0.0,3854.8,0.0,0.0,-3854.8,fmifiit_fmioi,0.0,0.0,0.0,0.0,0,no_ps_link,13
633CRP2207,ATA,10',2026,56.65,3256.32,0.0,0.0,-3199.67,fmifiit_fmioi,0.0,0.0,0.0,0.0,0,no_ps_link,10'
633CRP2207,ATA,13,2026,1486.11,5575.4,0.0,0.0,-4089.29,fmifiit_fmioi,0.0,0.0,0.0,0.0,0,no_ps_link,13
633CRP4107,ATA,10',2026,0.0,72.2,0.0,0.0,-72.2,fmifiit_fmioi,0.0,0.0,0.0,0.0,0,no_ps_link,10'
633CRP4107,ATA,13,2026,0.0,7218.0,0.0,0.0,-7218.0,fmifiit_fmioi,0.0,0.0,0.0,0.0,0,no_ps_link,13
633CRP5207,ATA,10',2026,0.0,1212.49,0.0,0.0,-1212.49,fmifiit_fmioi,0.0,0.0,0.0,0.0,0,no_ps_link,10'
633CRP5207,ATA,13,2026,0.0,497.09,0.0,0.0,-497.09,fmifiit_fmioi,0.0,0.0,0.0,0.0,0,no_ps_link,13
633CRP7307,ATA,10',2026,45.42,1064.05,0.0,0.0,-1018.63,fmifiit_fmioi,0.0,0.0,0.0,0.0,0,no_ps_link,10'
633CRP7307,ATA,13,2026,0.0,42491.7,0.0,0.0,-42491.7,fmifiit_fmioi,0.0,0.0,0.0,0.0,0,no_ps_link,13
633CRP1622,HAN,10',2026,30.18,2465.96,0.0,0.0,-2435.78,fmifiit_fmioi,0.0,0.0,0.0,0.0,0,no_ps_link,10'
633CRP1622,HAN,13,2026,0.0,17203.46,0.0,0.0,-17203.46,fmifiit_fmioi,0.0,0.0,0.0,0.0,0,no_ps_link,13
633CRP7345,PNP,13,2026,0.0,24736.12,0.0,0.0,-24736.12,fmifiit_fmioi,0.0,0.0,0.0,0.0,0,no_ps_link,13
633CRP7352,TAS,10',2026,189.5,3101.09,0.0,0.0,-2911.59,fmifiit_fmioi,0.0,0.0,0.0,0.0,0,no_ps_link,10'
633CRP1453,TEH,10',2026,116.26,129.54,0.0,0.0,-13.28,fmifiit_fmioi,0.0,0.0,0.0,0.0,0,no_ps_link,10'
633CRP1453,TEH,13,2026,0.0,3551.5,0.0,0.0,-3551.5,fmifiit_fmioi,0.0,0.0,0.0,0.0,0,no_ps_link,13
633CRP1453,TEH,50,2026,0.0,126.06,0.0,0.0,-126.06,fmifiit_fmioi,0.0,0.0,0.0,0.0,0,no_ps_link,50
633CRP7353,TEH,10',2026,0.0,419.52,0.0,0.0,-419.52,fmifiit_fmioi,0.0,0.0,0.0,0.0,0,no_ps_link,10'
633CRP7353,TEH,13,2026,0.0,4259.9,0.0,0.0,-4259.9,fmifiit_fmioi,0.0,0.0,0.0,0.0,0,no_ps_link,13
633CRP7353,TEH,50,2026,0.0,166.46,0.0,0.0,-166.46,fmifiit_fmioi,0.0,0.0,0.0,0.0,0,no_ps_link,50
633CRP7324,HAV,10',2026,0.0,9904.79,0.0,0.0,-9904.79,fmifiit_fmioi,0.0,0.0,0.0,0.0,0,no_ps_link,10'
633CRP7324,HAV,13,2026,0.0,5618.08,0.0,0.0,-5618.08,fmifiit_fmioi,0.0,0.0,0.0,0.0,0,no_ps_link,13
633CRP7346,POP,10',2026,144.64,164.88,0.0,0.0,-20.24,fmifiit_fmioi,0.0,0.0,0.0,0.0,0,no_ps_link,10'
633CRP7346,POP,13,2026,0.0,18358.16,0.0,0.0,-18358.16,fmifiit_fmioi,0.0,0.0,0.0,0.0,0,no_ps_link,13
633CRP7332,KAB,10',2026,0.0,3214.24,0.0,0.0,-3214.24,fmifiit_fmioi,0.0,0.0,0.0,0.0,0,no_ps_link,10'
633CRP7332,KAB,13,2026,0.0,24309.24,0.0,0.0,-24309.24,fmifiit_fmioi,0.0,0.0,0.0,0.0,0,no_ps_link,13
637FOR7332,KAB,10',2026,0.0,116.65,0.0,0.0,-116.65,fmifiit_fmioi,0.0,0.0,0.0,0.0,0,no_ps_link,10'
637FOR7332,KAB,13,2026,0.0,11663.25,0.0,0.0,-11663.25,fmifiit_fmioi,0.0,0.0,0.0,0.0,0,no_ps_link,13
633CRP1134,KHA,10',2026,0.0,608.54,0.0,0.0,-608.54,fmifiit_fmioi,0.0,0.0,0.0,0.0,0,no_ps_link,10'
633CRP1134,KHA,13,2026,0.0,7582.6,0.0,0.0,-7582.6,fmifiit_fmioi,0.0,0.0,0.0,0.0,0,no_ps_link,13
633CRP7334,KHA,10',2026,101.44,8039.33,0.0,0.0,-7937.89,fmifiit_fmioi,0.0,0.0,0.0,0.0,0,no_ps_link,10'
633CRP7334,KHA,13,2026,0.0,17229.12,0.0,0.0,-17229.12,fmifiit_fmioi,0.0,0.0,0.0,0.0,0,no_ps_link,13
633CRP7340,MTD,10',2026,0.0,83.4,0.0,0.0,-83.4,fmifiit_fmioi,0.0,0.0,0.0,0.0,0,no_ps_link,10'
633CRP7340,MTD,13,2026,0.0,8340.58,0.0,0.0,-8340.58,fmifiit_fmioi,0.0,0.0,0.0,0.0,0,no_ps_link,13
A210264011,API,10',2026,0.0,87.99,0.0,0.0,-87.99,fmifiit_fmioi,0.0,0.0,0.0,0.0,0,no_ps_link,10'
A210264011,API,13,2026,0.0,8799.17,0.0,0.0,-8799.17,fmifiit_fmioi,0.0,0.0,0.0,0.0,0,no_ps_link,13
A230544021,API,10',2026,0.0,75.94,0.0,0.0,-75.94,fmifiit_fmioi,0.0,0.0,0.0,0.0,0,no_ps_link,10'
A230544021,API,13,2026,0.0,7594.57,0.0,0.0,-7594.57,fmifiit_fmioi,0.0,0.0,0.0,0.0,0,no_ps_link,13
633CRP7306,API,10',2026,15.71,3760.78,0.0,0.0,-3745.07,fmifiit_fmioi,0.0,0.0,0.0,0.0,0,no_ps_link,10'
633CRP7306,API,13,2026,0.0,615.0,0.0,0.0,-615.0,fmifiit_fmioi,0.0,0.0,0.0,0.0,0,no_ps_link,13
261CMR3000,YAO,PC,2026,4732.0,20343.1,34422.73,37399.3,-32667.3,fmavct_kbfc,634043.04,389284.28,0.0,244758.76,8,2,10'|11|13
201CMR1004,YAO,PC,2026,65622.57,65326.0,210377.22,108288.15,-42665.58,fmavct_kbfc,7262552.39,-304261.9,0.0,7566814.29,23,2,10'|11|13
272GAB2000,LBV,PC,2026,6360.24,35833.85,0.0,0.0,-29473.61,fmifiit_fmioi,1399984.36,288597.37,0.0,1111386.99,11,2,10'|11|13
218BDI2000,YAO,TC,2026,3567.14,39674.03,65030.94,1420.0,2147.14,fmavct_kbfc,420560.74,298799.68,0.0,121761.06,8,4,10'|11|13|20|50
927CMR5001,YAO,PC,2026,14094.23,104534.63,101927.36,85630.74,-71536.51,fmavct_kbfc,6914313.88,635575.47,116428.97,6162309.44,32,2,10'|11|13
221PRC1001,BRV,PC,2026,44152.62,135955.28,53055.1,320.99,43831.63,fmavct_kbfc,353483.3,969003.16,0.0,-615519.86,4,3,10'|11|13
700CMR1004,YAO,TC,2026,46089.97,121674.22,261890.88,24410.23,21679.74,fmavct_kbfc,1420918.0,476521.08,0.0,944396.92,18,4,10'|11|13|20|40|50
235CMR5001,YAO,TC,2026,193.21,20588.6,57171.69,45084.4,-44891.19,fmavct_kbfc,354995.44,93599.91,12560.46,248835.07,42,2,10'|13|20
727PRC1012,BRV,TC,2026,441.71,48300.15,113088.85,697385.63,-696943.92,fmavct_kbfc,724402.0,150036.0,2437.5,571928.5,5,2,10'|11|13|20|30|40|50
A230542071,BRV,10',2026,0.0,156.75,0.0,0.0,-156.75,fmifiit_fmioi,0.0,0.0,0.0,0.0,0,no_ps_link,10'
A230542071,BRV,13,2026,0.0,15673.64,0.0,0.0,-15673.64,fmifiit_fmioi,0.0,0.0,0.0,0.0,0,no_ps_link,13
A230542161,LBV,10',2026,0.0,278.83,0.0,0.0,-278.83,fmifiit_fmioi,0.0,0.0,0.0,0.0,0,no_ps_link,10'
A230542161,LBV,13,2026,0.0,27883.0,0.0,0.0,-27883.0,fmifiit_fmioi,0.0,0.0,0.0,0.0,0,no_ps_link,13
2230833213,YAO,10',2026,0.0,217.78,0.0,0.0,-217.78,fmifiit_fmioi,0.0,0.0,0.0,0.0,0,no_ps_link,10'
2230833213,YAO,13,2026,0.0,21778.64,0.0,0.0,-21778.64,fmifiit_fmioi,0.0,0.0,0.0,0.0,0,no_ps_link,13
3230833212,YAO,13,2026,6409.28,80397.85,0.0,0.0,-73988.57,fmifiit_fmioi,0.0,0.0,0.0,0.0,0,no_ps_link,13
3230833212,YAO,10',2026,0.0,739.89,0.0,0.0,-739.89,fmifiit_fmioi,0.0,0.0,0.0,0.0,0,no_ps_link,10'
633CRP1658,YAO,10',2026,164.0,2296.43,0.0,0.0,-2132.43,fmifiit_fmioi,0.0,0.0,0.0,0.0,0,no_ps_link,10'
633CRP1658,YAO,13,2026,0.0,48911.77,0.0,0.0,-48911.77,fmifiit_fmioi,0.0,0.0,0.0,0.0,0,no_ps_link,13
633CRP2158,YAO,10',2026,0.0,235.51,0.0,0.0,-235.51,fmifiit_fmioi,0.0,0.0,0.0,0.0,0,no_ps_link,10'
633CRP2158,YAO,13,2026,0.0,16036.74,0.0,0.0,-16036.74,fmifiit_fmioi,0.0,0.0,0.0,0.0,0,no_ps_link,13
633CRP7358,YAO,13,2026,0.0,3018.41,0.0,0.0,-3018.41,fmifiit_fmioi,0.0,0.0,0.0,0.0,0,no_ps_link,13
633CRP7358,YAO,10',2026,173.76,26216.4,0.0,0.0,-26042.64,fmifiit_fmioi,0.0,0.0,0.0,0.0,0,no_ps_link,10'
637FOR7358,YAO,10',2026,0.0,62.29,0.0,0.0,-62.29,fmifiit_fmioi,0.0,0.0,0.0,0.0,0,no_ps_link,10'
637FOR7358,YAO,13,2026,0.0,6468.81,0.0,0.0,-6468.81,fmifiit_fmioi,0.0,0.0,0.0,0.0,0,no_ps_link,13
235MLI1001,BAM,TC,2026,1675.12,139301.89,712408.48,2091.85,-416.73,fmavct_kbfc,955500.0,306536.36,238191.84,410771.8,41,2,10'|13|20
537SEN4000,DAK,PC,2026,2869.12,10373.08,0.0,0.09,2869.03,fmavct_kbfc,559633.0,-554298.7,0.0,1113931.7,1,4,10'|11|13
235GBS1000,DAK,TC,2026,1558.2,22477.33,64777.98,169972.61,-168414.41,fmavct_kbfc,538676.49,70250.71,4405.47,464020.31,33,2,10'|13|20|40|50
406SEN3000,DAK,TC,2026,0.0,32304.77,50212.36,1849.15,-1849.15,fmavct_kbfc,150000.0,81093.93,0.0,68906.07,1,2,10'|13|20|30|50
A230542061,BAM,10',2026,0.0,282.53,0.0,0.0,-282.53,fmifiit_fmioi,0.0,0.0,0.0,0.0,0,no_ps_link,10'
A230542061,BAM,13,2026,0.0,28259.2,0.0,0.0,-28259.2,fmifiit_fmioi,0.0,0.0,0.0,0.0,0,no_ps_link,13
A230542091,DAK,10',2026,0.0,101.89,0.0,0.0,-101.89,fmifiit_fmioi,0.0,0.0,0.0,0.0,0,no_ps_link,10'
A230542091,DAK,13,2026,0.0,10188.89,0.0,0.0,-10188.89,fmifiit_fmioi,0.0,0.0,0.0,0.0,0,no_ps_link,13
A230542011,ABJ,10',2026,0.0,241.98,0.0,0.0,-241.98,fmifiit_fmioi,0.0,0.0,0.0,0.0,0,no_ps_link,10'
A230542011,ABJ,13,2026,0.0,24558.08,0.0,0.0,-24558.08,fmifiit_fmioi,0.0,0.0,0.0,0.0,0,no_ps_link,13
633CRP1717,DAK,10',2026,118.8,2133.45,0.0,0.0,-2014.65,fmifiit_fmioi,0.0,0.0,0.0,0.0,0,no_ps_link,10'
633CRP1717,DAK,13,2026,11334.28,99241.94,0.0,0.0,-87907.66,fmifiit_fmioi,0.0,0.0,0.0,0.0,0,no_ps_link,13
633CRP2117,DAK,10',2026,0.0,75.45,0.0,0.0,-75.45,fmifiit_fmioi,0.0,0.0,0.0,0.0,0,no_ps_link,10'
633CRP2117,DAK,13,2026,0.0,7544.72,0.0,0.0,-7544.72,fmifiit_fmioi,0.0,0.0,0.0,0.0,0,no_ps_link,13
633CRP4117,DAK,10',2026,0.0,1.74,0.0,0.0,-1.74,fmifiit_fmioi,0.0,0.0,0.0,0.0,0,no_ps_link,10'
633CRP4117,DAK,13,2026,0.0,173.77,0.0,0.0,-173.77,fmifiit_fmioi,0.0,0.0,0.0,0.0,0,no_ps_link,13
633CRP5217,DAK,10',2026,160.42,8591.42,0.0,0.0,-8431.0,fmifiit_fmioi,0.0,0.0,0.0,0.0,0,no_ps_link,10'
633CRP5217,DAK,13,2026,0.0,20978.85,0.0,0.0,-20978.85,fmifiit_fmioi,0.0,0.0,0.0,0.0,0,no_ps_link,13
633CRP7317,DAK,10',2026,112.51,9855.31,0.0,0.0,-9742.8,fmifiit_fmioi,0.0,0.0,0.0,0.0,0,no_ps_link,10'
633CRP7317,DAK,13,2026,0.0,21543.49,0.0,0.0,-21543.49,fmifiit_fmioi,0.0,0.0,0.0,0.0,0,no_ps_link,13
633CRP7301,ABJ,10',2026,47.68,2552.72,0.0,0.0,-2505.04,fmifiit_fmioi,0.0,0.0,0.0,0.0,0,no_ps_link,10'
633CRP7301,ABJ,13,2026,0.0,4392.16,0.0,0.0,-4392.16,fmifiit_fmioi,0.0,0.0,0.0,0.0,0,no_ps_link,13
549RER4009,VNI,50,2026,0.0,755.73,0.0,98926.16,-98926.16,fmavct_kbfc,11787094.36,-540263.02,81836.0,12245521.38,47,2,50
RER0115716,VNI,50,2026,0.0,133.58,0.0,208.33,-208.33,fmavct_kbfc,10552473.9,205967.28,1023.0,10345483.62,47,2,50
235MNE4001,SAR,50,2026,0.0,918.06,2808.0,11157.84,-11157.84,fmavct_kbfc,1061100.0,-182319.1,29400.0,1214019.1,33,2,50
549RER4010,SAR,TC,2026,5447.1,54446.43,225095.89,87828.45,-82381.35,fmavct_kbfc,877442.23,60099.26,5000.0,812342.97,8,2,10'|11|13|20|50
A230586051,SAR,13,2026,0.0,53351.58,0.0,0.0,-53351.58,fmifiit_fmioi,0.0,0.0,0.0,0.0,0,no_ps_link,13
A230586051,SAR,10',2026,0.0,942.44,0.0,0.0,-942.44,fmifiit_fmioi,0.0,0.0,0.0,0.0,0,no_ps_link,10'
A230586051,SAR,50,2026,0.0,233.4,0.0,0.0,-233.4,fmifiit_fmioi,0.0,0.0,0.0,0.0,0,no_ps_link,50
636TPF9001,UNESCO,REVENUE,2026,0.0,350512.54,0.0,0.0,-350512.54,fmifiit_fmioi,0.0,0.0,0.0,0.0,0,no_ps_link,REVENUE
570RLA1017,SJO,20,2026,0.0,80355.09,179591.68,4440.32,-4440.32,fmavct_kbfc,169899.07,1259450.1,0.0,-1089551.03,1,1,20
199GLO4042,LHE,TC,2026,0.0,8422.0,16844.0,354.84,-354.84,fmavct_kbfc,11567.85,8422.0,25266.0,-22120.15,1,1,20
633CRP7347,QUI,20,2026,0.0,2953.95,9507.9,0.0,-12461.85,fmifiit_fmioi,0.0,0.0,0.0,0.0,0,no_ps_link,20
185GEF0006,POP,50,2026,0.0,1486.52,0.0,0.0,-1486.52,fmifiit_fmioi,0.0,0.0,0.0,0.0,0,no_ps_link,50
3210685051,MTD,10',2026,83.21,17948.8,0.0,0.0,-17865.59,fmifiit_fmioi,0.0,0.0,0.0,0.0,0,no_ps_link,10'
A230545051,LIM,40,2026,0.0,7860.73,24737.13,0.0,-32597.86,fmifiit_fmioi,0.0,0.0,0.0,0.0,0,no_ps_link,40
A230545021,GUC,40,2026,0.0,32555.71,99422.25,0.0,-131977.96,fmifiit_fmioi,0.0,0.0,0.0,0.0,0,no_ps_link,40
537RAS4002,BGK,20,2026,0.0,87034.0,184508.0,261936.96,-261936.96,fmavct_kbfc,458715.0,168776.42,18754.0,271184.58,1,2,20
633CRP1307,ATA,10',2026,95.99,1188.62,0.0,0.0,-1092.63,fmifiit_fmioi,0.0,0.0,0.0,0.0,0,no_ps_link,10'
3230835012,ATA,40,2026,0.0,53.62,19204.64,0.0,-19258.26,fmifiit_fmioi,0.0,0.0,0.0,0.0,0,no_ps_link,40
3210514032,PNP,11,2026,0.0,10049.0,75316.2,0.0,-85365.2,fmifiit_fmioi,0.0,0.0,0.0,0.0,0,no_ps_link,11
637FOR7311,BEJ,40,2026,0.0,60.24,0.0,0.0,-60.24,fmifiit_fmioi,0.0,0.0,0.0,0.0,0,no_ps_link,40
3230831031,DBS,40,2026,0.0,403351.63,874843.2,0.0,-1278194.83,fmifiit_fmioi,0.0,0.0,0.0,0.0,0,no_ps_link,40
680IOS4102,AUD,10',2026,0.0,504.25,0.0,0.0,-504.25,fmifiit_fmioi,0.0,0.0,0.0,0.0,0,no_ps_link,10'
261ZIM3001,HAR,50,2026,0.0,2274.61,3450.78,0.0,-5725.39,fmifiit_fmioi,678700.14,69367.69,0.0,609332.45,8,2,50
680IOS4102,AUD,50,2026,62.66,3896.24,0.0,0.0,-3833.58,fmifiit_fmioi,0.0,0.0,0.0,0.0,0,no_ps_link,50
3230833121,HAR,20,2026,0.0,208.25,127871.36,0.0,-128079.61,fmifiit_fmioi,0.0,0.0,0.0,0.0,0,no_ps_link,20
A230211011,GEN,11,2026,0.0,25082.16,69441.42,0.0,-94523.58,fmifiit_fmioi,0.0,0.0,0.0,0.0,0,no_ps_link,11
3210164061,BEJ,20,2026,0.0,0.0,3391.0,0.0,-3391.0,fmifiit_fmioi,0.0,0.0,0.0,0.0,0,no_ps_link,20
3210174051,BEJ,20,2026,0.0,0.0,12059.52,0.0,-12059.52,fmifiit_fmioi,0.0,0.0,0.0,0.0,0,no_ps_link,20
3210144091,BEJ,20,2026,0.0,0.0,140995.4,0.0,-140995.4,fmifiit_fmioi,0.0,0.0,0.0,0.0,0,no_ps_link,20
355GLO9000,BFM,REVENUE,2026,317400.0,0.0,0.0,0.0,317400.0,fmifiit_fmioi,0.0,568377.78,0.0,-568377.78,1,3,REVENUE
355GLO5008,IPD,REVENUE,2026,250000.0,0.0,0.0,0.0,250000.0,fmifiit_fmioi,1334735.44,-191275.0,26250.0,1499760.44,19,4,REVENUE
A210344011,BRI,13,2026,0.0,47485.85,0.0,0.0,-47485.85,fmifiit_fmioi,0.0,0.0,0.0,0.0,0,no_ps_link,13
A210344011,BRI,10',2026,0.0,854.4,0.0,0.0,-854.4,fmifiit_fmioi,0.0,0.0,0.0,0.0,0,no_ps_link,10'
A210344011,BRI,50,2026,0.0,314.95,0.0,0.0,-314.95,fmifiit_fmioi,0.0,0.0,0.0,0.0,0,no_ps_link,50
3210214231,DHA,13,2026,0.0,3175.96,0.0,0.0,-3175.96,fmifiit_fmioi,0.0,0.0,0.0,0.0,0,no_ps_link,13
3210214231,DHA,10',2026,0.0,57.94,0.0,0.0,-57.94,fmifiit_fmioi,0.0,0.0,0.0,0.0,0,no_ps_link,10'
3210224161,DHA,13,2026,280.03,3175.96,0.0,0.0,-2895.93,fmifiit_fmioi,0.0,0.0,0.0,0.0,0,no_ps_link,13
3210224161,DHA,10',2026,2.78,57.94,0.0,0.0,-55.16,fmifiit_fmioi,0.0,0.0,0.0,0.0,0,no_ps_link,10'
A2305B4051,DHA,13,2026,0.0,55720.0,0.0,0.0,-55720.0,fmifiit_fmioi,0.0,0.0,0.0,0.0,0,no_ps_link,13
A2305B4051,DHA,10',2026,0.0,979.67,0.0,0.0,-979.67,fmifiit_fmioi,0.0,0.0,0.0,0.0,0,no_ps_link,10'
636TPF9000,UNESCO,REVENUE,2026,157273.78,644013.22,0.0,0.0,-486739.44,fmifiit_fmioi,0.0,0.0,0.0,0.0,0,no_ps_link,REVENUE
633CRP1119,DHA,13,2026,0.0,4734.02,0.0,0.0,-4734.02,fmifiit_fmioi,0.0,0.0,0.0,0.0,0,no_ps_link,13
633CRP1119,DHA,10',2026,0.0,272.02,0.0,0.0,-272.02,fmifiit_fmioi,0.0,0.0,0.0,0.0,0,no_ps_link,10'
A2101H5031,BRZ,13,2026,0.0,69969.42,0.0,0.0,-69969.42,fmifiit_fmioi,0.0,0.0,0.0,0.0,0,no_ps_link,13
A2101H5031,BRZ,10',2026,0.0,1252.02,0.0,0.0,-1252.02,fmifiit_fmioi,0.0,0.0,0.0,0.0,0,no_ps_link,10'
A2102C5011,BRZ,13,2026,0.0,56038.58,0.0,0.0,-56038.58,fmifiit_fmioi,0.0,0.0,0.0,0.0,0,no_ps_link,13
A2102C5011,BRZ,10',2026,0.0,1003.63,0.0,0.0,-1003.63,fmifiit_fmioi,0.0,0.0,0.0,0.0,0,no_ps_link,10'
A2104A5011,BRZ,13,2026,0.0,43481.91,0.0,0.0,-43481.91,fmifiit_fmioi,0.0,0.0,0.0,0.0,0,no_ps_link,13
A2104A5011,BRZ,10',2026,0.0,763.92,0.0,0.0,-763.92,fmifiit_fmioi,0.0,0.0,0.0,0.0,0,no_ps_link,10'
A210595011,BRZ,13,2026,0.0,45071.92,0.0,0.0,-45071.92,fmifiit_fmioi,0.0,0.0,0.0,0.0,0,no_ps_link,13
A210595011,BRZ,10',2026,0.0,808.02,0.0,0.0,-808.02,fmifiit_fmioi,0.0,0.0,0.0,0.0,0,no_ps_link,10'
A2106C5011,BRZ,13,2026,0.0,33110.1,0.0,0.0,-33110.1,fmifiit_fmioi,0.0,0.0,0.0,0.0,0,no_ps_link,13
A2106C5011,BRZ,10',2026,0.0,594.38,0.0,0.0,-594.38,fmifiit_fmioi,0.0,0.0,0.0,0.0,0,no_ps_link,10'
A2305B5031,BRZ,13,2026,0.0,64624.37,0.0,0.0,-64624.37,fmifiit_fmioi,0.0,0.0,0.0,0.0,0,no_ps_link,13
A2305B5031,BRZ,10',2026,0.0,2346.1,0.0,0.0,-2346.1,fmifiit_fmioi,0.0,0.0,0.0,0.0,0,no_ps_link,10'
A2305B6021,GLO,13,2026,0.0,74363.37,0.0,0.0,-74363.37,fmifiit_fmioi,0.0,0.0,0.0,0.0,0,no_ps_link,13
A2305B6021,GLO,10',2026,0.0,1331.21,0.0,0.0,-1331.21,fmifiit_fmioi,0.0,0.0,0.0,0.0,0,no_ps_link,10'
A2101H5131,STG,10',2026,0.0,6369.2,0.0,0.0,-6369.2,fmifiit_fmioi,0.0,0.0,0.0,0.0,0,no_ps_link,10'
A2101H5131,STG,13,2026,0.0,64156.57,0.0,0.0,-64156.57,fmifiit_fmioi,0.0,0.0,0.0,0.0,0,no_ps_link,13
A2305B5131,STG,13,2026,0.0,148688.24,0.0,0.0,-148688.24,fmifiit_fmioi,0.0,0.0,0.0,0.0,0,no_ps_link,13
A2305B5131,STG,10',2026,0.0,3965.37,0.0,0.0,-3965.37,fmifiit_fmioi,0.0,0.0,0.0,0.0,0,no_ps_link,10'
A2101H4041,BEJ,13,2026,0.0,32517.36,0.0,0.0,-32517.36,fmifiit_fmioi,0.0,0.0,0.0,0.0,0,no_ps_link,13
A2101H4041,BEJ,10',2026,44.0,2248.27,0.0,0.0,-2204.27,fmifiit_fmioi,0.0,0.0,0.0,0.0,0,no_ps_link,10'
A2106C4031,BEJ,13,2026,0.0,56247.89,0.0,0.0,-56247.89,fmifiit_fmioi,0.0,0.0,0.0,0.0,0,no_ps_link,13
A2106C4031,BEJ,10',2026,0.0,997.54,0.0,0.0,-997.54,fmifiit_fmioi,0.0,0.0,0.0,0.0,0,no_ps_link,10'
A2305B4041,BEJ,10',2026,0.0,4097.4,0.0,0.0,-4097.4,fmifiit_fmioi,0.0,0.0,0.0,0.0,0,no_ps_link,10'
A2305B4041,BEJ,13,2026,0.0,145680.11,0.0,0.0,-145680.11,fmifiit_fmioi,0.0,0.0,0.0,0.0,0,no_ps_link,13
A230582111,DJB,13,2026,0.0,29267.91,0.0,0.0,-29267.91,fmifiit_fmioi,0.0,0.0,0.0,0.0,0,no_ps_link,13
A230582111,DJB,10',2026,0.0,530.11,0.0,0.0,-530.11,fmifiit_fmioi,0.0,0.0,0.0,0.0,0,no_ps_link,10'
A230582111,DJB,50,2026,0.0,181.45,0.0,0.0,-181.45,fmifiit_fmioi,0.0,0.0,0.0,0.0,0,no_ps_link,50
665GLO2000,HYD,13,2026,0.0,185650.17,0.0,4625.36,-4625.36,fmavct_kbfc,4750147.94,1344381.75,9361.9,3396404.29,1,2,13
507RAF2000,TWA,13,2026,0.0,64261.39,0.0,0.0,-64261.39,fmifiit_fmioi,13571848.84,-442961.83,0.0,14014810.67,8,2,13
507RAF2000,TWA,10',2026,164.0,5240.57,0.0,0.0,-5076.57,fmifiit_fmioi,13571848.84,-442961.83,0.0,14014810.67,8,2,10'
505INT4001,WHC,PC,2026,0.0,104119.03,220949.08,0.0,-325068.11,fmifiit_fmioi,3414320.72,669402.15,0.0,2744918.57,7,2,10'|11|13
643CSI9013,DBS,TC,2026,75255.32,2174547.61,12280958.82,188965.39,-113710.07,fmavct_kbfc,7000000.0,1304215.46,526345.77,5169438.77,3,2,10'|11|13|20|40
570GLO2041,IOC,TC,2026,14914.65,131701.3,85800.0,37357.62,-22442.97,fmavct_kbfc,2031998.72,74663.44,0.0,1957335.28,18,2,10'|11|13|20|50
495GLO4243,CPD,TC,2026,63.7,71578.05,186.48,0.0,-71700.83,fmifiit_fmioi,11948.6,639106.69,0.0,-627158.09,1,1,10'|11|13
199EHR4143,LHE,TC,2026,0.0,191183.45,0.0,4697.0,-4697.0,fmavct_kbfc,480930.0,110425.81,0.0,370504.19,4,2,10'|11|13
193OPS2043,BRE,TC,2026,0.0,12632.25,0.0,0.0,-12632.25,fmifiit_fmioi,156475.94,-68361.28,0.0,224837.22,7,2,10'|11|13
408FOE5043,FEJ,TC,2026,19801.88,821423.71,1102008.29,18236.26,1565.62,fmavct_kbfc,8704890.82,15339157.44,1600.0,-6635866.62,204,3,10'|11|13|20|30|40|50
A110121012,HEQ,BRSTAT,2026,0.0,3961.81,0.0,0.0,-3961.81,fmifiit_fmioi,0.0,0.0,0.0,0.0,0,no_ps_link,BRSTAT
A110121012,HEQ,13,2026,0.0,63232.16,0.0,0.0,-63232.16,fmifiit_fmioi,0.0,0.0,0.0,0.0,0,no_ps_link,13
A110121012,HEQ,10',2026,0.0,1082.68,0.0,0.0,-1082.68,fmifiit_fmioi,0.0,0.0,0.0,0.0,0,no_ps_link,10'
A110121012,HEQ,CDSP,2026,0.0,3961.81,0.0,0.0,-3961.81,fmifiit_fmioi,0.0,0.0,0.0,0.0,0,no_ps_link,CDSP
A110121011,HEQ,BRSTAT,2026,0.0,25881.43,0.0,0.0,-25881.43,fmifiit_fmioi,0.0,0.0,0.0,0.0,0,no_ps_link,BRSTAT
A110121011,HEQ,10',2026,0.0,8071.29,0.0,0.0,-8071.29,fmifiit_fmioi,0.0,0.0,0.0,0.0,0,no_ps_link,10'
A110121011,HEQ,13,2026,0.0,181801.58,0.0,0.0,-181801.58,fmifiit_fmioi,0.0,0.0,0.0,0.0,0,no_ps_link,13
A110121011,HEQ,CDSP,2026,0.0,11496.74,0.0,0.0,-11496.74,fmifiit_fmioi,0.0,0.0,0.0,0.0,0,no_ps_link,CDSP
A230221011,HEQ,BRSTAT,2026,0.0,22203.84,0.0,0.0,-22203.84,fmifiit_fmioi,0.0,0.0,0.0,0.0,0,no_ps_link,BRSTAT
A230221011,HEQ,10',2026,80.48,8944.33,0.0,0.0,-8863.85,fmifiit_fmioi,0.0,0.0,0.0,0.0,0,no_ps_link,10'
A230221011,HEQ,13,2026,0.0,40795.47,0.0,0.0,-40795.47,fmifiit_fmioi,0.0,0.0,0.0,0.0,0,no_ps_link,13
A230221011,HEQ,CDSP,2026,0.0,2583.33,0.0,0.0,-2583.33,fmifiit_fmioi,0.0,0.0,0.0,0.0,0,no_ps_link,CDSP
A230421021,HEQ,BRSTAT,2026,0.0,109676.57,0.0,0.0,-109676.57,fmifiit_fmioi,0.0,0.0,0.0,0.0,0,no_ps_link,BRSTAT
A230421021,HEQ,13,2026,0.0,558548.44,0.0,0.0,-558548.44,fmifiit_fmioi,0.0,0.0,0.0,0.0,0,no_ps_link,13
A230421021,HEQ,10',2026,0.0,33203.01,0.0,0.0,-33203.01,fmifiit_fmioi,0.0,0.0,0.0,0.0,0,no_ps_link,10'
A230421021,HEQ,CDSP,2026,0.0,34130.05,0.0,0.0,-34130.05,fmifiit_fmioi,0.0,0.0,0.0,0.0,0,no_ps_link,CDSP
3230231011,HEQ,13,2026,16162.41,16162.41,0.0,0.0,0.0,fmifiit_fmioi,0.0,0.0,0.0,0.0,0,no_ps_link,13
3230231011,HEQ,10',2026,93.36,93.36,0.0,0.0,0.0,fmifiit_fmioi,0.0,0.0,0.0,0.0,0,no_ps_link,10'
3230231011,HEQ,CDSP,2026,0.0,1077.92,0.0,0.0,-1077.92,fmifiit_fmioi,0.0,0.0,0.0,0.0,0,no_ps_link,CDSP
A230161021,HEQ,BRSTAT,2026,0.0,178832.63,0.0,0.0,-178832.63,fmifiit_fmioi,0.0,0.0,0.0,0.0,0,no_ps_link,BRSTAT
A230161021,HEQ,10',2026,277.96,60355.0,0.0,0.0,-60077.04,fmifiit_fmioi,0.0,0.0,0.0,0.0,0,no_ps_link,10'
A230161021,HEQ,13,2026,16162.41,500071.31,0.0,0.0,-483908.9,fmifiit_fmioi,0.0,0.0,0.0,0.0,0,no_ps_link,13
A230161021,HEQ,CDSP,2026,0.0,31632.37,0.0,0.0,-31632.37,fmifiit_fmioi,0.0,0.0,0.0,0.0,0,no_ps_link,CDSP
A240121011,HEQ,BRSTAT,2026,0.0,14389.48,0.0,0.0,-14389.48,fmifiit_fmioi,0.0,0.0,0.0,0.0,0,no_ps_link,BRSTAT
A240121011,HEQ,13,2026,0.0,227106.07,0.0,0.0,-227106.07,fmifiit_fmioi,0.0,0.0,0.0,0.0,0,no_ps_link,13
A240121011,HEQ,10',2026,0.0,3946.03,0.0,0.0,-3946.03,fmifiit_fmioi,0.0,0.0,0.0,0.0,0,no_ps_link,10'
A240121011,HEQ,CDSP,2026,0.0,14389.42,0.0,0.0,-14389.42,fmifiit_fmioi,0.0,0.0,0.0,0.0,0,no_ps_link,CDSP
A2305B1011,HEQ,BRSTAT,2026,0.0,16740.96,0.0,0.0,-16740.96,fmifiit_fmioi,0.0,0.0,0.0,0.0,0,no_ps_link,BRSTAT
A2305B1011,HEQ,10',2026,0.0,5309.1,0.0,0.0,-5309.1,fmifiit_fmioi,0.0,0.0,0.0,0.0,0,no_ps_link,10'
A2305B1011,HEQ,13,2026,0.0,88822.78,0.0,0.0,-88822.78,fmifiit_fmioi,0.0,0.0,0.0,0.0,0,no_ps_link,13
A2305B1011,HEQ,CDSP,2026,0.0,5632.18,0.0,0.0,-5632.18,fmifiit_fmioi,0.0,0.0,0.0,0.0,0,no_ps_link,CDSP
A310721021,HEQ,13,2026,7940.48,1120791.85,0.0,0.0,-1112851.37,fmifiit_fmioi,0.0,0.0,0.0,0.0,0,no_ps_link,13
A310721021,HEQ,BRSTAT,2026,0.0,76307.78,0.0,0.0,-76307.78,fmifiit_fmioi,0.0,0.0,0.0,0.0,0,no_ps_link,BRSTAT
A310721021,HEQ,10',2026,0.0,30026.89,0.0,0.0,-30026.89,fmifiit_fmioi,0.0,0.0,0.0,0.0,0,no_ps_link,10'
A310721021,HEQ,CDSP,2026,0.0,133691.44,0.0,0.0,-133691.44,fmifiit_fmioi,0.0,0.0,0.0,0.0,0,no_ps_link,CDSP
A310621031,HEQ,BRSTAT,2026,0.0,101028.33,0.0,0.0,-101028.33,fmifiit_fmioi,0.0,0.0,0.0,0.0,0,no_ps_link,BRSTAT
A310621031,HEQ,13,2026,0.0,1151306.07,0.0,0.0,-1151306.07,fmifiit_fmioi,0.0,0.0,0.0,0.0,0,no_ps_link,13
A310621031,HEQ,10',2026,0.0,40634.64,0.0,0.0,-40634.64,fmifiit_fmioi,0.0,0.0,0.0,0.0,0,no_ps_link,10'
A310621031,HEQ,CDSP,2026,0.0,92393.62,0.0,0.0,-92393.62,fmifiit_fmioi,0.0,0.0,0.0,0.0,0,no_ps_link,CDSP
3310531011,HEQ,13,2026,8645.13,8645.13,0.0,0.0,0.0,fmifiit_fmioi,0.0,0.0,0.0,0.0,0,no_ps_link,13
3310531011,HEQ,CDSP,2026,0.0,572.98,0.0,0.0,-572.98,fmifiit_fmioi,0.0,0.0,0.0,0.0,0,no_ps_link,CDSP
A210591011,HEQ,BRSTAT,2026,0.0,313388.98,0.0,0.0,-313388.98,fmifiit_fmioi,0.0,0.0,0.0,0.0,0,no_ps_link,BRSTAT
A210591011,HEQ,13,2026,0.0,1256244.26,0.0,0.0,-1256244.26,fmifiit_fmioi,0.0,0.0,0.0,0.0,0,no_ps_link,13
A210591011,HEQ,10',2026,418.61,103114.63,0.0,0.0,-102696.02,fmifiit_fmioi,0.0,0.0,0.0,0.0,0,no_ps_link,10'
A210591011,HEQ,CDSP,2026,0.0,78206.52,0.0,0.0,-78206.52,fmifiit_fmioi,0.0,0.0,0.0,0.0,0,no_ps_link,CDSP
A310521021,HEQ,BRSTAT,2026,0.0,166235.92,0.0,0.0,-166235.92,fmifiit_fmioi,0.0,0.0,0.0,0.0,0,no_ps_link,BRSTAT
A310521021,HEQ,10',2026,0.0,75706.66,0.0,0.0,-75706.66,fmifiit_fmioi,0.0,0.0,0.0,0.0,0,no_ps_link,10'
A310521021,HEQ,13,2026,0.0,1146654.41,0.0,0.0,-1146654.41,fmifiit_fmioi,0.0,0.0,0.0,0.0,0,no_ps_link,13
A310521021,HEQ,CDSP,2026,0.0,71540.03,0.0,0.0,-71540.03,fmifiit_fmioi,0.0,0.0,0.0,0.0,0,no_ps_link,CDSP
3310731011,HEQ,13,2026,7940.48,1739.29,0.0,0.0,6201.19,fmifiit_fmioi,0.0,0.0,0.0,0.0,0,no_ps_link,13
3310731011,HEQ,CDSP,2026,0.0,82.09,0.0,0.0,-82.09,fmifiit_fmioi,0.0,0.0,0.0,0.0,0,no_ps_link,CDSP
A2305B6011,BRU,BRSTAT,2026,0.0,3367.34,0.0,0.0,-3367.34,fmifiit_fmioi,0.0,0.0,0.0,0.0,0,no_ps_link,BRSTAT
A2305B6011,BRU,13,2026,0.0,55585.97,0.0,0.0,-55585.97,fmifiit_fmioi,0.0,0.0,0.0,0.0,0,no_ps_link,13
A2305B6011,BRU,10',2026,0.0,975.49,0.0,0.0,-975.49,fmifiit_fmioi,0.0,0.0,0.0,0.0,0,no_ps_link,10'
A2305B6011,BRU,CDSP,2026,0.0,3433.15,0.0,0.0,-3433.15,fmifiit_fmioi,0.0,0.0,0.0,0.0,0,no_ps_link,CDSP
A2101H1021,HEQ,BRSTAT,2026,0.0,367439.19,0.0,0.0,-367439.19,fmifiit_fmioi,0.0,0.0,0.0,0.0,0,no_ps_link,BRSTAT
A2101H1021,HEQ,10',2026,955.5,174071.48,0.0,0.0,-173115.98,fmifiit_fmioi,0.0,0.0,0.0,0.0,0,no_ps_link,10'
A2101H1021,HEQ,13,2026,0.0,1289028.68,0.0,0.0,-1289028.68,fmifiit_fmioi,0.0,0.0,0.0,0.0,0,no_ps_link,13
A2101H1021,HEQ,CDSP,2026,0.0,81669.25,0.0,0.0,-81669.25,fmifiit_fmioi,0.0,0.0,0.0,0.0,0,no_ps_link,CDSP
A2104A1011,HEQ,BRSTAT,2026,0.0,162170.59,0.0,0.0,-162170.59,fmifiit_fmioi,0.0,0.0,0.0,0.0,0,no_ps_link,BRSTAT
A2104A1011,HEQ,10',2026,15.5,51625.01,0.0,0.0,-51609.51,fmifiit_fmioi,0.0,0.0,0.0,0.0,0,no_ps_link,10'
A2104A1011,HEQ,13,2026,2070.78,395748.39,0.0,0.0,-393677.61,fmifiit_fmioi,0.0,0.0,0.0,0.0,0,no_ps_link,13
A2104A1011,HEQ,CDSP,2026,0.0,25107.95,0.0,0.0,-25107.95,fmifiit_fmioi,0.0,0.0,0.0,0.0,0,no_ps_link,CDSP
3210441091,SHS,10',2026,0.0,446.57,0.0,0.0,-446.57,fmifiit_fmioi,0.0,0.0,0.0,0.0,0,no_ps_link,10'
3210441091,SHS,13,2026,0.0,31079.41,0.0,0.0,-31079.41,fmifiit_fmioi,0.0,0.0,0.0,0.0,0,no_ps_link,13
A2106C1011,HEQ,BRSTAT,2026,0.0,175657.61,0.0,0.0,-175657.61,fmifiit_fmioi,0.0,0.0,0.0,0.0,0,no_ps_link,BRSTAT
A2106C1011,HEQ,13,2026,0.0,554136.02,0.0,0.0,-554136.02,fmifiit_fmioi,0.0,0.0,0.0,0.0,0,no_ps_link,13
A2106C1011,HEQ,CDSP,2026,0.0,35055.07,0.0,0.0,-35055.07,fmifiit_fmioi,0.0,0.0,0.0,0.0,0,no_ps_link,CDSP
A210341011,HEQ,BRSTAT,2026,0.0,70196.38,0.0,0.0,-70196.38,fmifiit_fmioi,0.0,0.0,0.0,0.0,0,no_ps_link,BRSTAT
A210341011,HEQ,13,2026,0.0,197147.41,0.0,0.0,-197147.41,fmifiit_fmioi,0.0,0.0,0.0,0.0,0,no_ps_link,13
A210341011,HEQ,CDSP,2026,0.0,12487.93,0.0,0.0,-12487.93,fmifiit_fmioi,0.0,0.0,0.0,0.0,0,no_ps_link,CDSP
A2102C1011,HEQ,BRSTAT,2026,0.0,247858.66,0.0,0.0,-247858.66,fmifiit_fmioi,0.0,0.0,0.0,0.0,0,no_ps_link,BRSTAT
A2102C1011,HEQ,13,2026,0.0,929142.24,0.0,0.0,-929142.24,fmifiit_fmioi,0.0,0.0,0.0,0.0,0,no_ps_link,13
A2102C1011,HEQ,CDSP,2026,0.0,54875.0,0.0,0.0,-54875.0,fmifiit_fmioi,0.0,0.0,0.0,0.0,0,no_ps_link,CDSP
680DIG3001,DIG,13,2026,8645.13,8645.13,0.0,0.0,0.0,fmifiit_fmioi,0.0,0.0,0.0,0.0,0,no_ps_link,13
680DIG3001,DIG,10',2026,432.72,432.72,0.0,0.0,0.0,fmifiit_fmioi,0.0,0.0,0.0,0.0,0,no_ps_link,10'
680DIG4001,HEQ,13,2026,17290.26,383627.53,0.0,0.0,-366337.27,fmifiit_fmioi,0.0,0.0,0.0,0.0,0,no_ps_link,13
680DIG4001,HEQ,10',2026,751.76,56508.56,0.0,0.0,-55756.8,fmifiit_fmioi,0.0,0.0,0.0,0.0,0,no_ps_link,10'
680BSP4002,HEQ,10',2026,0.0,68046.44,0.0,0.0,-68046.44,fmifiit_fmioi,0.0,0.0,0.0,0.0,0,no_ps_link,10'
680BSP4002,HEQ,13,2026,0.0,49925.28,0.0,0.0,-49925.28,fmifiit_fmioi,0.0,0.0,0.0,0.0,0,no_ps_link,13
680IOS4001,HEQ,10',2026,217.39,29650.77,0.0,0.0,-29433.38,fmifiit_fmioi,0.0,0.0,0.0,0.0,0,no_ps_link,10'
680IOS4001,HEQ,13,2026,0.0,82613.06,0.0,0.0,-82613.06,fmifiit_fmioi,0.0,0.0,0.0,0.0,0,no_ps_link,13
680HRM4001,HEQ,13,2026,0.0,1227007.76,0.0,0.0,-1227007.76,fmifiit_fmioi,0.0,0.0,0.0,0.0,0,no_ps_link,13
680HRM4001,HEQ,10',2026,21.53,60198.27,0.0,0.0,-60176.74,fmifiit_fmioi,0.0,0.0,0.0,0.0,0,no_ps_link,10'
632HQF9018,HRM,TC,2026,0.0,39640.28,0.0,29278.93,-29278.93,fmavct_kbfc,0.0,0.0,0.0,0.0,0,no_ps_link,10'|13
680LAL4001,HEQ,10',2026,132.42,25068.19,0.0,0.0,-24935.77,fmifiit_fmioi,0.0,0.0,0.0,0.0,0,no_ps_link,10'
680LAL4001,HEQ,13,2026,0.0,116253.51,0.0,0.0,-116253.51,fmifiit_fmioi,0.0,0.0,0.0,0.0,0,no_ps_link,13
632HQF9011,PAX,TC,2026,0.0,78715.47,0.0,49.0,-49.0,fmavct_kbfc,0.0,0.0,0.0,0.0,0,no_ps_link,10'|13
632HQF9008,SSM,TC,2026,0.0,663642.22,0.0,10533.11,-10533.11,fmavct_kbfc,0.0,0.0,0.0,0.0,0,no_ps_link,10'|13
680BSP4001,HEQ,10',2026,3.11,73955.67,0.0,0.0,-73952.56,fmifiit_fmioi,0.0,0.0,0.0,0.0,0,no_ps_link,10'
680BSP4001,HEQ,13,2026,0.0,327629.41,0.0,0.0,-327629.41,fmifiit_fmioi,0.0,0.0,0.0,0.0,0,no_ps_link,13
642ENV9000,ADM,13,2026,0.0,36928.91,0.0,0.0,-36928.91,fmifiit_fmioi,0.0,0.0,0.0,0.0,0,no_ps_link,13
642ENV9000,ADM,10',2026,0.0,856.79,0.0,0.0,-856.79,fmifiit_fmioi,0.0,0.0,0.0,0.0,0,no_ps_link,10'
680ADM4001,HEQ,13,2026,0.0,559139.63,0.0,0.0,-559139.63,fmifiit_fmioi,0.0,0.0,0.0,0.0,0,no_ps_link,13
680ADM4001,HEQ,10',2026,85.26,28472.75,0.0,0.0,-28387.49,fmifiit_fmioi,0.0,0.0,0.0,0.0,0,no_ps_link,10'
680DBS4001,HEQ,10',2026,137.24,74220.1,0.0,0.0,-74082.86,fmifiit_fmioi,0.0,0.0,0.0,0.0,0,no_ps_link,10'
680DBS4001,HEQ,13,2026,13178.05,906143.23,0.0,0.0,-892965.18,fmifiit_fmioi,0.0,0.0,0.0,0.0,0,no_ps_link,13
680DBM4001,HEQ,10',2026,0.0,10161.06,0.0,0.0,-10161.06,fmifiit_fmioi,0.0,0.0,0.0,0.0,0,no_ps_link,10'
680DBM4001,HEQ,13,2026,0.0,134405.97,0.0,0.0,-134405.97,fmifiit_fmioi,0.0,0.0,0.0,0.0,0,no_ps_link,13
680FIN4001,HEQ,10',2026,0.0,33380.83,0.0,0.0,-33380.83,fmifiit_fmioi,0.0,0.0,0.0,0.0,0,no_ps_link,10'
680FIN4001,HEQ,13,2026,0.0,546545.18,0.0,0.0,-546545.18,fmifiit_fmioi,0.0,0.0,0.0,0.0,0,no_ps_link,13
636TPF9000,UNESCO,13,2026,0.0,364979.41,0.0,0.0,-364979.41,fmifiit_fmioi,0.0,0.0,0.0,0.0,0,no_ps_link,13
680DBS3001,DBS,13,2026,13178.05,13178.05,0.0,0.0,0.0,fmifiit_fmioi,0.0,0.0,0.0,0.0,0,no_ps_link,13
680OPS4001,HEQ,13,2026,0.0,127317.72,0.0,0.0,-127317.72,fmifiit_fmioi,0.0,0.0,0.0,0.0,0,no_ps_link,13
680OPS4001,HEQ,10',2026,0.0,8028.56,0.0,0.0,-8028.56,fmifiit_fmioi,0.0,0.0,0.0,0.0,0,no_ps_link,10'
634SAI9001,CLD,13,2026,0.0,152467.96,0.0,0.0,-152467.96,fmifiit_fmioi,0.0,0.0,0.0,0.0,0,no_ps_link,13
634SAI9001,CLD,10',2026,0.0,2857.71,0.0,0.0,-2857.71,fmifiit_fmioi,0.0,0.0,0.0,0.0,0,no_ps_link,10'
680ETH3001,ETH,13,2026,2214.09,2214.09,0.0,0.0,0.0,fmifiit_fmioi,0.0,0.0,0.0,0.0,0,no_ps_link,13
680ETH3001,ETH,10',2026,22.23,22.23,0.0,0.0,0.0,fmifiit_fmioi,0.0,0.0,0.0,0.0,0,no_ps_link,10'
680ETH4001,HEQ,10',2026,22.23,2189.14,0.0,0.0,-2166.91,fmifiit_fmioi,0.0,0.0,0.0,0.0,0,no_ps_link,10'
680ETH4001,HEQ,13,2026,2214.09,39423.14,0.0,0.0,-37209.05,fmifiit_fmioi,0.0,0.0,0.0,0.0,0,no_ps_link,13
633CRP1590,TED,10',2026,22.78,3695.64,0.0,0.0,-3672.86,fmifiit_fmioi,0.0,0.0,0.0,0.0,0,no_ps_link,10'
633CRP1590,TED,13,2026,0.0,11093.95,0.0,0.0,-11093.95,fmifiit_fmioi,0.0,0.0,0.0,0.0,0,no_ps_link,13
633CRP4490,LHE,10',2026,0.0,1960.07,0.0,0.0,-1960.07,fmifiit_fmioi,0.0,0.0,0.0,0.0,0,no_ps_link,10'
633CRP4490,LHE,13,2026,0.0,20302.91,0.0,0.0,-20302.91,fmifiit_fmioi,0.0,0.0,0.0,0.0,0,no_ps_link,13
633CRP5291,IEO,13,2026,0.0,63969.74,0.0,0.0,-63969.74,fmifiit_fmioi,0.0,0.0,0.0,0.0,0,no_ps_link,13
633CRP5291,IEO,10',2026,65.05,3728.59,0.0,0.0,-3663.54,fmifiit_fmioi,0.0,0.0,0.0,0.0,0,no_ps_link,10'
631BAM9005,CPE,TC,2026,0.0,40372.95,0.0,12696.39,-12696.39,fmavct_kbfc,0.0,0.0,0.0,0.0,0,no_ps_link,10'|13
701RAS1000,API,50,2026,0.0,7059.62,32339.34,21262.08,-21262.08,fmavct_kbfc,4008608.88,-268019.1,1512.04,4275115.94,7,2,50
A2101H2031,ACR,13,2026,0.0,36160.04,0.0,0.0,-36160.04,fmifiit_fmioi,0.0,0.0,0.0,0.0,0,no_ps_link,13
A2101H2031,ACR,10',2026,0.0,640.46,0.0,0.0,-640.46,fmifiit_fmioi,0.0,0.0,0.0,0.0,0,no_ps_link,10'
A2102C2021,ACR,13,2026,0.0,30871.21,0.0,0.0,-30871.21,fmifiit_fmioi,0.0,0.0,0.0,0.0,0,no_ps_link,13
A2102C2021,ACR,10',2026,0.0,546.54,0.0,0.0,-546.54,fmifiit_fmioi,0.0,0.0,0.0,0.0,0,no_ps_link,10'
A210592031,ACR,13,2026,0.0,30180.9,0.0,0.0,-30180.9,fmifiit_fmioi,0.0,0.0,0.0,0.0,0,no_ps_link,13
A210592031,ACR,10',2026,0.0,539.63,0.0,0.0,-539.63,fmifiit_fmioi,0.0,0.0,0.0,0.0,0,no_ps_link,10'
A2106C2021,ACR,13,2026,0.0,24152.8,0.0,0.0,-24152.8,fmifiit_fmioi,0.0,0.0,0.0,0.0,0,no_ps_link,13
A2106C2021,ACR,10',2026,0.0,426.35,0.0,0.0,-426.35,fmifiit_fmioi,0.0,0.0,0.0,0.0,0,no_ps_link,10'
A2305B2031,ACR,13,2026,0.0,65401.44,0.0,0.0,-65401.44,fmifiit_fmioi,0.0,0.0,0.0,0.0,0,no_ps_link,13
A2305B2031,ACR,10',2026,0.0,1148.15,0.0,0.0,-1148.15,fmifiit_fmioi,0.0,0.0,0.0,0.0,0,no_ps_link,10'
3210521151,CEO,13,2026,0.0,35400.26,0.0,0.0,-35400.26,fmifiit_fmioi,0.0,0.0,0.0,0.0,0,no_ps_link,13
3210521151,CEO,10',2026,0.0,2406.26,0.0,0.0,-2406.26,fmifiit_fmioi,0.0,0.0,0.0,0.0,0,no_ps_link,10'
3210521151,CEO,50,2026,0.0,314.95,0.0,0.0,-314.95,fmifiit_fmioi,0.0,0.0,0.0,0.0,0,no_ps_link,50
3210215291,GUC,13,2026,0.0,104.39,0.0,0.0,-104.39,fmifiit_fmioi,0.0,0.0,0.0,0.0,0,no_ps_link,13
3210225181,GUC,13,2026,0.0,204.68,0.0,0.0,-204.68,fmifiit_fmioi,0.0,0.0,0.0,0.0,0,no_ps_link,13
3210245061,GUC,13,2026,491.94,100.3,0.0,0.0,391.64,fmifiit_fmioi,0.0,0.0,0.0,0.0,0,no_ps_link,13
A2101H5041,GUC,13,2026,0.0,50532.8,0.0,0.0,-50532.8,fmifiit_fmioi,0.0,0.0,0.0,0.0,0,no_ps_link,13
A2101H5041,GUC,10',2026,0.0,906.18,0.0,0.0,-906.18,fmifiit_fmioi,0.0,0.0,0.0,0.0,0,no_ps_link,10'
A2101H5041,GUC,50,2026,0.0,314.95,0.0,0.0,-314.95,fmifiit_fmioi,0.0,0.0,0.0,0.0,0,no_ps_link,50
A2305B5041,GUC,13,2026,0.0,59913.95,0.0,0.0,-59913.95,fmifiit_fmioi,0.0,0.0,0.0,0.0,0,no_ps_link,13
A2305B5041,GUC,10',2026,0.0,1077.47,0.0,0.0,-1077.47,fmifiit_fmioi,0.0,0.0,0.0,0.0,0,no_ps_link,10'
A2305B5041,GUC,50,2026,0.0,944.85,0.0,0.0,-944.85,fmifiit_fmioi,0.0,0.0,0.0,0.0,0,no_ps_link,50
A2101H4081,JAK,10',2026,31.78,3992.62,0.0,0.0,-3960.84,fmifiit_fmioi,0.0,0.0,0.0,0.0,0,no_ps_link,10'
A2101H4081,JAK,13,2026,0.0,48841.53,0.0,0.0,-48841.53,fmifiit_fmioi,0.0,0.0,0.0,0.0,0,no_ps_link,13
A2305B4081,JAK,13,2026,0.0,80079.42,0.0,0.0,-80079.42,fmifiit_fmioi,0.0,0.0,0.0,0.0,0,no_ps_link,13
A2305B4081,JAK,10',2026,164.0,2489.14,0.0,0.0,-2325.14,fmifiit_fmioi,0.0,0.0,0.0,0.0,0,no_ps_link,10'
A2305B3081,RAM,13,2026,0.0,163030.98,0.0,0.0,-163030.98,fmifiit_fmioi,0.0,0.0,0.0,0.0,0,no_ps_link,13
A2305B3081,RAM,10',2026,0.0,4107.5,0.0,0.0,-4107.5,fmifiit_fmioi,0.0,0.0,0.0,0.0,0,no_ps_link,10'
3230874221,NDL,13,2026,7.17,7.17,0.0,0.0,0.0,fmifiit_fmioi,0.0,0.0,0.0,0.0,0,no_ps_link,13
3230874221,NDL,10',2026,58.65,2785.79,0.0,0.0,-2727.14,fmifiit_fmioi,0.0,0.0,0.0,0.0,0,no_ps_link,10'
A2101H4111,NDL,13,2026,494.36,33644.35,0.0,0.0,-33149.99,fmifiit_fmioi,0.0,0.0,0.0,0.0,0,no_ps_link,13
A2101H4111,NDL,10',2026,47.86,4764.27,0.0,0.0,-4716.41,fmifiit_fmioi,0.0,0.0,0.0,0.0,0,no_ps_link,10'
A2102C4081,NDL,10',2026,0.0,2272.72,0.0,0.0,-2272.72,fmifiit_fmioi,0.0,0.0,0.0,0.0,0,no_ps_link,10'
A2102C4081,NDL,13,2026,0.0,39293.09,0.0,0.0,-39293.09,fmifiit_fmioi,0.0,0.0,0.0,0.0,0,no_ps_link,13
A2104A4071,NDL,10',2026,0.0,1497.01,0.0,0.0,-1497.01,fmifiit_fmioi,0.0,0.0,0.0,0.0,0,no_ps_link,10'
A2104A4071,NDL,13,2026,0.0,23047.4,0.0,0.0,-23047.4,fmifiit_fmioi,0.0,0.0,0.0,0.0,0,no_ps_link,13
A2305B4111,NDL,13,2026,7.17,82213.15,0.0,0.0,-82205.98,fmifiit_fmioi,0.0,0.0,0.0,0.0,0,no_ps_link,13
A2305B4111,NDL,10',2026,0.07,2808.47,0.0,0.0,-2808.4,fmifiit_fmioi,0.0,0.0,0.0,0.0,0,no_ps_link,10'
A2101H5061,KNG,10',2026,0.0,2489.87,0.0,0.0,-2489.87,fmifiit_fmioi,0.0,0.0,0.0,0.0,0,no_ps_link,10'
A2101H5061,KNG,13,2026,0.0,52673.82,0.0,0.0,-52673.82,fmifiit_fmioi,0.0,0.0,0.0,0.0,0,no_ps_link,13
A2305B5061,KNG,13,2026,0.0,40466.14,0.0,0.0,-40466.14,fmifiit_fmioi,0.0,0.0,0.0,0.0,0,no_ps_link,13
A2305B5061,KNG,10',2026,0.0,2032.46,0.0,0.0,-2032.46,fmifiit_fmioi,0.0,0.0,0.0,0.0,0,no_ps_link,10'
A2106C3011,AMN,13,2026,0.0,36216.26,0.0,0.0,-36216.26,fmifiit_fmioi,0.0,0.0,0.0,0.0,0,no_ps_link,13
A2106C3011,AMN,10',2026,0.0,650.1,0.0,0.0,-650.1,fmifiit_fmioi,0.0,0.0,0.0,0.0,0,no_ps_link,10'
A2305B3011,AMN,13,2026,0.0,137774.7,0.0,0.0,-137774.7,fmifiit_fmioi,0.0,0.0,0.0,0.0,0,no_ps_link,13
A2305B3011,AMN,10',2026,0.0,2458.49,0.0,0.0,-2458.49,fmifiit_fmioi,0.0,0.0,0.0,0.0,0,no_ps_link,10'
A2101H2151,NAI,10',2026,164.0,7237.45,0.0,0.0,-7073.45,fmifiit_fmioi,0.0,0.0,0.0,0.0,0,no_ps_link,10'
A2101H2151,NAI,13,2026,0.0,52213.38,0.0,0.0,-52213.38,fmifiit_fmioi,0.0,0.0,0.0,0.0,0,no_ps_link,13
A2102C2091,NAI,13,2026,0.0,60783.28,0.0,0.0,-60783.28,fmifiit_fmioi,0.0,0.0,0.0,0.0,0,no_ps_link,13
A2102C2091,NAI,10',2026,0.0,1088.43,0.0,0.0,-1088.43,fmifiit_fmioi,0.0,0.0,0.0,0.0,0,no_ps_link,10'
A210592141,NAI,10',2026,0.0,2611.4,0.0,0.0,-2611.4,fmifiit_fmioi,0.0,0.0,0.0,0.0,0,no_ps_link,10'
A210592141,NAI,13,2026,0.0,60320.07,0.0,0.0,-60320.07,fmifiit_fmioi,0.0,0.0,0.0,0.0,0,no_ps_link,13
A2305B2171,NAI,13,2026,0.0,110682.01,0.0,0.0,-110682.01,fmifiit_fmioi,0.0,0.0,0.0,0.0,0,no_ps_link,13
A2305B2171,NAI,10',2026,0.0,4849.71,0.0,0.0,-4849.71,fmifiit_fmioi,0.0,0.0,0.0,0.0,0,no_ps_link,10'
235SRL3000,NDL,TC,2026,2289.85,34885.96,602824.67,285646.54,-283356.69,fmavct_kbfc,1194412.0,5564228.65,29394.3,-4399210.95,16,1,10'|11|13|20|40|50
A230583071,RAB,13,2026,0.0,31024.62,0.0,0.0,-31024.62,fmifiit_fmioi,0.0,0.0,0.0,0.0,0,no_ps_link,13
A230583071,RAB,10',2026,0.0,2449.86,0.0,0.0,-2449.86,fmifiit_fmioi,0.0,0.0,0.0,0.0,0,no_ps_link,10'
A2305B3071,RAB,13,2026,0.0,109654.1,0.0,0.0,-109654.1,fmifiit_fmioi,0.0,0.0,0.0,0.0,0,no_ps_link,13
A2305B3071,RAB,10',2026,0.0,3324.63,0.0,0.0,-3324.63,fmifiit_fmioi,0.0,0.0,0.0,0.0,0,no_ps_link,10'
A230582051,TNR,13,2026,0.0,11671.48,0.0,0.0,-11671.48,fmifiit_fmioi,0.0,0.0,0.0,0.0,0,no_ps_link,13
A230582051,TNR,10',2026,0.0,206.86,0.0,0.0,-206.86,fmifiit_fmioi,0.0,0.0,0.0,0.0,0,no_ps_link,10'
185GEF0004,ICB,13,2026,11885.86,23940.51,0.0,0.0,-12054.65,fmifiit_fmioi,0.0,0.0,0.0,0.0,0,no_ps_link,13
185GEF0004,ICB,10',2026,90.79,90.79,0.0,0.0,0.0,fmifiit_fmioi,0.0,0.0,0.0,0.0,0,no_ps_link,10'
185GEF0004,ICB,50,2026,44.74,176.7,0.0,0.0,-131.96,fmifiit_fmioi,0.0,0.0,0.0,0.0,0,no_ps_link,50
A2101H5081,MXC,13,2026,0.0,57570.66,0.0,0.0,-57570.66,fmifiit_fmioi,0.0,0.0,0.0,0.0,0,no_ps_link,13
A2101H5081,MXC,10',2026,0.0,1026.03,0.0,0.0,-1026.03,fmifiit_fmioi,0.0,0.0,0.0,0.0,0,no_ps_link,10'
A2104A5041,MXC,13,2026,0.0,42219.05,0.0,0.0,-42219.05,fmifiit_fmioi,0.0,0.0,0.0,0.0,0,no_ps_link,13
A2104A5041,MXC,10',2026,0.0,752.53,0.0,0.0,-752.53,fmifiit_fmioi,0.0,0.0,0.0,0.0,0,no_ps_link,10'
A210595041,MXC,13,2026,0.0,43123.77,0.0,0.0,-43123.77,fmifiit_fmioi,0.0,0.0,0.0,0.0,0,no_ps_link,13
A210595041,MXC,10',2026,0.0,763.7,0.0,0.0,-763.7,fmifiit_fmioi,0.0,0.0,0.0,0.0,0,no_ps_link,10'
A2106C5041,MXC,13,2026,0.0,31968.14,0.0,0.0,-31968.14,fmifiit_fmioi,0.0,0.0,0.0,0.0,0,no_ps_link,13
A2106C5041,MXC,10',2026,0.0,575.85,0.0,0.0,-575.85,fmifiit_fmioi,0.0,0.0,0.0,0.0,0,no_ps_link,10'
A2305B5081,MXC,13,2026,0.0,73410.39,0.0,0.0,-73410.39,fmifiit_fmioi,0.0,0.0,0.0,0.0,0,no_ps_link,13
A2305B5081,MXC,10',2026,0.0,1302.75,0.0,0.0,-1302.75,fmifiit_fmioi,0.0,0.0,0.0,0.0,0,no_ps_link,10'
526RAF1009,FLI,PC,2026,690.14,245281.58,311157.23,5157.87,-4467.73,fmavct_kbfc,5750396.0,212648109.72,444374.24,-207342087.96,19,1,10'|11|13
A2101H2171,WIN,13,2026,0.0,41716.26,0.0,0.0,-41716.26,fmifiit_fmioi,0.0,0.0,0.0,0.0,0,no_ps_link,13
A2101H2171,WIN,10',2026,0.0,743.92,0.0,0.0,-743.92,fmifiit_fmioi,0.0,0.0,0.0,0.0,0,no_ps_link,10'
A2102C2101,WIN,13,2026,0.0,28433.18,0.0,0.0,-28433.18,fmifiit_fmioi,0.0,0.0,0.0,0.0,0,no_ps_link,13
A2102C2101,WIN,10',2026,0.0,506.98,0.0,0.0,-506.98,fmifiit_fmioi,0.0,0.0,0.0,0.0,0,no_ps_link,10'
A210592151,WIN,13,2026,0.0,31700.7,0.0,0.0,-31700.7,fmifiit_fmioi,0.0,0.0,0.0,0.0,0,no_ps_link,13
A210592151,WIN,10',2026,0.0,565.28,0.0,0.0,-565.28,fmifiit_fmioi,0.0,0.0,0.0,0.0,0,no_ps_link,10'
A2305B2191,WIN,13,2026,0.0,56045.3,0.0,0.0,-56045.3,fmifiit_fmioi,0.0,0.0,0.0,0.0,0,no_ps_link,13
A2305B2191,WIN,10',2026,0.0,994.78,0.0,0.0,-994.78,fmifiit_fmioi,0.0,0.0,0.0,0.0,0,no_ps_link,10'
A2101H4101,KAT,13,2026,0.0,18481.0,0.0,0.0,-18481.0,fmifiit_fmioi,0.0,0.0,0.0,0.0,0,no_ps_link,13
A2101H4101,KAT,10',2026,0.0,330.53,0.0,0.0,-330.53,fmifiit_fmioi,0.0,0.0,0.0,0.0,0,no_ps_link,10'
A210594091,KAT,13,2026,0.0,13507.85,0.0,0.0,-13507.85,fmifiit_fmioi,0.0,0.0,0.0,0.0,0,no_ps_link,13
A210594091,KAT,10',2026,0.0,243.06,0.0,0.0,-243.06,fmifiit_fmioi,0.0,0.0,0.0,0.0,0,no_ps_link,10'
A2305B4101,KAT,13,2026,0.0,35750.5,0.0,0.0,-35750.5,fmifiit_fmioi,0.0,0.0,0.0,0.0,0,no_ps_link,13
A2305B4101,KAT,10',2026,0.0,636.36,0.0,0.0,-636.36,fmifiit_fmioi,0.0,0.0,0.0,0.0,0,no_ps_link,10'
A2101H5071,LIM,13,2026,0.0,50212.22,0.0,0.0,-50212.22,fmifiit_fmioi,0.0,0.0,0.0,0.0,0,no_ps_link,13
A2101H5071,LIM,10',2026,0.0,901.06,0.0,0.0,-901.06,fmifiit_fmioi,0.0,0.0,0.0,0.0,0,no_ps_link,10'
A2305B5071,LIM,13,2026,0.0,86928.33,0.0,0.0,-86928.33,fmifiit_fmioi,0.0,0.0,0.0,0.0,0,no_ps_link,13
A2305B5071,LIM,10',2026,0.0,1548.96,0.0,0.0,-1548.96,fmifiit_fmioi,0.0,0.0,0.0,0.0,0,no_ps_link,10'
633TFC7338,LIM,13,2026,0.0,16020.03,0.0,0.0,-16020.03,fmifiit_fmioi,0.0,0.0,0.0,0.0,0,no_ps_link,13
633TFC7338,LIM,10',2026,0.0,282.68,0.0,0.0,-282.68,fmifiit_fmioi,0.0,0.0,0.0,0.0,0,no_ps_link,10'
A2101H4071,ISB,13,2026,0.0,36739.8,0.0,0.0,-36739.8,fmifiit_fmioi,0.0,0.0,0.0,0.0,0,no_ps_link,13
A2101H4071,ISB,10',2026,0.0,656.24,0.0,0.0,-656.24,fmifiit_fmioi,0.0,0.0,0.0,0.0,0,no_ps_link,10'
A2102C4061,ISB,13,2026,0.0,20999.06,0.0,0.0,-20999.06,fmifiit_fmioi,0.0,0.0,0.0,0.0,0,no_ps_link,13
A2102C4061,ISB,10',2026,0.0,370.84,0.0,0.0,-370.84,fmifiit_fmioi,0.0,0.0,0.0,0.0,0,no_ps_link,10'
A210594061,ISB,13,2026,0.0,18423.3,0.0,0.0,-18423.3,fmifiit_fmioi,0.0,0.0,0.0,0.0,0,no_ps_link,13
A210594061,ISB,10',2026,0.0,324.98,0.0,0.0,-324.98,fmifiit_fmioi,0.0,0.0,0.0,0.0,0,no_ps_link,10'
A2106C4041,ISB,13,2026,0.0,12261.1,0.0,0.0,-12261.1,fmifiit_fmioi,0.0,0.0,0.0,0.0,0,no_ps_link,13
A2106C4041,ISB,10',2026,0.0,215.82,0.0,0.0,-215.82,fmifiit_fmioi,0.0,0.0,0.0,0.0,0,no_ps_link,10'
A2305B4071,ISB,13,2026,0.0,26053.81,0.0,0.0,-26053.81,fmifiit_fmioi,0.0,0.0,0.0,0.0,0,no_ps_link,13
A2305B4071,ISB,10',2026,0.0,448.5,0.0,0.0,-448.5,fmifiit_fmioi,0.0,0.0,0.0,0.0,0,no_ps_link,10'
A2305E4011,ISB,13,2026,0.0,6889.9,0.0,0.0,-6889.9,fmifiit_fmioi,0.0,0.0,0.0,0.0,0,no_ps_link,13
A2305E4011,ISB,10',2026,0.0,124.07,0.0,0.0,-124.07,fmifiit_fmioi,0.0,0.0,0.0,0.0,0,no_ps_link,10'
A2305B3051,DOH,13,2026,0.0,132039.69,0.0,0.0,-132039.69,fmifiit_fmioi,0.0,0.0,0.0,0.0,0,no_ps_link,13
A2305B3051,DOH,10',2026,0.0,4041.3,0.0,0.0,-4041.3,fmifiit_fmioi,0.0,0.0,0.0,0.0,0,no_ps_link,10'
570RAB1013,ITE,PC,2026,0.0,41108.13,0.0,43837.03,-43837.03,fmavct_kbfc,185096.2,2814019.44,0.0,-2628923.24,1,1,10'|13
580GLO1006,ITE,PC,2026,1715.22,23797.96,0.0,416.86,1298.36,fmavct_kbfc,50540.08,1323147.41,0.0,-1272607.33,1,3,10'|13
564ITE0048,ITE,13,2026,0.0,23162.89,0.0,0.0,-23162.89,fmifiit_fmioi,0.0,0.0,0.0,0.0,0,no_ps_link,13
564ITE0048,ITE,10',2026,0.0,16488.02,0.0,0.0,-16488.02,fmifiit_fmioi,0.0,0.0,0.0,0.0,0,no_ps_link,10'
A2101H4031,BGK,10',2026,14.84,7609.05,0.0,0.0,-7594.21,fmifiit_fmioi,0.0,0.0,0.0,0.0,0,no_ps_link,10'
A2101H4031,BGK,13,2026,824.37,100628.23,0.0,0.0,-99803.86,fmifiit_fmioi,0.0,0.0,0.0,0.0,0,no_ps_link,13
A210594031,BGK,10',2026,0.0,1966.54,0.0,0.0,-1966.54,fmifiit_fmioi,0.0,0.0,0.0,0.0,0,no_ps_link,10'
A210594031,BGK,13,2026,0.0,26094.61,0.0,0.0,-26094.61,fmifiit_fmioi,0.0,0.0,0.0,0.0,0,no_ps_link,13
A2305B4031,BGK,13,2026,0.0,224985.11,0.0,0.0,-224985.11,fmifiit_fmioi,0.0,0.0,0.0,0.0,0,no_ps_link,13
A2305B4031,BGK,10',2026,0.0,6473.34,0.0,0.0,-6473.34,fmifiit_fmioi,0.0,0.0,0.0,0.0,0,no_ps_link,10'
633CRP3112,BGK,13,2026,824.37,16708.68,0.0,0.0,-15884.31,fmifiit_fmioi,0.0,0.0,0.0,0.0,0,no_ps_link,13
633CRP3112,BGK,10',2026,14.84,300.66,0.0,0.0,-285.82,fmifiit_fmioi,0.0,0.0,0.0,0.0,0,no_ps_link,10'
A2101H2081,DAR,13,2026,0.0,51523.37,0.0,0.0,-51523.37,fmifiit_fmioi,0.0,0.0,0.0,0.0,0,no_ps_link,13
A2101H2081,DAR,10',2026,0.0,908.77,0.0,0.0,-908.77,fmifiit_fmioi,0.0,0.0,0.0,0.0,0,no_ps_link,10'
A2102C2071,DAR,13,2026,0.0,34661.1,0.0,0.0,-34661.1,fmifiit_fmioi,0.0,0.0,0.0,0.0,0,no_ps_link,13
A2102C2071,DAR,10',2026,0.0,621.43,0.0,0.0,-621.43,fmifiit_fmioi,0.0,0.0,0.0,0.0,0,no_ps_link,10'
A210592081,DAR,13,2026,0.0,33806.84,0.0,0.0,-33806.84,fmifiit_fmioi,0.0,0.0,0.0,0.0,0,no_ps_link,13
A210592081,DAR,10',2026,0.0,598.82,0.0,0.0,-598.82,fmifiit_fmioi,0.0,0.0,0.0,0.0,0,no_ps_link,10'
A2106C2051,DAR,13,2026,0.0,53218.08,0.0,0.0,-53218.08,fmifiit_fmioi,0.0,0.0,0.0,0.0,0,no_ps_link,13
A2106C2051,DAR,10',2026,0.0,938.22,0.0,0.0,-938.22,fmifiit_fmioi,0.0,0.0,0.0,0.0,0,no_ps_link,10'
A2305B2101,DAR,13,2026,0.0,59624.22,0.0,0.0,-59624.22,fmifiit_fmioi,0.0,0.0,0.0,0.0,0,no_ps_link,13
A2305B2101,DAR,10',2026,0.0,2011.25,0.0,0.0,-2011.25,fmifiit_fmioi,0.0,0.0,0.0,0.0,0,no_ps_link,10'
3210134101,BEJ,11,2026,0.0,22555.86,0.0,0.0,-22555.86,fmifiit_fmioi,0.0,0.0,0.0,0.0,0,no_ps_link,11
3210134101,BEJ,10',2026,0.0,401.52,0.0,0.0,-401.52,fmifiit_fmioi,0.0,0.0,0.0,0.0,0,no_ps_link,10'
3210134101,BEJ,50,2026,0.0,530.5,0.0,0.0,-530.5,fmifiit_fmioi,0.0,0.0,0.0,0.0,0,no_ps_link,50
3210144121,BEJ,11,2026,0.0,22555.98,0.0,0.0,-22555.98,fmifiit_fmioi,0.0,0.0,0.0,0.0,0,no_ps_link,11
3210144121,BEJ,10',2026,0.0,401.62,0.0,0.0,-401.62,fmifiit_fmioi,0.0,0.0,0.0,0.0,0,no_ps_link,10'
3210144121,BEJ,50,2026,0.0,90.75,0.0,0.0,-90.75,fmifiit_fmioi,0.0,0.0,0.0,0.0,0,no_ps_link,50
3210162111,DAK,10',2026,0.0,2100.22,0.0,0.0,-2100.22,fmifiit_fmioi,0.0,0.0,0.0,0.0,0,no_ps_link,10'
3210162111,DAK,11,2026,0.0,44374.48,0.0,0.0,-44374.48,fmifiit_fmioi,0.0,0.0,0.0,0.0,0,no_ps_link,11
3210181051,FLI,11,2026,0.0,61965.17,0.0,0.0,-61965.17,fmifiit_fmioi,0.0,0.0,0.0,0.0,0,no_ps_link,11
3210181051,FLI,10',2026,0.0,2514.56,0.0,0.0,-2514.56,fmifiit_fmioi,0.0,0.0,0.0,0.0,0,no_ps_link,10'
3210131091,GCP,11,2026,0.0,67006.76,0.0,0.0,-67006.76,fmifiit_fmioi,0.0,0.0,0.0,0.0,0,no_ps_link,11
3210131091,GCP,10',2026,0.0,2735.71,0.0,0.0,-2735.71,fmifiit_fmioi,0.0,0.0,0.0,0.0,0,no_ps_link,10'
3210141131,HED,11,2026,0.0,75730.01,0.0,0.0,-75730.01,fmifiit_fmioi,0.0,0.0,0.0,0.0,0,no_ps_link,11
3210141131,HED,10',2026,0.0,1330.85,0.0,0.0,-1330.85,fmifiit_fmioi,0.0,0.0,0.0,0.0,0,no_ps_link,10'
3210141191,IGE,11,2026,0.0,128126.03,0.0,0.0,-128126.03,fmifiit_fmioi,0.0,0.0,0.0,0.0,0,no_ps_link,11
3210141191,IGE,10',2026,0.0,1854.79,0.0,0.0,-1854.79,fmifiit_fmioi,0.0,0.0,0.0,0.0,0,no_ps_link,10'
3210135121,SJO,13,2026,0.0,20346.45,0.0,0.0,-20346.45,fmifiit_fmioi,0.0,0.0,0.0,0.0,0,no_ps_link,13
3210135121,SJO,10',2026,0.0,365.35,0.0,0.0,-365.35,fmifiit_fmioi,0.0,0.0,0.0,0.0,0,no_ps_link,10'
3210161041,SPM,11,2026,0.0,85736.7,0.0,0.0,-85736.7,fmifiit_fmioi,0.0,0.0,0.0,0.0,0,no_ps_link,11
3210161041,SPM,10',2026,0.0,3379.59,0.0,0.0,-3379.59,fmifiit_fmioi,0.0,0.0,0.0,0.0,0,no_ps_link,10'
3210431091,SHS,10',2026,0.0,1668.34,0.0,0.0,-1668.34,fmifiit_fmioi,0.0,0.0,0.0,0.0,0,no_ps_link,10'
3210431091,SHS,11,2026,0.0,84484.37,39115.87,0.0,-123600.24,fmifiit_fmioi,0.0,0.0,0.0,0.0,0,no_ps_link,11
3210451051,SHS,11,2026,0.0,60712.32,134559.45,0.0,-195271.77,fmifiit_fmioi,0.0,0.0,0.0,0.0,0,no_ps_link,11
3210511181,CEO,11,2026,0.0,91124.61,0.0,0.0,-91124.61,fmifiit_fmioi,0.0,0.0,0.0,0.0,0,no_ps_link,11
3210511181,CEO,10',2026,0.0,2795.16,0.0,0.0,-2795.16,fmifiit_fmioi,0.0,0.0,0.0,0.0,0,no_ps_link,10'
3210581011,HEQ,BRSTAT,2026,0.0,1545.46,0.0,0.0,-1545.46,fmifiit_fmioi,0.0,0.0,0.0,0.0,0,no_ps_link,BRSTAT
3210581011,HEQ,11,2026,21795.4,37592.91,0.0,0.0,-15797.51,fmifiit_fmioi,0.0,0.0,0.0,0.0,0,no_ps_link,11
3210581011,HEQ,CDCE,2026,0.0,1985.61,0.0,0.0,-1985.61,fmifiit_fmioi,0.0,0.0,0.0,0.0,0,no_ps_link,CDCE
3210521071,MHM,11,2026,0.0,47319.78,16488.0,0.0,-63807.78,fmifiit_fmioi,0.0,0.0,0.0,0.0,0,no_ps_link,11
3210521071,MHM,10',2026,0.0,849.0,0.0,0.0,-849.0,fmifiit_fmioi,0.0,0.0,0.0,0.0,0,no_ps_link,10'
3210651091,MIL,11,2026,0.0,18798.37,303714.51,0.0,-322512.88,fmifiit_fmioi,0.0,0.0,0.0,0.0,0,no_ps_link,11
454USL9001,USL,11,2026,0.0,244098.41,0.0,0.0,-244098.41,fmifiit_fmioi,0.0,-35582.8,0.0,35582.8,1,2,11
511IES5555,IES,11,2026,0.0,49870.28,0.0,0.0,-49870.28,fmifiit_fmioi,0.0,0.0,0.0,0.0,0,no_ps_link,11
511IES5555,IES,10',2026,0.0,1936.55,0.0,0.0,-1936.55,fmifiit_fmioi,0.0,0.0,0.0,0.0,0,no_ps_link,10'
511IES5555,IES,50,2026,0.0,350.44,0.0,0.0,-350.44,fmifiit_fmioi,0.0,0.0,0.0,0.0,0,no_ps_link,50
650RER0002,VNI,11,2026,0.0,158725.65,0.0,3699.98,-3699.98,fmavct_kbfc,1858088.39,261824.7,0.0,1596263.69,3,2,11
469GLO2002,BES,10',2026,0.0,40339.0,0.0,32558.59,-32558.59,fmavct_kbfc,2568467.98,481508.89,3020.0,2083939.09,1,2,10'
519GLO4003,WHC,11,2026,0.0,21635.98,0.0,9533.0,-9533.0,fmavct_kbfc,227275.39,65459.58,0.0,161815.81,3,2,11
519GLO4003,WHC,10',2026,0.0,879.99,0.0,1134.92,-1134.92,fmavct_kbfc,227275.39,65459.58,0.0,161815.81,3,2,10'
469GLO1004,HED,11,2026,0.0,43317.51,43569.21,6425.43,-6425.43,fmavct_kbfc,1116583.0,-325864.8,0.0,1442447.8,2,2,11
469GLO1004,HED,10',2026,0.0,2289.6,0.0,17408.66,-17408.66,fmavct_kbfc,1116583.0,-325864.8,0.0,1442447.8,2,2,10'
469GLO1001,BAS,11,2026,0.0,56516.92,27772.46,20087.26,-20087.26,fmavct_kbfc,680710.41,-351374.17,0.0,1032084.58,2,2,11
469GLO1001,BAS,10',2026,0.0,2325.81,0.0,23194.91,-23194.91,fmavct_kbfc,680710.41,-351374.17,0.0,1032084.58,2,2,10'
469GLO1003,BAS,PC,2026,0.0,54627.05,25583.2,14126.84,-14126.84,fmavct_kbfc,682983.99,-439461.05,0.0,1122445.04,2,2,10'|11
498GLO4000,ICD,11,2026,0.0,50276.1,213752.56,23459.24,-23459.24,fmavct_kbfc,672270.29,-378727.3,0.0,1050997.59,4,2,11
498GLO4000,ICD,10',2026,0.0,1844.78,0.0,0.0,-1844.78,fmifiit_fmioi,672270.29,-378727.3,0.0,1050997.59,4,2,10'
469GLO2003,EES,11,2026,0.0,6574.73,12000.0,41191.12,-41191.12,fmavct_kbfc,265357.15,10100.22,0.0,255256.93,1,2,11
469GLO2003,EES,10',2026,0.0,263.85,0.0,18283.88,-18283.88,fmavct_kbfc,265357.15,10100.22,0.0,255256.93,1,2,10'
665GLO2000,HYD,11,2026,0.0,374988.44,734491.62,492.29,-492.29,fmavct_kbfc,4750147.94,1344381.75,9361.9,3396404.29,1,2,11
499GLO1000,EEO,11,2026,19586.0,18147.15,78572.02,0.0,-77133.17,fmifiit_fmioi,1895820.65,7981589.7,2960752.74,-9046521.79,30,1,11
499GLO1000,EEO,10',2026,264.94,374.56,0.0,0.0,-109.62,fmifiit_fmioi,1895820.65,7981589.7,2960752.74,-9046521.79,30,1,10'
403GLO1000,PLS,11,2026,0.0,20534.56,25024.3,19961.1,-19961.1,fmavct_kbfc,770953.24,144842.69,0.0,626110.55,3,2,11
403GLO1000,PLS,10',2026,0.0,575.06,0.0,0.0,-575.06,fmifiit_fmioi,770953.24,144842.69,0.0,626110.55,3,2,10'
538GLO5000,FOE,11,2026,0.0,134350.49,122803.28,47509.37,-47509.37,fmavct_kbfc,10347636.69,-97226.61,34074.33,10410788.97,12,2,11
469GLO2006,SCI,11,2026,0.0,69146.8,0.0,23882.44,-23882.44,fmavct_kbfc,1581263.1,123682.43,0.0,1457580.67,1,2,11
469GLO2006,SCI,10',2026,0.0,2766.06,0.0,27352.47,-27352.47,fmavct_kbfc,1581263.1,123682.43,0.0,1457580.67,1,2,10'
263ZIM2000,HAR,PC,2026,1000.51,41042.03,97100.0,19472.0,-18471.49,fmavct_kbfc,1073248.62,147444.38,10000.0,915804.24,6,2,10'|11|13
507RAF2000,TWA,11,2026,0.0,72558.81,7000.0,0.0,-79558.81,fmifiit_fmioi,13571848.84,-442961.83,0.0,14014810.67,8,2,11
537GLO4000,WHC,11,2026,0.0,10569.87,106348.2,1750.79,-1750.79,fmavct_kbfc,608806.15,1850739.75,11388.0,-1253321.6,6,1,11
519GLO4000,WHC,11,2026,0.0,2019.16,38076.0,6963.0,-6963.0,fmavct_kbfc,1257685.53,664046.01,24333.0,569306.52,95,2,11
519GLO4000,WHC,10',2026,0.0,82.1,0.0,2543.34,-2543.34,fmavct_kbfc,1257685.53,664046.01,24333.0,569306.52,95,2,10'
GLO0119833,PCB,PC,2026,152.74,72831.84,311933.92,2083.33,-1930.59,fmavct_kbfc,3267507.6,150438.86,4000.0,3113068.74,38,2,10'|11
467GLO1015,EEO,TC,2026,5.74,289388.55,12587.16,36672.57,-36666.83,fmavct_kbfc,9970839.93,758455.8,0.0,9212384.13,24,2,10'|11
700GLO1005,GEM,PC,2026,0.0,0.04,0.0,662.21,-662.21,fmavct_kbfc,424512.0,24010.48,0.0,400501.52,2,2,11
537URT4000,WHC,PC,2026,0.0,28842.83,0.0,796.21,-796.21,fmavct_kbfc,350252.92,17293.45,20484.0,312475.47,4,2,10'|11
526RAF1008,PLS,11,2026,0.0,28472.72,0.0,0.0,-28472.72,fmifiit_fmioi,411936.98,-137844.53,0.0,549781.51,2,2,11
821GLO3002,SSG,11,2026,0.0,38291.04,0.0,8555.11,-8555.11,fmavct_kbfc,224173.98,17716.16,0.0,206457.82,1,2,11
549RER2015,IOC,PC,2026,0.0,42862.69,3885.71,37482.72,-37482.72,fmavct_kbfc,1216956.32,-1859.28,0.0,1218815.6,21,2,10'|11
821GLO2002,HYD,11,2026,0.0,25287.3,0.0,14158.6,-14158.6,fmavct_kbfc,242914.01,75440.72,0.0,167473.29,1,2,11
821RAS4000,WHC,11,2026,0.0,32747.97,0.0,63404.58,-63404.58,fmavct_kbfc,217858.22,16124.7,0.0,201733.52,1,2,11
821GLO1002,DAK,11,2026,0.0,592.78,0.0,138.71,-138.71,fmavct_kbfc,264086.97,51386.59,0.0,212700.38,1,2,11
821RAS2000,BGK,11,2026,0.0,24395.96,0.0,81718.77,-81718.77,fmavct_kbfc,273504.08,69562.3,0.0,203941.78,1,2,11
505RAF4001,WHC,PC,2026,0.0,80413.54,215479.08,0.0,-295892.62,fmifiit_fmioi,3124998.55,93700.88,6216.31,3025081.36,33,2,10'|11|13
549RER5005,VNI,50,2026,0.0,371.88,0.0,12992.52,-12992.52,fmavct_kbfc,8441586.01,-547364.86,20074.0,8968876.87,16,2,50
526GLO4011,DCE,11,2026,0.0,79459.32,0.0,1181064.64,-1181064.64,fmavct_kbfc,592321.57,-565833.6,0.0,1158155.17,1,2,11
811GLO5000,FEJ,11,2026,0.0,661.3,0.0,23253.74,-23253.74,fmavct_kbfc,273840.95,54371.13,0.0,219469.82,1,2,11
580RAF4000,WHC,11,2026,0.0,92804.69,0.0,8640.37,-8640.37,fmavct_kbfc,683288.0,185673.41,0.0,497614.59,1,2,11
549RER2017,IOC,PC,2026,0.0,36162.35,81000.0,27531.32,-27531.32,fmavct_kbfc,920740.0,47925.9,0.0,872814.1,26,2,10'|11
809GLO3000,BIO,11,2026,0.0,50574.51,0.0,20365.0,-20365.0,fmavct_kbfc,303618.7,-50761.3,0.0,354380.0,1,2,11
809RAF5000,HAR,11,2026,0.0,32717.81,0.0,41125.5,-41125.5,fmavct_kbfc,307491.0,-97191.06,0.0,404682.06,1,2,11
507GLO1037,PLS,PC,2026,2232.99,102877.13,265355.78,0.0,-365999.92,fmifiit_fmioi,473114.1,554887.79,0.0,-81773.69,1,1,10'|11|13
810GLO4006,WHC,11,2026,0.0,16773.26,0.0,115.02,-115.02,fmavct_kbfc,297001.0,-297169.61,0.0,594170.61,1,2,11
801GLO2000,IOC,PC,2026,0.0,50482.13,0.0,929.51,-929.51,fmavct_kbfc,274185.68,-105133.58,0.0,379319.26,1,2,11
473UKR1000,E30,TC,2026,0.0,413305.06,6289115.99,99.18,-99.18,fmavct_kbfc,13921829.06,248558.81,6569.0,13666701.25,7,2,10'|11|13|20|40|50
570GLO3024,MTF,TC,2026,15322.89,38891.39,317268.08,31566.71,-16243.82,fmavct_kbfc,917431.2,-419660.58,0.0,1337091.78,6,2,10'|11|13|20|40|50
537GLO0001,BSP,PC,2026,0.0,100203.4,0.0,115639.62,-115639.62,fmavct_kbfc,506911.0,-546985.95,0.0,1053896.95,1,2,10'|11
810GLO4007,EPR,TC,2026,0.0,36644.15,7828.56,19849.19,-19849.19,fmavct_kbfc,298258.0,-310388.73,276.0,608370.73,1,2,10'|11|20
513INT4002,WHC,TC,2026,5637.1,98385.41,0.0,0.0,-92748.31,fmifiit_fmioi,1268136.0,-273868.5,0.0,1542004.5,9,2,10'|11|13
808GLO4005,LHE,PC,2026,63.46,64883.28,0.0,6370.21,-6306.75,fmavct_kbfc,321309.0,-7652.12,0.0,328961.12,1,2,10'|11
819RER4000,WHC,TC,2026,0.0,50574.51,0.0,16020.17,-16020.17,fmavct_kbfc,310279.0,57549.06,0.0,252729.94,1,2,11
821GLO3003,ICD,PC,2026,0.0,49239.58,0.0,14713.35,-14713.35,fmavct_kbfc,283429.75,56010.27,0.0,227419.48,1,2,11
821GLO2003,ADI,PC,2026,0.0,51387.47,0.0,27.15,-27.15,fmavct_kbfc,298633.93,67089.1,0.0,231544.83,1,2,11
821GLO4002,CAI,PC,2026,0.0,43604.15,0.0,0.0,-43604.15,fmifiit_fmioi,233896.43,48741.02,0.0,185155.41,1,2,11
821GLO1004,SDG,PC,2026,0.0,51565.63,0.0,8516.0,-8516.0,fmavct_kbfc,287578.57,63810.0,0.0,223768.57,1,2,11
821GLO4003,DAK,PC,2026,120.0,71009.88,0.0,25085.6,-24965.6,fmavct_kbfc,275276.09,71898.76,0.0,203377.33,1,2,10'|11
821GLO1005,ICB,PC,2026,0.0,48666.14,0.0,52458.58,-52458.58,fmavct_kbfc,279382.14,57811.47,0.0,221570.67,1,2,11
821GLO0009,UIS,PC,2026,0.0,44303.3,0.0,77151.15,-77151.15,fmavct_kbfc,249586.61,51585.97,0.0,198000.64,1,2,11
406GLO0087,CAB,TC,2026,0.0,13151.73,0.0,1614.89,-1614.89,fmavct_kbfc,369873.0,70945.8,0.0,298927.2,1,2,10'|11
808GLO1011,SDG,PC,2026,0.0,49239.58,0.0,287052.38,-287052.38,fmavct_kbfc,271617.0,56010.27,0.0,215606.73,1,2,11
804GLO1019,ESD,PC,2026,0.0,41781.2,0.0,105.66,-105.66,fmavct_kbfc,265375.0,49246.61,0.0,216128.39,1,2,11
580GLO4002,WHC,PC,2026,0.0,79789.78,0.0,12702.37,-12702.37,fmavct_kbfc,389384.0,-101579.15,0.0,490963.15,1,2,11
811GLO2000,IOC,PC,2026,0.0,49239.58,0.0,3.76,-3.76,fmavct_kbfc,265767.0,68096.44,0.0,197670.56,1,2,11
526GLO1007,SDG,11,2026,0.0,53662.73,0.0,487.5,-487.5,fmavct_kbfc,289590.0,-57306.93,0.0,346896.93,2,2,11
643CSI9009,DBS,TC,2026,164.0,122170.38,165835.6,145067.78,-144903.78,fmavct_kbfc,500100.0,74495.61,0.0,425604.39,3,2,10'|11
643CSI9012,DBS,TC,2026,0.0,123346.78,1144235.36,365231.48,-365231.48,fmavct_kbfc,1979000.0,89082.46,34569.0,1855348.54,6,2,10'|11|20|40
810GLO1019,HED,11,2026,0.0,49661.1,0.0,43998.0,-43998.0,fmavct_kbfc,256168.0,59268.35,0.0,196899.65,1,2,11
810RAF4000,NAI,11,2026,0.0,64499.12,0.0,54496.64,-54496.64,fmavct_kbfc,326354.0,49177.36,21000.0,256176.64,1,2,11
823GLO0005,HRM,11,2026,0.0,41091.89,0.0,601.32,-601.32,fmavct_kbfc,211740.0,24806.99,9929.72,177003.29,2,2,11
406GLO0029,CAB,TC,2026,0.0,15288.14,0.0,5819.03,-5819.03,fmavct_kbfc,242991.0,-197357.58,0.0,440348.58,1,2,10'|11
526RAS1037,BGK,TC,2026,2031.38,32173.86,225791.22,12979.5,-10948.12,fmavct_kbfc,1099264.5,-137770.87,0.0,1237035.37,5,2,10'|11|20|30|50
526GLO4013,WHC,11,2026,0.0,65826.05,0.0,488.32,-488.32,fmavct_kbfc,278400.0,-272903.99,0.0,551303.99,1,2,11
526GLO2013,HYD,PC,2026,0.0,107753.93,0.0,82187676.5,-82187676.5,fmavct_kbfc,447453.0,-300543.87,2000.0,745996.87,2,2,11
727SAM1001,API,TC,2026,3151.53,59847.48,142469.08,187768.79,-184617.26,fmavct_kbfc,400000.0,-145141.25,8680.0,536461.25,4,2,10'|11|20
804RAS4000,WHC,11,2026,0.0,44410.21,0.0,37463.0,-37463.0,fmavct_kbfc,224650.0,-270036.69,0.0,494686.69,1,2,11
580GLO2003,PBS,PC,2026,0.0,97799.59,0.0,1118.15,-1118.15,fmavct_kbfc,328875.8,-221412.45,0.0,550288.25,1,2,11
809RAF1002,HED,PC,2026,0.0,48172.19,0.0,93883.95,-93883.95,fmavct_kbfc,214336.0,-272933.68,0.0,487269.68,1,2,11
823GLO1001,ESD,TC,2026,0.0,32206.41,0.0,113273.98,-113273.98,fmavct_kbfc,115508.89,24402.51,0.0,91106.38,2,2,11
526RAS4029,WHC,TC,2026,4712.22,79495.3,298.0,19226.91,-14514.69,fmavct_kbfc,856426.72,6798.11,0.0,849628.61,7,2,10'|11|20|30
570GLO2042,IOC,TC,2026,3875.83,105997.63,319685.9,480724.78,-476848.95,fmavct_kbfc,1440000.0,47383.56,4048.2,1388568.24,21,2,10'|11|13|20|40|50
804GLO5003,DHE,TC,2026,0.0,60767.42,35841.0,47986.83,-47986.83,fmavct_kbfc,193184.0,31112.77,94.32,161976.91,1,2,11|20
811GLO3001,BIO,PC,2026,0.0,47904.94,0.0,106.88,-106.88,fmavct_kbfc,120722.0,28722.32,0.0,91999.68,1,2,11
546GLO2011,DRR,11,2026,0.0,74119.65,27465.66,560.75,-560.75,fmavct_kbfc,465041.0,-183594.77,0.0,648635.77,5,2,11
570GLO0029,BSP,TC,2026,4018.85,81932.19,97710.04,41944.3,-37925.45,fmavct_kbfc,967981.29,45347.64,0.0,922633.65,12,2,10'|11|20|50
821GLO1006,NAI,PC,2026,0.0,68509.96,0.0,82298.36,-82298.36,fmavct_kbfc,150591.0,50975.16,0.0,99615.84,1,2,10'|11
406GLO0032,UNC,TC,2026,0.0,81894.84,0.0,12198.22,-12198.22,fmavct_kbfc,212160.0,51478.7,0.0,160681.3,1,2,10'|11
821GLO4004,KAT,PC,2026,0.0,58179.06,0.0,18.97,-18.97,fmavct_kbfc,130675.0,41389.28,0.0,89285.72,1,2,11
821GLO1007,CAI,PC,2026,198.87,60499.84,0.0,30343.09,-30144.22,fmavct_kbfc,129633.0,44362.18,4955.27,80315.55,1,2,10'|11
821GLO4005,DOH,11,2026,0.0,65366.53,0.0,0.49,-0.49,fmavct_kbfc,153545.0,47349.81,0.0,106195.19,1,2,11
570GLO3030,MTF,TC,2026,3898.23,52711.89,0.0,173772.22,-169873.99,fmavct_kbfc,371486.86,33823.06,0.0,337663.8,2,2,10'|11
406PAL1000,RAM,TC,2026,0.0,106398.79,214000.0,25375.68,-25375.68,fmavct_kbfc,150000.0,123185.69,0.0,26814.31,1,2,10'|11|13|20
308GLO4143,DCE,TC,2026,11747.52,222895.23,247200.0,0.0,-458347.71,fmifiit_fmioi,5359695.35,-3206223.47,0.0,8565918.82,46,2,10'|11|13|30|50
199GLO4943,LHE,TC,2026,0.0,44239.67,22750.0,11415.62,-11415.62,fmavct_kbfc,67698.64,-28581.73,0.0,96280.37,1,2,10'|11
199OTH4143,LHE,TC,2026,19484.32,119368.64,168596.08,0.0,-268480.4,fmifiit_fmioi,807358.0,72014.45,0.0,735343.55,3,2,10'|11|13|20|30
191AIP2043,IOC,TC,2026,0.0,117386.89,12370.32,6912.86,-6912.86,fmavct_kbfc,614482.87,67899.12,0.0,546583.75,8,2,10'|11|13|40|50
193EWS2043,PRT,TC,2026,0.0,157888.97,0.0,10173.23,-10173.23,fmavct_kbfc,388784.0,-297207.67,0.0,685991.67,1,2,10'|11
495GLO1053,YLS,TC,2026,0.0,12339.67,0.0,34755.24,-34755.24,fmavct_kbfc,143736.44,-64559.33,0.0,208295.77,2,2,10'|11
495GLO1062,FLI,TC,2026,11061.83,152124.68,75990.62,0.0,-217053.47,fmifiit_fmioi,1961877.88,-994115.45,12416.0,2943577.33,5,2,10'|11|13|20|30|40|50
191ORS2043,IOC,TC,2026,5051.28,76662.86,0.0,30199.08,-25147.8,fmavct_kbfc,781705.35,59233.78,0.0,722471.57,9,2,10'|11|50
408MIL5043,MIL,TC,2026,107.58,162222.82,182203.9,0.0,-344319.14,fmifiit_fmioi,1667286.38,-385891.3,339203.84,1713973.84,119,2,10'|11|13|20|30|40|50
406GLO0092,PAX,TC,2026,0.0,183767.42,0.0,24784.28,-24784.28,fmavct_kbfc,229716.0,128485.34,0.0,101230.66,1,2,10'|11
406GLO0093,BRU,TC,2026,0.0,48043.01,0.0,4658.55,-4658.55,fmavct_kbfc,80000.0,28642.6,0.0,51357.4,1,2,10'|11
448INT2611,TWA,TC,2026,11002.89,1124429.47,237487.75,589491.84,-578488.95,fmavct_kbfc,12322000.0,-1430728.66,0.0,13752728.66,43,2,10'|11|13|20|30|40|50
448INT2612,TWA,TC,2026,0.0,247046.74,156627.63,37152.0,-37152.0,fmavct_kbfc,2682800.0,-241070.59,0.0,2923870.59,32,2,10'|11|13|20
448INT2613,TWA,TC,2026,4121.46,302481.14,116244.11,18597.28,-14475.82,fmavct_kbfc,5655572.0,549628060.07,0.0,-543972488.07,34,1,10'|11|13|20|30|50
406GLO5001,UAI,TC,2026,0.0,49126.33,0.0,7427.68,-7427.68,fmavct_kbfc,49641.59,-18719.82,0.0,68361.41,1,2,10'|11
A110121011,HEQ,11,2026,0.0,276915.06,0.0,0.0,-276915.06,fmifiit_fmioi,0.0,0.0,0.0,0.0,0,no_ps_link,11
A110121011,HEQ,CDCE,2026,0.0,14652.78,0.0,0.0,-14652.78,fmifiit_fmioi,0.0,0.0,0.0,0.0,0,no_ps_link,CDCE
A230221011,HEQ,11,2026,0.0,379416.1,0.0,0.0,-379416.1,fmifiit_fmioi,0.0,0.0,0.0,0.0,0,no_ps_link,11
A230221011,HEQ,CDCE,2026,0.0,19620.53,0.0,0.0,-19620.53,fmifiit_fmioi,0.0,0.0,0.0,0.0,0,no_ps_link,CDCE
A230221012,HEQ,BRSTAT,2026,0.0,8925.26,0.0,0.0,-8925.26,fmifiit_fmioi,0.0,0.0,0.0,0.0,0,no_ps_link,BRSTAT
A230221012,HEQ,11,2026,0.0,174722.54,0.0,0.0,-174722.54,fmifiit_fmioi,0.0,0.0,0.0,0.0,0,no_ps_link,11
A230221012,HEQ,10',2026,0.0,3082.97,0.0,0.0,-3082.97,fmifiit_fmioi,0.0,0.0,0.0,0.0,0,no_ps_link,10'
A230221012,HEQ,CDCE,2026,0.0,9653.22,0.0,0.0,-9653.22,fmifiit_fmioi,0.0,0.0,0.0,0.0,0,no_ps_link,CDCE
A230421021,HEQ,11,2026,0.0,1516897.72,0.0,0.0,-1516897.72,fmifiit_fmioi,0.0,0.0,0.0,0.0,0,no_ps_link,11
A230421021,HEQ,CDCE,2026,0.0,75686.79,0.0,0.0,-75686.79,fmifiit_fmioi,0.0,0.0,0.0,0.0,0,no_ps_link,CDCE
3230231011,HEQ,11,2026,5280.96,5280.96,0.0,0.0,0.0,fmifiit_fmioi,0.0,0.0,0.0,0.0,0,no_ps_link,11
3230231011,HEQ,CDCE,2026,0.0,283.62,0.0,0.0,-283.62,fmifiit_fmioi,0.0,0.0,0.0,0.0,0,no_ps_link,CDCE
3230431011,HEQ,11,2026,10363.79,10363.79,0.0,0.0,0.0,fmifiit_fmioi,0.0,0.0,0.0,0.0,0,no_ps_link,11
3230431011,HEQ,CDCE,2026,0.0,566.71,0.0,0.0,-566.71,fmifiit_fmioi,0.0,0.0,0.0,0.0,0,no_ps_link,CDCE
A230161021,HEQ,CDCE,2026,0.0,147305.85,0.0,0.0,-147305.85,fmifiit_fmioi,0.0,0.0,0.0,0.0,0,no_ps_link,CDCE
A230593011,HEQ,11,2026,0.0,40700.73,0.0,0.0,-40700.73,fmifiit_fmioi,0.0,0.0,0.0,0.0,0,no_ps_link,11
A230593011,HEQ,10',2026,0.0,714.86,0.0,0.0,-714.86,fmifiit_fmioi,0.0,0.0,0.0,0.0,0,no_ps_link,10'
A2305B1011,HEQ,11,2026,0.0,213535.45,0.0,0.0,-213535.45,fmifiit_fmioi,0.0,0.0,0.0,0.0,0,no_ps_link,11
A2305B1011,HEQ,CDCE,2026,0.0,11108.78,0.0,0.0,-11108.78,fmifiit_fmioi,0.0,0.0,0.0,0.0,0,no_ps_link,CDCE
A310621031,HEQ,11,2026,0.0,559745.47,0.0,0.0,-559745.47,fmifiit_fmioi,0.0,0.0,0.0,0.0,0,no_ps_link,11
A310621031,HEQ,CDCE,2026,0.0,29724.94,0.0,0.0,-29724.94,fmifiit_fmioi,0.0,0.0,0.0,0.0,0,no_ps_link,CDCE
A210591011,HEQ,11,2026,21795.4,4477968.43,0.0,0.0,-4456173.03,fmifiit_fmioi,0.0,0.0,0.0,0.0,0,no_ps_link,11
A210591011,HEQ,CDCE,2026,0.0,236342.6,0.0,0.0,-236342.6,fmifiit_fmioi,0.0,0.0,0.0,0.0,0,no_ps_link,CDCE
A310521021,HEQ,11,2026,0.0,1807351.17,0.0,0.0,-1807351.17,fmifiit_fmioi,0.0,0.0,0.0,0.0,0,no_ps_link,11
A310521021,HEQ,CDCE,2026,0.0,94794.57,0.0,0.0,-94794.57,fmifiit_fmioi,0.0,0.0,0.0,0.0,0,no_ps_link,CDCE
A310721022,HEQ,BRSTAT,2026,0.0,5723.13,0.0,0.0,-5723.13,fmifiit_fmioi,0.0,0.0,0.0,0.0,0,no_ps_link,BRSTAT
A310721022,HEQ,11,2026,0.0,37499.66,0.0,0.0,-37499.66,fmifiit_fmioi,0.0,0.0,0.0,0.0,0,no_ps_link,11
A310721022,HEQ,10',2026,0.0,5211.42,0.0,0.0,-5211.42,fmifiit_fmioi,0.0,0.0,0.0,0.0,0,no_ps_link,10'
A310721022,HEQ,CDCE,2026,0.0,2663.12,0.0,0.0,-2663.12,fmifiit_fmioi,0.0,0.0,0.0,0.0,0,no_ps_link,CDCE
A230586021,GLO,11,2026,0.0,157183.98,0.0,0.0,-157183.98,fmifiit_fmioi,0.0,0.0,0.0,0.0,0,no_ps_link,11
A230586021,GLO,10',2026,0.0,1540.97,0.0,0.0,-1540.97,fmifiit_fmioi,0.0,0.0,0.0,0.0,0,no_ps_link,10'
3210176011,NYO,11,2026,0.0,88192.6,0.0,0.0,-88192.6,fmifiit_fmioi,0.0,0.0,0.0,0.0,0,no_ps_link,11
3210176011,NYO,10',2026,0.0,1340.89,0.0,0.0,-1340.89,fmifiit_fmioi,0.0,0.0,0.0,0.0,0,no_ps_link,10'
A2101H6011,NYO,11,2026,0.0,98505.54,0.0,0.0,-98505.54,fmifiit_fmioi,0.0,0.0,0.0,0.0,0,no_ps_link,11
A2101H6011,NYO,10',2026,0.0,1648.85,0.0,0.0,-1648.85,fmifiit_fmioi,0.0,0.0,0.0,0.0,0,no_ps_link,10'
A230586041,NYO,11,2026,0.0,401002.31,0.0,0.0,-401002.31,fmifiit_fmioi,0.0,0.0,0.0,0.0,0,no_ps_link,11
A230586041,NYO,10',2026,0.0,6877.72,0.0,0.0,-6877.72,fmifiit_fmioi,0.0,0.0,0.0,0.0,0,no_ps_link,10'
A2305B6041,NYO,13,2026,0.0,95131.9,0.0,0.0,-95131.9,fmifiit_fmioi,0.0,0.0,0.0,0.0,0,no_ps_link,13
A2305B6041,NYO,10',2026,0.0,1467.64,0.0,0.0,-1467.64,fmifiit_fmioi,0.0,0.0,0.0,0.0,0,no_ps_link,10'
A2102C2011,ABU,13,2026,0.0,26034.9,0.0,0.0,-26034.9,fmifiit_fmioi,0.0,0.0,0.0,0.0,0,no_ps_link,13
A2102C2011,ABU,10',2026,0.0,467.29,0.0,0.0,-467.29,fmifiit_fmioi,0.0,0.0,0.0,0.0,0,no_ps_link,10'
A210592021,ABU,13,2026,0.0,36821.75,0.0,0.0,-36821.75,fmifiit_fmioi,0.0,0.0,0.0,0.0,0,no_ps_link,13
A210592021,ABU,10',2026,0.0,652.33,0.0,0.0,-652.33,fmifiit_fmioi,0.0,0.0,0.0,0.0,0,no_ps_link,10'
A2305B2021,ABU,13,2026,0.0,67396.13,0.0,0.0,-67396.13,fmifiit_fmioi,0.0,0.0,0.0,0.0,0,no_ps_link,13
A2305B2021,ABU,10',2026,0.0,2294.69,0.0,0.0,-2294.69,fmifiit_fmioi,0.0,0.0,0.0,0.0,0,no_ps_link,10'
A2305B2021,ABU,11,2026,0.0,65102.14,0.0,0.0,-65102.14,fmifiit_fmioi,0.0,0.0,0.0,0.0,0,no_ps_link,11
A230582031,ACR,11,2026,0.0,105626.83,0.0,0.0,-105626.83,fmifiit_fmioi,0.0,0.0,0.0,0.0,0,no_ps_link,11
A230582031,ACR,10',2026,0.0,1814.55,0.0,0.0,-1814.55,fmifiit_fmioi,0.0,0.0,0.0,0.0,0,no_ps_link,10'
A2101H2041,ADI,11,2026,0.0,90042.2,0.0,0.0,-90042.2,fmifiit_fmioi,0.0,0.0,0.0,0.0,0,no_ps_link,11
A2101H2041,ADI,10',2026,0.0,1526.75,0.0,0.0,-1526.75,fmifiit_fmioi,0.0,0.0,0.0,0.0,0,no_ps_link,10'
A210592041,ADI,13,2026,0.0,33983.3,0.0,0.0,-33983.3,fmifiit_fmioi,0.0,0.0,0.0,0.0,0,no_ps_link,13
A210592041,ADI,10',2026,0.0,605.2,0.0,0.0,-605.2,fmifiit_fmioi,0.0,0.0,0.0,0.0,0,no_ps_link,10'
A2106C2031,ADI,13,2026,0.0,26165.21,0.0,0.0,-26165.21,fmifiit_fmioi,0.0,0.0,0.0,0.0,0,no_ps_link,13
A2106C2031,ADI,10',2026,0.0,461.2,0.0,0.0,-461.2,fmifiit_fmioi,0.0,0.0,0.0,0.0,0,no_ps_link,10'
A230582041,ADI,11,2026,0.0,195143.29,0.0,0.0,-195143.29,fmifiit_fmioi,0.0,0.0,0.0,0.0,0,no_ps_link,11
A230582041,ADI,10',2026,0.0,15618.44,0.0,0.0,-15618.44,fmifiit_fmioi,0.0,0.0,0.0,0.0,0,no_ps_link,10'
A230582041,ADI,13,2026,0.0,13087.9,0.0,0.0,-13087.9,fmifiit_fmioi,0.0,0.0,0.0,0.0,0,no_ps_link,13
A2305B2041,ADI,13,2026,0.0,61400.61,0.0,0.0,-61400.61,fmifiit_fmioi,0.0,0.0,0.0,0.0,0,no_ps_link,13
A2305B2041,ADI,10',2026,0.0,1080.67,0.0,0.0,-1080.67,fmifiit_fmioi,0.0,0.0,0.0,0.0,0,no_ps_link,10'
A2305B2061,BAM,10',2026,21.24,3216.56,0.0,0.0,-3195.32,fmifiit_fmioi,0.0,0.0,0.0,0.0,0,no_ps_link,10'
A2305B2061,BAM,11,2026,0.0,80446.29,0.0,0.0,-80446.29,fmifiit_fmioi,0.0,0.0,0.0,0.0,0,no_ps_link,11
A230582071,BRV,11,2026,0.0,106583.39,0.0,0.0,-106583.39,fmifiit_fmioi,0.0,0.0,0.0,0.0,0,no_ps_link,11
A230582071,BRV,10',2026,0.0,1766.53,0.0,0.0,-1766.53,fmifiit_fmioi,0.0,0.0,0.0,0.0,0,no_ps_link,10'
A2305B2081,BUJ,13,2026,0.0,14420.83,0.0,0.0,-14420.83,fmifiit_fmioi,0.0,0.0,0.0,0.0,0,no_ps_link,13
A2305B2081,BUJ,10',2026,0.0,255.33,0.0,0.0,-255.33,fmifiit_fmioi,0.0,0.0,0.0,0.0,0,no_ps_link,10'
A2101H2071,DAK,11,2026,0.0,586652.79,0.0,0.0,-586652.79,fmifiit_fmioi,0.0,0.0,0.0,0.0,0,no_ps_link,11
A2101H2071,DAK,10',2026,0.0,11273.09,0.0,0.0,-11273.09,fmifiit_fmioi,0.0,0.0,0.0,0.0,0,no_ps_link,10'
A2102C2061,DAK,11,2026,0.0,167624.81,0.0,0.0,-167624.81,fmifiit_fmioi,0.0,0.0,0.0,0.0,0,no_ps_link,11
A2102C2061,DAK,10',2026,0.0,2839.96,0.0,0.0,-2839.96,fmifiit_fmioi,0.0,0.0,0.0,0.0,0,no_ps_link,10'
A2104A2051,DAK,11,2026,0.0,80362.96,0.0,0.0,-80362.96,fmifiit_fmioi,0.0,0.0,0.0,0.0,0,no_ps_link,11
A2104A2051,DAK,10',2026,0.0,1359.14,0.0,0.0,-1359.14,fmifiit_fmioi,0.0,0.0,0.0,0.0,0,no_ps_link,10'
A210592071,DAK,11,2026,0.0,95201.99,0.0,0.0,-95201.99,fmifiit_fmioi,0.0,0.0,0.0,0.0,0,no_ps_link,11
A210592071,DAK,10',2026,0.0,2458.73,0.0,0.0,-2458.73,fmifiit_fmioi,0.0,0.0,0.0,0.0,0,no_ps_link,10'
A2106C2041,DAK,11,2026,0.0,85905.37,0.0,0.0,-85905.37,fmifiit_fmioi,0.0,0.0,0.0,0.0,0,no_ps_link,11
A2106C2041,DAK,10',2026,0.0,1384.4,0.0,0.0,-1384.4,fmifiit_fmioi,0.0,0.0,0.0,0.0,0,no_ps_link,10'
A230582091,DAK,11,2026,0.0,200671.35,0.0,0.0,-200671.35,fmifiit_fmioi,0.0,0.0,0.0,0.0,0,no_ps_link,11
A230582091,DAK,10',2026,0.0,3458.95,0.0,0.0,-3458.95,fmifiit_fmioi,0.0,0.0,0.0,0.0,0,no_ps_link,10'
A2305B2091,DAK,10',2026,0.0,3457.12,0.0,0.0,-3457.12,fmifiit_fmioi,0.0,0.0,0.0,0.0,0,no_ps_link,10'
A2305B2091,DAK,11,2026,0.0,86268.86,0.0,0.0,-86268.86,fmifiit_fmioi,0.0,0.0,0.0,0.0,0,no_ps_link,11
A2305E2021,DAK,11,2026,0.0,75435.29,0.0,0.0,-75435.29,fmifiit_fmioi,0.0,0.0,0.0,0.0,0,no_ps_link,11
A2305E2021,DAK,10',2026,0.0,1260.26,0.0,0.0,-1260.26,fmifiit_fmioi,0.0,0.0,0.0,0.0,0,no_ps_link,10'
A230582101,DAR,11,2026,0.0,97602.78,0.0,0.0,-97602.78,fmifiit_fmioi,0.0,0.0,0.0,0.0,0,no_ps_link,11
A230582101,DAR,10',2026,0.0,1654.54,0.0,0.0,-1654.54,fmifiit_fmioi,0.0,0.0,0.0,0.0,0,no_ps_link,10'
A2305B2101,DAR,11,2026,0.0,56251.72,0.0,0.0,-56251.72,fmifiit_fmioi,0.0,0.0,0.0,0.0,0,no_ps_link,11
A2101H2091,HAR,11,2026,0.0,304464.67,0.0,0.0,-304464.67,fmifiit_fmioi,0.0,0.0,0.0,0.0,0,no_ps_link,11
A2101H2091,HAR,10',2026,128.59,8987.14,0.0,0.0,-8858.55,fmifiit_fmioi,0.0,0.0,0.0,0.0,0,no_ps_link,10'
A2101H2091,HAR,13,2026,0.0,23177.32,0.0,0.0,-23177.32,fmifiit_fmioi,0.0,0.0,0.0,0.0,0,no_ps_link,13
A2102C2081,HAR,11,2026,0.0,109808.51,0.0,0.0,-109808.51,fmifiit_fmioi,0.0,0.0,0.0,0.0,0,no_ps_link,11
A2102C2081,HAR,10',2026,0.0,1809.44,0.0,0.0,-1809.44,fmifiit_fmioi,0.0,0.0,0.0,0.0,0,no_ps_link,10'
A2104A2061,HAR,11,2026,0.0,97523.53,0.0,0.0,-97523.53,fmifiit_fmioi,0.0,0.0,0.0,0.0,0,no_ps_link,11
A2104A2061,HAR,10',2026,0.0,1636.25,0.0,0.0,-1636.25,fmifiit_fmioi,0.0,0.0,0.0,0.0,0,no_ps_link,10'
A210592091,HAR,10',2026,0.0,2205.03,0.0,0.0,-2205.03,fmifiit_fmioi,0.0,0.0,0.0,0.0,0,no_ps_link,10'
A210592091,HAR,13,2026,0.0,40318.04,0.0,0.0,-40318.04,fmifiit_fmioi,0.0,0.0,0.0,0.0,0,no_ps_link,13
A2106C2061,HAR,11,2026,0.0,91471.04,0.0,0.0,-91471.04,fmifiit_fmioi,0.0,0.0,0.0,0.0,0,no_ps_link,11
A2106C2061,HAR,10',2026,0.0,1530.11,0.0,0.0,-1530.11,fmifiit_fmioi,0.0,0.0,0.0,0.0,0,no_ps_link,10'
A230582121,HAR,11,2026,0.0,110568.65,0.0,0.0,-110568.65,fmifiit_fmioi,0.0,0.0,0.0,0.0,0,no_ps_link,11
A230582121,HAR,10',2026,0.0,1861.97,0.0,0.0,-1861.97,fmifiit_fmioi,0.0,0.0,0.0,0.0,0,no_ps_link,10'
A2305B2121,HAR,13,2026,0.0,96866.06,0.0,0.0,-96866.06,fmifiit_fmioi,0.0,0.0,0.0,0.0,0,no_ps_link,13
A2305B2121,HAR,10',2026,0.0,3082.7,0.0,0.0,-3082.7,fmifiit_fmioi,0.0,0.0,0.0,0.0,0,no_ps_link,10'
A2305B2121,HAR,11,2026,0.0,83423.16,0.0,0.0,-83423.16,fmifiit_fmioi,0.0,0.0,0.0,0.0,0,no_ps_link,11
A2101H2111,KNS,11,2026,0.0,99151.71,0.0,0.0,-99151.71,fmifiit_fmioi,0.0,0.0,0.0,0.0,0,no_ps_link,11
A2101H2111,KNS,10',2026,0.0,1575.45,0.0,0.0,-1575.45,fmifiit_fmioi,0.0,0.0,0.0,0.0,0,no_ps_link,10'
A210592111,KNS,13,2026,0.0,56791.8,0.0,0.0,-56791.8,fmifiit_fmioi,0.0,0.0,0.0,0.0,0,no_ps_link,13
A210592111,KNS,10',2026,0.0,1003.2,0.0,0.0,-1003.2,fmifiit_fmioi,0.0,0.0,0.0,0.0,0,no_ps_link,10'
A230582141,KNS,11,2026,0.0,120242.51,0.0,0.0,-120242.51,fmifiit_fmioi,0.0,0.0,0.0,0.0,0,no_ps_link,11
A230582141,KNS,10',2026,0.0,1932.1,0.0,0.0,-1932.1,fmifiit_fmioi,0.0,0.0,0.0,0.0,0,no_ps_link,10'
A2305B2141,KNS,13,2026,0.0,67397.5,0.0,0.0,-67397.5,fmifiit_fmioi,0.0,0.0,0.0,0.0,0,no_ps_link,13
A2305B2141,KNS,10',2026,52.77,6452.05,0.0,0.0,-6399.28,fmifiit_fmioi,0.0,0.0,0.0,0.0,0,no_ps_link,10'
A2305B2141,KNS,11,2026,0.0,56362.99,0.0,0.0,-56362.99,fmifiit_fmioi,0.0,0.0,0.0,0.0,0,no_ps_link,11
A230582161,MAP,11,2026,0.0,156687.39,0.0,0.0,-156687.39,fmifiit_fmioi,0.0,0.0,0.0,0.0,0,no_ps_link,11
A230582161,MAP,10',2026,0.0,2232.3,0.0,0.0,-2232.3,fmifiit_fmioi,0.0,0.0,0.0,0.0,0,no_ps_link,10'
A2101H2151,NAI,BRSTAT,2026,0.0,9191.78,0.0,0.0,-9191.78,fmifiit_fmioi,0.0,0.0,0.0,0.0,0,no_ps_link,BRSTAT
A2101H2151,NAI,11,2026,0.0,391379.92,0.0,0.0,-391379.92,fmifiit_fmioi,0.0,0.0,0.0,0.0,0,no_ps_link,11
A2101H2151,NAI,CDCE,2026,0.0,9191.78,0.0,0.0,-9191.78,fmifiit_fmioi,0.0,0.0,0.0,0.0,0,no_ps_link,CDCE
A210342011,NAI,11,2026,0.0,138070.52,0.0,0.0,-138070.52,fmifiit_fmioi,0.0,0.0,0.0,0.0,0,no_ps_link,11
A210342011,NAI,10',2026,0.0,2335.6,0.0,0.0,-2335.6,fmifiit_fmioi,0.0,0.0,0.0,0.0,0,no_ps_link,10'
A2104A2071,NAI,11,2026,0.0,85888.88,0.0,0.0,-85888.88,fmifiit_fmioi,0.0,0.0,0.0,0.0,0,no_ps_link,11
A2104A2071,NAI,10',2026,0.0,1445.31,0.0,0.0,-1445.31,fmifiit_fmioi,0.0,0.0,0.0,0.0,0,no_ps_link,10'
A210592141,NAI,11,2026,0.0,92149.36,0.0,0.0,-92149.36,fmifiit_fmioi,0.0,0.0,0.0,0.0,0,no_ps_link,11
A2106C2081,NAI,11,2026,0.0,96587.62,0.0,0.0,-96587.62,fmifiit_fmioi,0.0,0.0,0.0,0.0,0,no_ps_link,11
A2106C2081,NAI,10',2026,0.0,1613.17,0.0,0.0,-1613.17,fmifiit_fmioi,0.0,0.0,0.0,0.0,0,no_ps_link,10'
A230582171,NAI,11,2026,0.0,110733.9,0.0,0.0,-110733.9,fmifiit_fmioi,0.0,0.0,0.0,0.0,0,no_ps_link,11
A230582171,NAI,10',2026,0.0,1880.66,0.0,0.0,-1880.66,fmifiit_fmioi,0.0,0.0,0.0,0.0,0,no_ps_link,10'
A2305A2011,NAI,11,2026,0.0,69895.95,0.0,0.0,-69895.95,fmifiit_fmioi,0.0,0.0,0.0,0.0,0,no_ps_link,11
A2305A2011,NAI,10',2026,0.0,1180.97,0.0,0.0,-1180.97,fmifiit_fmioi,0.0,0.0,0.0,0.0,0,no_ps_link,10'
A2305B2171,NAI,11,2026,0.0,185446.01,0.0,0.0,-185446.01,fmifiit_fmioi,0.0,0.0,0.0,0.0,0,no_ps_link,11
A230582191,WIN,11,2026,0.0,90145.5,0.0,0.0,-90145.5,fmifiit_fmioi,0.0,0.0,0.0,0.0,0,no_ps_link,11
A230582191,WIN,10',2026,0.0,1536.15,0.0,0.0,-1536.15,fmifiit_fmioi,0.0,0.0,0.0,0.0,0,no_ps_link,10'
A2101H2131,LAD,13,2026,0.0,57197.15,0.0,0.0,-57197.15,fmifiit_fmioi,0.0,0.0,0.0,0.0,0,no_ps_link,13
A2101H2131,LAD,10',2026,0.0,1021.35,0.0,0.0,-1021.35,fmifiit_fmioi,0.0,0.0,0.0,0.0,0,no_ps_link,10'
A2101H2131,LAD,50,2026,0.0,314.95,0.0,0.0,-314.95,fmifiit_fmioi,0.0,0.0,0.0,0.0,0,no_ps_link,50
A2101H2161,NDJ,11,2026,0.0,95069.84,0.0,0.0,-95069.84,fmifiit_fmioi,0.0,0.0,0.0,0.0,0,no_ps_link,11
A2101H2161,NDJ,10',2026,0.0,1513.85,0.0,0.0,-1513.85,fmifiit_fmioi,0.0,0.0,0.0,0.0,0,no_ps_link,10'
3210152181,YAO,10',2026,0.0,1187.18,0.0,0.0,-1187.18,fmifiit_fmioi,0.0,0.0,0.0,0.0,0,no_ps_link,10'
3210152181,YAO,11,2026,0.0,66874.71,0.0,0.0,-66874.71,fmifiit_fmioi,0.0,0.0,0.0,0.0,0,no_ps_link,11
A2101H2181,YAO,11,2026,0.0,272656.92,0.0,0.0,-272656.92,fmifiit_fmioi,0.0,0.0,0.0,0.0,0,no_ps_link,11
A2101H2181,YAO,10',2026,0.0,4059.5,0.0,0.0,-4059.5,fmifiit_fmioi,0.0,0.0,0.0,0.0,0,no_ps_link,10'
A2102C2111,YAO,11,2026,0.0,101433.38,0.0,0.0,-101433.38,fmifiit_fmioi,0.0,0.0,0.0,0.0,0,no_ps_link,11
A2102C2111,YAO,10',2026,0.0,15903.03,0.0,0.0,-15903.03,fmifiit_fmioi,0.0,0.0,0.0,0.0,0,no_ps_link,10'
A210592161,YAO,10',2026,0.0,1765.83,0.0,0.0,-1765.83,fmifiit_fmioi,0.0,0.0,0.0,0.0,0,no_ps_link,10'
A210592161,YAO,11,2026,0.0,61673.65,0.0,0.0,-61673.65,fmifiit_fmioi,0.0,0.0,0.0,0.0,0,no_ps_link,11
A2101H3011,AMN,11,2026,0.0,73236.85,0.0,0.0,-73236.85,fmifiit_fmioi,0.0,0.0,0.0,0.0,0,no_ps_link,11
A2101H3011,AMN,10',2026,209.0,1253.6,0.0,0.0,-1044.6,fmifiit_fmioi,0.0,0.0,0.0,0.0,0,no_ps_link,10'
A210593011,AMN,11,2026,0.0,42262.02,0.0,0.0,-42262.02,fmifiit_fmioi,0.0,0.0,0.0,0.0,0,no_ps_link,11
A210593011,AMN,10',2026,0.0,744.67,0.0,0.0,-744.67,fmifiit_fmioi,0.0,0.0,0.0,0.0,0,no_ps_link,10'
A230583011,AMN,11,2026,0.0,89451.78,0.0,0.0,-89451.78,fmifiit_fmioi,0.0,0.0,0.0,0.0,0,no_ps_link,11
A230583011,AMN,10',2026,0.0,1536.51,0.0,0.0,-1536.51,fmifiit_fmioi,0.0,0.0,0.0,0.0,0,no_ps_link,10'
A2101H3031,BEI,13,2026,0.0,105112.1,0.0,0.0,-105112.1,fmifiit_fmioi,0.0,0.0,0.0,0.0,0,no_ps_link,13
A2101H3031,BEI,10',2026,0.0,5468.66,0.0,0.0,-5468.66,fmifiit_fmioi,0.0,0.0,0.0,0.0,0,no_ps_link,10'
A2101H3031,BEI,11,2026,0.0,226636.0,0.0,0.0,-226636.0,fmifiit_fmioi,0.0,0.0,0.0,0.0,0,no_ps_link,11
A2102C3011,BEI,11,2026,0.0,118237.1,0.0,0.0,-118237.1,fmifiit_fmioi,0.0,0.0,0.0,0.0,0,no_ps_link,11
A2102C3011,BEI,10',2026,0.0,1994.81,0.0,0.0,-1994.81,fmifiit_fmioi,0.0,0.0,0.0,0.0,0,no_ps_link,10'
A230583031,BEI,11,2026,0.0,151176.78,0.0,0.0,-151176.78,fmifiit_fmioi,0.0,0.0,0.0,0.0,0,no_ps_link,11
A230583031,BEI,10',2026,0.0,3006.37,0.0,0.0,-3006.37,fmifiit_fmioi,0.0,0.0,0.0,0.0,0,no_ps_link,10'
A2305B3031,BEI,11,2026,0.0,85972.32,0.0,0.0,-85972.32,fmifiit_fmioi,0.0,0.0,0.0,0.0,0,no_ps_link,11
A2305B3031,BEI,10',2026,0.0,5483.75,0.0,0.0,-5483.75,fmifiit_fmioi,0.0,0.0,0.0,0.0,0,no_ps_link,10'
A2305B3031,BEI,13,2026,0.0,257092.53,0.0,0.0,-257092.53,fmifiit_fmioi,0.0,0.0,0.0,0.0,0,no_ps_link,13
A2305C3011,BEI,11,2026,0.0,76830.1,0.0,0.0,-76830.1,fmifiit_fmioi,0.0,0.0,0.0,0.0,0,no_ps_link,11
A2305C3011,BEI,10',2026,0.0,3538.38,0.0,0.0,-3538.38,fmifiit_fmioi,0.0,0.0,0.0,0.0,0,no_ps_link,10'
A2101H3041,CAI,11,2026,0.0,88381.31,0.0,0.0,-88381.31,fmifiit_fmioi,0.0,0.0,0.0,0.0,0,no_ps_link,11
A2101H3041,CAI,10',2026,0.0,1975.02,0.0,0.0,-1975.02,fmifiit_fmioi,0.0,0.0,0.0,0.0,0,no_ps_link,10'
A2101H3041,CAI,13,2026,0.0,26143.75,0.0,0.0,-26143.75,fmifiit_fmioi,0.0,0.0,0.0,0.0,0,no_ps_link,13
A2102C3021,CAI,13,2026,0.0,42456.2,0.0,0.0,-42456.2,fmifiit_fmioi,0.0,0.0,0.0,0.0,0,no_ps_link,13
A2102C3021,CAI,10',2026,0.0,2226.3,0.0,0.0,-2226.3,fmifiit_fmioi,0.0,0.0,0.0,0.0,0,no_ps_link,10'
A2104A3031,CAI,11,2026,0.0,58453.95,0.0,0.0,-58453.95,fmifiit_fmioi,0.0,0.0,0.0,0.0,0,no_ps_link,11
A2104A3031,CAI,10',2026,59.0,978.63,0.0,0.0,-919.63,fmifiit_fmioi,0.0,0.0,0.0,0.0,0,no_ps_link,10'
A230583041,CAI,11,2026,0.0,96183.0,0.0,0.0,-96183.0,fmifiit_fmioi,0.0,0.0,0.0,0.0,0,no_ps_link,11
A230583041,CAI,10',2026,0.0,1199.87,0.0,0.0,-1199.87,fmifiit_fmioi,0.0,0.0,0.0,0.0,0,no_ps_link,10'
A2305B3041,CAI,13,2026,0.0,85129.94,0.0,0.0,-85129.94,fmifiit_fmioi,0.0,0.0,0.0,0.0,0,no_ps_link,13
A2305B3041,CAI,10',2026,209.0,2442.03,0.0,0.0,-2233.03,fmifiit_fmioi,0.0,0.0,0.0,0.0,0,no_ps_link,10'
A2305B3041,CAI,11,2026,0.0,54575.3,0.0,0.0,-54575.3,fmifiit_fmioi,0.0,0.0,0.0,0.0,0,no_ps_link,11
A2101H3051,DOH,11,2026,0.0,180676.23,0.0,0.0,-180676.23,fmifiit_fmioi,0.0,0.0,0.0,0.0,0,no_ps_link,11
A2101H3051,DOH,10',2026,0.0,2980.84,0.0,0.0,-2980.84,fmifiit_fmioi,0.0,0.0,0.0,0.0,0,no_ps_link,10'
A2102C3031,DOH,11,2026,0.0,78992.11,0.0,0.0,-78992.11,fmifiit_fmioi,0.0,0.0,0.0,0.0,0,no_ps_link,11
A2102C3031,DOH,10',2026,0.0,1253.16,0.0,0.0,-1253.16,fmifiit_fmioi,0.0,0.0,0.0,0.0,0,no_ps_link,10'
A2104A3041,DOH,11,2026,0.0,74892.91,0.0,0.0,-74892.91,fmifiit_fmioi,0.0,0.0,0.0,0.0,0,no_ps_link,11
A2104A3041,DOH,10',2026,0.0,1296.85,0.0,0.0,-1296.85,fmifiit_fmioi,0.0,0.0,0.0,0.0,0,no_ps_link,10'
A210593041,DOH,11,2026,0.0,71559.76,0.0,0.0,-71559.76,fmifiit_fmioi,0.0,0.0,0.0,0.0,0,no_ps_link,11
A210593041,DOH,10',2026,0.0,1212.47,0.0,0.0,-1212.47,fmifiit_fmioi,0.0,0.0,0.0,0.0,0,no_ps_link,10'
A2106C3041,DOH,11,2026,0.0,81993.07,0.0,0.0,-81993.07,fmifiit_fmioi,0.0,0.0,0.0,0.0,0,no_ps_link,11
A2106C3041,DOH,10',2026,0.0,1377.18,0.0,0.0,-1377.18,fmifiit_fmioi,0.0,0.0,0.0,0.0,0,no_ps_link,10'
A230583051,DOH,11,2026,0.0,114591.54,0.0,0.0,-114591.54,fmifiit_fmioi,0.0,0.0,0.0,0.0,0,no_ps_link,11
A230583051,DOH,10',2026,0.0,1991.98,0.0,0.0,-1991.98,fmifiit_fmioi,0.0,0.0,0.0,0.0,0,no_ps_link,10'
A2305B3051,DOH,11,2026,0.0,122665.25,0.0,0.0,-122665.25,fmifiit_fmioi,0.0,0.0,0.0,0.0,0,no_ps_link,11
A2101H3071,RAB,11,2026,0.0,163164.02,0.0,0.0,-163164.02,fmifiit_fmioi,0.0,0.0,0.0,0.0,0,no_ps_link,11
A2101H3071,RAB,10',2026,0.0,2543.85,0.0,0.0,-2543.85,fmifiit_fmioi,0.0,0.0,0.0,0.0,0,no_ps_link,10'
A2102C3051,RAB,11,2026,0.0,62790.66,0.0,0.0,-62790.66,fmifiit_fmioi,0.0,0.0,0.0,0.0,0,no_ps_link,11
A2102C3051,RAB,10',2026,0.0,1078.96,0.0,0.0,-1078.96,fmifiit_fmioi,0.0,0.0,0.0,0.0,0,no_ps_link,10'
A2104A3051,RAB,11,2026,0.0,71286.64,0.0,0.0,-71286.64,fmifiit_fmioi,0.0,0.0,0.0,0.0,0,no_ps_link,11
A2104A3051,RAB,10',2026,0.0,1124.58,0.0,0.0,-1124.58,fmifiit_fmioi,0.0,0.0,0.0,0.0,0,no_ps_link,10'
A210593061,RAB,11,2026,0.0,16327.59,0.0,0.0,-16327.59,fmifiit_fmioi,0.0,0.0,0.0,0.0,0,no_ps_link,11
A210593061,RAB,10',2026,0.0,279.32,0.0,0.0,-279.32,fmifiit_fmioi,0.0,0.0,0.0,0.0,0,no_ps_link,10'
A2106C3051,RAB,11,2026,0.0,71255.03,0.0,0.0,-71255.03,fmifiit_fmioi,0.0,0.0,0.0,0.0,0,no_ps_link,11
A2106C3051,RAB,10',2026,0.0,1217.93,0.0,0.0,-1217.93,fmifiit_fmioi,0.0,0.0,0.0,0.0,0,no_ps_link,10'
A230583071,RAB,11,2026,0.0,120776.76,0.0,0.0,-120776.76,fmifiit_fmioi,0.0,0.0,0.0,0.0,0,no_ps_link,11
A2305B3071,RAB,11,2026,0.0,89968.49,0.0,0.0,-89968.49,fmifiit_fmioi,0.0,0.0,0.0,0.0,0,no_ps_link,11
A2101H3081,RAM,11,2026,0.0,83550.79,0.0,0.0,-83550.79,fmifiit_fmioi,0.0,0.0,0.0,0.0,0,no_ps_link,11
A2101H3081,RAM,10',2026,0.0,1430.95,0.0,0.0,-1430.95,fmifiit_fmioi,0.0,0.0,0.0,0.0,0,no_ps_link,10'
A210593071,RAM,11,2026,0.0,66405.66,0.0,0.0,-66405.66,fmifiit_fmioi,0.0,0.0,0.0,0.0,0,no_ps_link,11
A210593071,RAM,10',2026,0.0,1138.85,0.0,0.0,-1138.85,fmifiit_fmioi,0.0,0.0,0.0,0.0,0,no_ps_link,10'
A2305B3081,RAM,11,2026,0.0,72815.17,0.0,0.0,-72815.17,fmifiit_fmioi,0.0,0.0,0.0,0.0,0,no_ps_link,11
A2101H4021,API,11,2026,0.0,79975.52,0.0,0.0,-79975.52,fmifiit_fmioi,0.0,0.0,0.0,0.0,0,no_ps_link,11
A2101H4021,API,10',2026,0.0,1695.28,0.0,0.0,-1695.28,fmifiit_fmioi,0.0,0.0,0.0,0.0,0,no_ps_link,10'
A210594021,API,11,2026,0.0,67282.31,0.0,0.0,-67282.31,fmifiit_fmioi,0.0,0.0,0.0,0.0,0,no_ps_link,11
A210594021,API,10',2026,0.0,1137.72,0.0,0.0,-1137.72,fmifiit_fmioi,0.0,0.0,0.0,0.0,0,no_ps_link,10'
A230584021,API,11,2026,0.0,164729.55,0.0,0.0,-164729.55,fmifiit_fmioi,0.0,0.0,0.0,0.0,0,no_ps_link,11
A230584021,API,10',2026,0.0,2386.32,0.0,0.0,-2386.32,fmifiit_fmioi,0.0,0.0,0.0,0.0,0,no_ps_link,10'
A2305B4021,API,10',2026,0.0,1467.59,0.0,0.0,-1467.59,fmifiit_fmioi,0.0,0.0,0.0,0.0,0,no_ps_link,10'
A2305B4021,API,11,2026,0.0,53268.09,0.0,0.0,-53268.09,fmifiit_fmioi,0.0,0.0,0.0,0.0,0,no_ps_link,11
3210521151,CEO,11,2026,0.0,36096.27,0.0,0.0,-36096.27,fmifiit_fmioi,0.0,0.0,0.0,0.0,0,no_ps_link,11
3210531141,CEO,11,2026,0.0,31169.51,0.0,0.0,-31169.51,fmifiit_fmioi,0.0,0.0,0.0,0.0,0,no_ps_link,11
3210531141,CEO,10',2026,93.58,1992.79,0.0,0.0,-1899.21,fmifiit_fmioi,0.0,0.0,0.0,0.0,0,no_ps_link,10'
A2101H4011,ATA,13,2026,2117.6,32486.68,0.0,0.0,-30369.08,fmifiit_fmioi,0.0,0.0,0.0,0.0,0,no_ps_link,13
A2101H4011,ATA,10',2026,0.0,1843.73,0.0,0.0,-1843.73,fmifiit_fmioi,0.0,0.0,0.0,0.0,0,no_ps_link,10'
A2101H4011,ATA,11,2026,0.0,72153.37,0.0,0.0,-72153.37,fmifiit_fmioi,0.0,0.0,0.0,0.0,0,no_ps_link,11
A2102C4011,ATA,11,2026,0.0,56101.84,0.0,0.0,-56101.84,fmifiit_fmioi,0.0,0.0,0.0,0.0,0,no_ps_link,11
A2102C4011,ATA,10',2026,0.0,972.18,0.0,0.0,-972.18,fmifiit_fmioi,0.0,0.0,0.0,0.0,0,no_ps_link,10'
A2104A4011,ATA,13,2026,0.0,21132.25,0.0,0.0,-21132.25,fmifiit_fmioi,0.0,0.0,0.0,0.0,0,no_ps_link,13
A2104A4011,ATA,10',2026,0.0,379.9,0.0,0.0,-379.9,fmifiit_fmioi,0.0,0.0,0.0,0.0,0,no_ps_link,10'
A210594011,ATA,11,2026,0.0,80810.95,0.0,0.0,-80810.95,fmifiit_fmioi,0.0,0.0,0.0,0.0,0,no_ps_link,11
A210594011,ATA,10',2026,0.0,2147.87,0.0,0.0,-2147.87,fmifiit_fmioi,0.0,0.0,0.0,0.0,0,no_ps_link,10'
A210594011,ATA,13,2026,0.0,43601.85,0.0,0.0,-43601.85,fmifiit_fmioi,0.0,0.0,0.0,0.0,0,no_ps_link,13
A230584011,ATA,11,2026,0.0,107048.24,0.0,0.0,-107048.24,fmifiit_fmioi,0.0,0.0,0.0,0.0,0,no_ps_link,11
A230584011,ATA,10',2026,0.0,1844.91,0.0,0.0,-1844.91,fmifiit_fmioi,0.0,0.0,0.0,0.0,0,no_ps_link,10'
A2305B4011,ATA,13,2026,0.0,66132.82,0.0,0.0,-66132.82,fmifiit_fmioi,0.0,0.0,0.0,0.0,0,no_ps_link,13
A2305B4011,ATA,10',2026,0.0,2101.12,0.0,0.0,-2101.12,fmifiit_fmioi,0.0,0.0,0.0,0.0,0,no_ps_link,10'
A2305B4011,ATA,11,2026,0.0,57730.8,0.0,0.0,-57730.8,fmifiit_fmioi,0.0,0.0,0.0,0.0,0,no_ps_link,11
A2101H4041,BEJ,11,2026,0.0,72784.94,0.0,0.0,-72784.94,fmifiit_fmioi,0.0,0.0,0.0,0.0,0,no_ps_link,11
A2102C4041,BEJ,11,2026,0.0,81994.46,0.0,0.0,-81994.46,fmifiit_fmioi,0.0,0.0,0.0,0.0,0,no_ps_link,11
A2102C4041,BEJ,10',2026,0.0,1393.23,0.0,0.0,-1393.23,fmifiit_fmioi,0.0,0.0,0.0,0.0,0,no_ps_link,10'
A210594041,BEJ,11,2026,0.0,127416.86,0.0,0.0,-127416.86,fmifiit_fmioi,0.0,0.0,0.0,0.0,0,no_ps_link,11
A210594041,BEJ,10',2026,164.0,1936.92,0.0,0.0,-1772.92,fmifiit_fmioi,0.0,0.0,0.0,0.0,0,no_ps_link,10'
A230584041,BEJ,11,2026,0.0,113878.03,0.0,0.0,-113878.03,fmifiit_fmioi,0.0,0.0,0.0,0.0,0,no_ps_link,11
A230584041,BEJ,10',2026,0.0,2008.53,0.0,0.0,-2008.53,fmifiit_fmioi,0.0,0.0,0.0,0.0,0,no_ps_link,10'
A2305B4041,BEJ,11,2026,0.0,89009.83,0.0,0.0,-89009.83,fmifiit_fmioi,0.0,0.0,0.0,0.0,0,no_ps_link,11
A2101H4031,BGK,11,2026,94083.0,466366.51,0.0,0.0,-372283.51,fmifiit_fmioi,0.0,0.0,0.0,0.0,0,no_ps_link,11
A2102C4031,BGK,11,2026,0.0,67737.53,0.0,0.0,-67737.53,fmifiit_fmioi,0.0,0.0,0.0,0.0,0,no_ps_link,11
A2102C4031,BGK,10',2026,0.0,1189.89,0.0,0.0,-1189.89,fmifiit_fmioi,0.0,0.0,0.0,0.0,0,no_ps_link,10'
A210343011,BGK,11,2026,0.0,112842.36,0.0,0.0,-112842.36,fmifiit_fmioi,0.0,0.0,0.0,0.0,0,no_ps_link,11
A210343011,BGK,10',2026,0.0,1768.5,0.0,0.0,-1768.5,fmifiit_fmioi,0.0,0.0,0.0,0.0,0,no_ps_link,10'
A2104A4031,BGK,11,2026,0.0,91166.38,0.0,0.0,-91166.38,fmifiit_fmioi,0.0,0.0,0.0,0.0,0,no_ps_link,11
A2104A4031,BGK,10',2026,0.0,1485.48,0.0,0.0,-1485.48,fmifiit_fmioi,0.0,0.0,0.0,0.0,0,no_ps_link,10'
A210594031,BGK,11,2026,0.0,86824.27,0.0,0.0,-86824.27,fmifiit_fmioi,0.0,0.0,0.0,0.0,0,no_ps_link,11
A2106C4021,BGK,11,2026,0.0,85294.5,0.0,0.0,-85294.5,fmifiit_fmioi,0.0,0.0,0.0,0.0,0,no_ps_link,11
A2106C4021,BGK,10',2026,0.0,1448.82,0.0,0.0,-1448.82,fmifiit_fmioi,0.0,0.0,0.0,0.0,0,no_ps_link,10'
A230584031,BGK,11,2026,0.0,103618.3,0.0,0.0,-103618.3,fmifiit_fmioi,0.0,0.0,0.0,0.0,0,no_ps_link,11
A230584031,BGK,10',2026,209.0,1776.52,0.0,0.0,-1567.52,fmifiit_fmioi,0.0,0.0,0.0,0.0,0,no_ps_link,10'
A2305B4031,BGK,11,2026,0.0,143102.58,0.0,0.0,-143102.58,fmifiit_fmioi,0.0,0.0,0.0,0.0,0,no_ps_link,11
A2101H4051,DHA,11,2026,0.0,85656.37,0.0,0.0,-85656.37,fmifiit_fmioi,0.0,0.0,0.0,0.0,0,no_ps_link,11
A2101H4051,DHA,10',2026,0.0,1321.52,0.0,0.0,-1321.52,fmifiit_fmioi,0.0,0.0,0.0,0.0,0,no_ps_link,10'
A230584051,DHA,11,2026,0.0,99047.06,0.0,0.0,-99047.06,fmifiit_fmioi,0.0,0.0,0.0,0.0,0,no_ps_link,11
A230584051,DHA,10',2026,0.0,1663.42,0.0,0.0,-1663.42,fmifiit_fmioi,0.0,0.0,0.0,0.0,0,no_ps_link,10'
A2101H4061,HAN,11,2026,0.0,71388.95,0.0,0.0,-71388.95,fmifiit_fmioi,0.0,0.0,0.0,0.0,0,no_ps_link,11
A2101H4061,HAN,10',2026,0.0,1192.85,0.0,0.0,-1192.85,fmifiit_fmioi,0.0,0.0,0.0,0.0,0,no_ps_link,10'
A2102C4051,HAN,13,2026,0.0,38698.35,0.0,0.0,-38698.35,fmifiit_fmioi,0.0,0.0,0.0,0.0,0,no_ps_link,13
A2102C4051,HAN,10',2026,0.0,683.34,0.0,0.0,-683.34,fmifiit_fmioi,0.0,0.0,0.0,0.0,0,no_ps_link,10'
A210594051,HAN,13,2026,0.0,53331.55,0.0,0.0,-53331.55,fmifiit_fmioi,0.0,0.0,0.0,0.0,0,no_ps_link,13
A210594051,HAN,10',2026,164.0,941.85,0.0,0.0,-777.85,fmifiit_fmioi,0.0,0.0,0.0,0.0,0,no_ps_link,10'
A2305B4061,HAN,13,2026,0.0,66927.84,0.0,0.0,-66927.84,fmifiit_fmioi,0.0,0.0,0.0,0.0,0,no_ps_link,13
A2305B4061,HAN,10',2026,0.0,1192.13,0.0,0.0,-1192.13,fmifiit_fmioi,0.0,0.0,0.0,0.0,0,no_ps_link,10'
3230874142,ISB,13,2026,2191.88,2191.88,0.0,0.0,0.0,fmifiit_fmioi,0.0,0.0,0.0,0.0,0,no_ps_link,13
3230874142,ISB,10',2026,21.91,21.91,0.0,0.0,0.0,fmifiit_fmioi,0.0,0.0,0.0,0.0,0,no_ps_link,10'
A230584071,ISB,11,2026,0.0,117366.9,0.0,0.0,-117366.9,fmifiit_fmioi,0.0,0.0,0.0,0.0,0,no_ps_link,11
A230584071,ISB,10',2026,0.0,1782.67,0.0,0.0,-1782.67,fmifiit_fmioi,0.0,0.0,0.0,0.0,0,no_ps_link,10'
32101B4081,JAK,11,2026,3177.75,3177.75,0.0,0.0,0.0,fmifiit_fmioi,0.0,0.0,0.0,0.0,0,no_ps_link,11
32101B4081,JAK,10',2026,31.78,31.78,0.0,0.0,0.0,fmifiit_fmioi,0.0,0.0,0.0,0.0,0,no_ps_link,10'
A2101H4081,JAK,11,2026,3177.75,196610.5,0.0,0.0,-193432.75,fmifiit_fmioi,0.0,0.0,0.0,0.0,0,no_ps_link,11
A2102C4071,JAK,11,2026,0.0,160214.82,0.0,0.0,-160214.82,fmifiit_fmioi,0.0,0.0,0.0,0.0,0,no_ps_link,11
A2102C4071,JAK,10',2026,0.0,2615.95,0.0,0.0,-2615.95,fmifiit_fmioi,0.0,0.0,0.0,0.0,0,no_ps_link,10'
A2104A4061,JAK,11,2026,0.0,57298.76,0.0,0.0,-57298.76,fmifiit_fmioi,0.0,0.0,0.0,0.0,0,no_ps_link,11
A2104A4061,JAK,10',2026,0.0,982.19,0.0,0.0,-982.19,fmifiit_fmioi,0.0,0.0,0.0,0.0,0,no_ps_link,10'
A210594071,JAK,11,2026,0.0,69587.56,0.0,0.0,-69587.56,fmifiit_fmioi,0.0,0.0,0.0,0.0,0,no_ps_link,11
A210594071,JAK,10',2026,0.0,1218.2,0.0,0.0,-1218.2,fmifiit_fmioi,0.0,0.0,0.0,0.0,0,no_ps_link,10'
A2106C4051,JAK,11,2026,0.0,57798.48,0.0,0.0,-57798.48,fmifiit_fmioi,0.0,0.0,0.0,0.0,0,no_ps_link,11
A2106C4051,JAK,10',2026,0.0,990.9,0.0,0.0,-990.9,fmifiit_fmioi,0.0,0.0,0.0,0.0,0,no_ps_link,10'
A230584081,JAK,11,2026,0.0,99036.23,0.0,0.0,-99036.23,fmifiit_fmioi,0.0,0.0,0.0,0.0,0,no_ps_link,11
A230584081,JAK,10',2026,0.0,1681.98,0.0,0.0,-1681.98,fmifiit_fmioi,0.0,0.0,0.0,0.0,0,no_ps_link,10'
A2305B4081,JAK,11,2026,0.0,63448.21,0.0,0.0,-63448.21,fmifiit_fmioi,0.0,0.0,0.0,0.0,0,no_ps_link,11
A230584101,KAT,11,2026,0.0,89830.43,0.0,0.0,-89830.43,fmifiit_fmioi,0.0,0.0,0.0,0.0,0,no_ps_link,11
A230584101,KAT,10',2026,0.0,1485.65,0.0,0.0,-1485.65,fmifiit_fmioi,0.0,0.0,0.0,0.0,0,no_ps_link,10'
A2101H4111,NDL,11,2026,0.0,169403.8,0.0,0.0,-169403.8,fmifiit_fmioi,0.0,0.0,0.0,0.0,0,no_ps_link,11
A2102C4081,NDL,11,2026,0.0,93532.09,0.0,0.0,-93532.09,fmifiit_fmioi,0.0,0.0,0.0,0.0,0,no_ps_link,11
A2104A4071,NDL,11,2026,0.0,64583.43,0.0,0.0,-64583.43,fmifiit_fmioi,0.0,0.0,0.0,0.0,0,no_ps_link,11
A210594101,NDL,11,2026,0.0,70241.19,0.0,0.0,-70241.19,fmifiit_fmioi,0.0,0.0,0.0,0.0,0,no_ps_link,11
A210594101,NDL,10',2026,0.0,1211.69,0.0,0.0,-1211.69,fmifiit_fmioi,0.0,0.0,0.0,0.0,0,no_ps_link,10'
A2106C4061,NDL,11,2026,0.0,85134.62,0.0,0.0,-85134.62,fmifiit_fmioi,0.0,0.0,0.0,0.0,0,no_ps_link,11
A2106C4061,NDL,10',2026,0.0,1346.34,0.0,0.0,-1346.34,fmifiit_fmioi,0.0,0.0,0.0,0.0,0,no_ps_link,10'
A230584111,NDL,11,2026,0.0,112766.02,0.0,0.0,-112766.02,fmifiit_fmioi,0.0,0.0,0.0,0.0,0,no_ps_link,11
A230584111,NDL,10',2026,209.0,1845.72,0.0,0.0,-1636.72,fmifiit_fmioi,0.0,0.0,0.0,0.0,0,no_ps_link,10'
A2305B4111,NDL,11,2026,0.0,81072.93,0.0,0.0,-81072.93,fmifiit_fmioi,0.0,0.0,0.0,0.0,0,no_ps_link,11
3210584111,PNP,13,2026,2454.15,2454.15,0.0,0.0,0.0,fmifiit_fmioi,0.0,0.0,0.0,0.0,0,no_ps_link,13
3210584111,PNP,10',2026,155.27,6669.62,0.0,0.0,-6514.35,fmifiit_fmioi,0.0,0.0,0.0,0.0,0,no_ps_link,10'
A210594111,PNP,13,2026,2454.15,51820.15,0.0,0.0,-49366.0,fmifiit_fmioi,0.0,0.0,0.0,0.0,0,no_ps_link,13
A210594111,PNP,10',2026,43.82,1909.3,0.0,0.0,-1865.48,fmifiit_fmioi,0.0,0.0,0.0,0.0,0,no_ps_link,10'
A210594111,PNP,11,2026,0.0,58097.97,0.0,0.0,-58097.97,fmifiit_fmioi,0.0,0.0,0.0,0.0,0,no_ps_link,11
A2305B4121,PNP,13,2026,0.0,67232.25,0.0,0.0,-67232.25,fmifiit_fmioi,0.0,0.0,0.0,0.0,0,no_ps_link,13
A2305B4121,PNP,10',2026,0.0,1193.58,0.0,0.0,-1193.58,fmifiit_fmioi,0.0,0.0,0.0,0.0,0,no_ps_link,10'
A2101H4141,TAS,13,2026,0.0,42823.25,0.0,0.0,-42823.25,fmifiit_fmioi,0.0,0.0,0.0,0.0,0,no_ps_link,13
A2101H4141,TAS,10',2026,0.0,764.2,0.0,0.0,-764.2,fmifiit_fmioi,0.0,0.0,0.0,0.0,0,no_ps_link,10'
A210594121,TAS,13,2026,0.0,33782.05,0.0,0.0,-33782.05,fmifiit_fmioi,0.0,0.0,0.0,0.0,0,no_ps_link,13
A210594121,TAS,10',2026,0.0,596.25,0.0,0.0,-596.25,fmifiit_fmioi,0.0,0.0,0.0,0.0,0,no_ps_link,10'
A230584141,TAS,11,2026,0.0,89307.94,0.0,0.0,-89307.94,fmifiit_fmioi,0.0,0.0,0.0,0.0,0,no_ps_link,11
A230584141,TAS,10',2026,0.0,1504.67,0.0,0.0,-1504.67,fmifiit_fmioi,0.0,0.0,0.0,0.0,0,no_ps_link,10'
A2305B4141,TAS,13,2026,0.0,64218.48,0.0,0.0,-64218.48,fmifiit_fmioi,0.0,0.0,0.0,0.0,0,no_ps_link,13
A2305B4141,TAS,10',2026,0.0,1068.37,0.0,0.0,-1068.37,fmifiit_fmioi,0.0,0.0,0.0,0.0,0,no_ps_link,10'
A2101H4151,TEH,13,2026,0.0,28663.38,0.0,0.0,-28663.38,fmifiit_fmioi,0.0,0.0,0.0,0.0,0,no_ps_link,13
A2101H4151,TEH,10',2026,0.0,511.97,0.0,0.0,-511.97,fmifiit_fmioi,0.0,0.0,0.0,0.0,0,no_ps_link,10'
A2102C4091,TEH,13,2026,0.0,20280.8,0.0,0.0,-20280.8,fmifiit_fmioi,0.0,0.0,0.0,0.0,0,no_ps_link,13
A2102C4091,TEH,10',2026,0.0,364.65,0.0,0.0,-364.65,fmifiit_fmioi,0.0,0.0,0.0,0.0,0,no_ps_link,10'
A230584151,TEH,11,2026,0.0,96837.86,0.0,0.0,-96837.86,fmifiit_fmioi,0.0,0.0,0.0,0.0,0,no_ps_link,11
A230584151,TEH,10',2026,0.0,1642.77,0.0,0.0,-1642.77,fmifiit_fmioi,0.0,0.0,0.0,0.0,0,no_ps_link,10'
A2305B4151,TEH,11,2026,0.0,55697.75,0.0,0.0,-55697.75,fmifiit_fmioi,0.0,0.0,0.0,0.0,0,no_ps_link,11
A2305B4151,TEH,10',2026,0.0,1809.18,0.0,0.0,-1809.18,fmifiit_fmioi,0.0,0.0,0.0,0.0,0,no_ps_link,10'
A2305B4151,TEH,13,2026,0.0,47609.29,0.0,0.0,-47609.29,fmifiit_fmioi,0.0,0.0,0.0,0.0,0,no_ps_link,13
A230586031,IEV,11,2026,0.0,87855.91,0.0,0.0,-87855.91,fmifiit_fmioi,0.0,0.0,0.0,0.0,0,no_ps_link,11
A230586031,IEV,10',2026,29.58,5960.07,0.0,0.0,-5930.49,fmifiit_fmioi,0.0,0.0,0.0,0.0,0,no_ps_link,10'
A2101H6021,VNI,BRSTAT,2026,0.0,3726.95,0.0,0.0,-3726.95,fmifiit_fmioi,0.0,0.0,0.0,0.0,0,no_ps_link,BRSTAT
A2101H6021,VNI,11,2026,0.0,74964.35,0.0,0.0,-74964.35,fmifiit_fmioi,0.0,0.0,0.0,0.0,0,no_ps_link,11
A2101H6021,VNI,10',2026,0.0,3090.03,0.0,0.0,-3090.03,fmifiit_fmioi,0.0,0.0,0.0,0.0,0,no_ps_link,10'
A2101H6021,VNI,CDCE,2026,0.0,3726.95,0.0,0.0,-3726.95,fmifiit_fmioi,0.0,0.0,0.0,0.0,0,no_ps_link,CDCE
A2102C6031,VNI,BRSTAT,2026,0.0,5114.78,0.0,0.0,-5114.78,fmifiit_fmioi,0.0,0.0,0.0,0.0,0,no_ps_link,BRSTAT
A2102C6031,VNI,11,2026,0.0,93616.13,0.0,0.0,-93616.13,fmifiit_fmioi,0.0,0.0,0.0,0.0,0,no_ps_link,11
A2102C6031,VNI,10',2026,0.0,1436.04,0.0,0.0,-1436.04,fmifiit_fmioi,0.0,0.0,0.0,0.0,0,no_ps_link,10'
A2102C6031,VNI,CDCE,2026,0.0,5114.78,0.0,0.0,-5114.78,fmifiit_fmioi,0.0,0.0,0.0,0.0,0,no_ps_link,CDCE
A210596011,VNI,BRSTAT,2026,0.0,5561.77,0.0,0.0,-5561.77,fmifiit_fmioi,0.0,0.0,0.0,0.0,0,no_ps_link,BRSTAT
A210596011,VNI,11,2026,0.0,74964.35,0.0,0.0,-74964.35,fmifiit_fmioi,0.0,0.0,0.0,0.0,0,no_ps_link,11
A210596011,VNI,10',2026,0.0,1821.63,0.0,0.0,-1821.63,fmifiit_fmioi,0.0,0.0,0.0,0.0,0,no_ps_link,10'
A210596011,VNI,CDCE,2026,0.0,3726.95,0.0,0.0,-3726.95,fmifiit_fmioi,0.0,0.0,0.0,0.0,0,no_ps_link,CDCE
A230586061,VNI,BRSTAT,2026,0.0,4764.65,0.0,0.0,-4764.65,fmifiit_fmioi,0.0,0.0,0.0,0.0,0,no_ps_link,BRSTAT
A230586061,VNI,11,2026,0.0,96077.85,0.0,0.0,-96077.85,fmifiit_fmioi,0.0,0.0,0.0,0.0,0,no_ps_link,11
A230586061,VNI,10',2026,0.0,1678.9,0.0,0.0,-1678.9,fmifiit_fmioi,0.0,0.0,0.0,0.0,0,no_ps_link,10'
A230586061,VNI,CDCE,2026,0.0,4764.65,0.0,0.0,-4764.65,fmifiit_fmioi,0.0,0.0,0.0,0.0,0,no_ps_link,CDCE
A230585011,BRZ,11,2026,0.0,107070.21,0.0,0.0,-107070.21,fmifiit_fmioi,0.0,0.0,0.0,0.0,0,no_ps_link,11
A230585011,BRZ,10',2026,0.0,1808.04,0.0,0.0,-1808.04,fmifiit_fmioi,0.0,0.0,0.0,0.0,0,no_ps_link,10'
A2305B5031,BRZ,11,2026,0.0,70738.83,0.0,0.0,-70738.83,fmifiit_fmioi,0.0,0.0,0.0,0.0,0,no_ps_link,11
A230585021,GUC,11,2026,0.0,32639.48,0.0,0.0,-32639.48,fmifiit_fmioi,0.0,0.0,0.0,0.0,0,no_ps_link,11
A230585021,GUC,10',2026,0.0,247.18,0.0,0.0,-247.18,fmifiit_fmioi,0.0,0.0,0.0,0.0,0,no_ps_link,10'
3210135111,HAV,11,2026,0.0,69887.91,0.0,0.0,-69887.91,fmifiit_fmioi,0.0,0.0,0.0,0.0,0,no_ps_link,11
3210135111,HAV,10',2026,0.0,1185.88,0.0,0.0,-1185.88,fmifiit_fmioi,0.0,0.0,0.0,0.0,0,no_ps_link,10'
A2101H5051,HAV,13,2026,0.0,12503.78,0.0,0.0,-12503.78,fmifiit_fmioi,0.0,0.0,0.0,0.0,0,no_ps_link,13
A2101H5051,HAV,10',2026,0.0,225.18,0.0,0.0,-225.18,fmifiit_fmioi,0.0,0.0,0.0,0.0,0,no_ps_link,10'
A210595021,HAV,11,2026,0.0,64160.85,0.0,0.0,-64160.85,fmifiit_fmioi,0.0,0.0,0.0,0.0,0,no_ps_link,11
A210595021,HAV,10',2026,0.0,1068.11,0.0,0.0,-1068.11,fmifiit_fmioi,0.0,0.0,0.0,0.0,0,no_ps_link,10'
A2106C5021,HAV,13,2026,0.0,13698.95,0.0,0.0,-13698.95,fmifiit_fmioi,0.0,0.0,0.0,0.0,0,no_ps_link,13
A2106C5021,HAV,10',2026,0.0,245.3,0.0,0.0,-245.3,fmifiit_fmioi,0.0,0.0,0.0,0.0,0,no_ps_link,10'
A230585031,HAV,11,2026,0.0,114765.96,0.0,0.0,-114765.96,fmifiit_fmioi,0.0,0.0,0.0,0.0,0,no_ps_link,11
A230585031,HAV,10',2026,0.0,1955.94,0.0,0.0,-1955.94,fmifiit_fmioi,0.0,0.0,0.0,0.0,0,no_ps_link,10'
A2305B5051,HAV,13,2026,0.0,48005.0,0.0,0.0,-48005.0,fmifiit_fmioi,0.0,0.0,0.0,0.0,0,no_ps_link,13
A2305B5051,HAV,10',2026,0.0,1816.73,0.0,0.0,-1816.73,fmifiit_fmioi,0.0,0.0,0.0,0.0,0,no_ps_link,10'
A2305B5051,HAV,11,2026,0.0,55297.11,0.0,0.0,-55297.11,fmifiit_fmioi,0.0,0.0,0.0,0.0,0,no_ps_link,11
A2101H5061,KNG,11,2026,0.0,91340.26,0.0,0.0,-91340.26,fmifiit_fmioi,0.0,0.0,0.0,0.0,0,no_ps_link,11
A2102C5031,KNG,11,2026,0.0,182805.85,0.0,0.0,-182805.85,fmifiit_fmioi,0.0,0.0,0.0,0.0,0,no_ps_link,11
A2102C5031,KNG,10',2026,0.0,2815.68,0.0,0.0,-2815.68,fmifiit_fmioi,0.0,0.0,0.0,0.0,0,no_ps_link,10'
A2104A5031,KNG,11,2026,0.0,69751.18,0.0,0.0,-69751.18,fmifiit_fmioi,0.0,0.0,0.0,0.0,0,no_ps_link,11
A2104A5031,KNG,10',2026,0.0,1196.38,0.0,0.0,-1196.38,fmifiit_fmioi,0.0,0.0,0.0,0.0,0,no_ps_link,10'
A210595031,KNG,11,2026,0.0,97508.84,0.0,0.0,-97508.84,fmifiit_fmioi,0.0,0.0,0.0,0.0,0,no_ps_link,11
A210595031,KNG,10',2026,0.0,1502.11,0.0,0.0,-1502.11,fmifiit_fmioi,0.0,0.0,0.0,0.0,0,no_ps_link,10'
A2106C5031,KNG,11,2026,0.0,102585.91,0.0,0.0,-102585.91,fmifiit_fmioi,0.0,0.0,0.0,0.0,0,no_ps_link,11
A2106C5031,KNG,10',2026,0.0,1702.37,0.0,0.0,-1702.37,fmifiit_fmioi,0.0,0.0,0.0,0.0,0,no_ps_link,10'
A230585041,KNG,11,2026,0.0,147863.76,0.0,0.0,-147863.76,fmifiit_fmioi,0.0,0.0,0.0,0.0,0,no_ps_link,11
A230585041,KNG,10',2026,0.0,2431.58,0.0,0.0,-2431.58,fmifiit_fmioi,0.0,0.0,0.0,0.0,0,no_ps_link,10'
A2305B5061,KNG,11,2026,0.0,81874.99,0.0,0.0,-81874.99,fmifiit_fmioi,0.0,0.0,0.0,0.0,0,no_ps_link,11
A230585051,LIM,11,2026,0.0,95703.22,0.0,0.0,-95703.22,fmifiit_fmioi,0.0,0.0,0.0,0.0,0,no_ps_link,11
A230585051,LIM,10',2026,0.0,1649.46,0.0,0.0,-1649.46,fmifiit_fmioi,0.0,0.0,0.0,0.0,0,no_ps_link,10'
A2101H5091,MTD,10',2026,0.0,2990.61,0.0,0.0,-2990.61,fmifiit_fmioi,0.0,0.0,0.0,0.0,0,no_ps_link,10'
A2101H5091,MTD,11,2026,0.0,71060.91,0.0,0.0,-71060.91,fmifiit_fmioi,0.0,0.0,0.0,0.0,0,no_ps_link,11
A2104A5051,MTD,11,2026,0.0,70335.85,0.0,0.0,-70335.85,fmifiit_fmioi,0.0,0.0,0.0,0.0,0,no_ps_link,11
A2104A5051,MTD,10',2026,0.0,1213.25,0.0,0.0,-1213.25,fmifiit_fmioi,0.0,0.0,0.0,0.0,0,no_ps_link,10'
A210595051,MTD,11,2026,0.0,80746.12,0.0,0.0,-80746.12,fmifiit_fmioi,0.0,0.0,0.0,0.0,0,no_ps_link,11
A210595051,MTD,10',2026,66.43,5383.35,0.0,0.0,-5316.92,fmifiit_fmioi,0.0,0.0,0.0,0.0,0,no_ps_link,10'
A2106C5051,MTD,11,2026,0.0,127946.93,0.0,0.0,-127946.93,fmifiit_fmioi,0.0,0.0,0.0,0.0,0,no_ps_link,11
A2106C5051,MTD,10',2026,0.0,2009.53,0.0,0.0,-2009.53,fmifiit_fmioi,0.0,0.0,0.0,0.0,0,no_ps_link,10'
A230585071,MTD,11,2026,0.0,108853.86,0.0,0.0,-108853.86,fmifiit_fmioi,0.0,0.0,0.0,0.0,0,no_ps_link,11
A230585071,MTD,10',2026,0.0,1830.96,0.0,0.0,-1830.96,fmifiit_fmioi,0.0,0.0,0.0,0.0,0,no_ps_link,10'
A2305B5091,MTD,10',2026,0.0,6775.7,0.0,0.0,-6775.7,fmifiit_fmioi,0.0,0.0,0.0,0.0,0,no_ps_link,10'
A2305B5091,MTD,11,2026,0.0,66912.85,0.0,0.0,-66912.85,fmifiit_fmioi,0.0,0.0,0.0,0.0,0,no_ps_link,11
A230585061,MXC,11,2026,0.0,101677.6,0.0,0.0,-101677.6,fmifiit_fmioi,0.0,0.0,0.0,0.0,0,no_ps_link,11
A230585061,MXC,10',2026,0.0,1748.01,0.0,0.0,-1748.01,fmifiit_fmioi,0.0,0.0,0.0,0.0,0,no_ps_link,10'
3210541131,CEO,13,2026,0.0,23968.85,0.0,0.0,-23968.85,fmifiit_fmioi,0.0,0.0,0.0,0.0,0,no_ps_link,13
3210541131,CEO,10',2026,0.0,428.4,0.0,0.0,-428.4,fmifiit_fmioi,0.0,0.0,0.0,0.0,0,no_ps_link,10'
32101B5081,POP,13,2026,63.11,63.11,0.0,0.0,0.0,fmifiit_fmioi,0.0,0.0,0.0,0.0,0,no_ps_link,13
A2101H5101,POP,11,2026,0.0,120368.09,0.0,0.0,-120368.09,fmifiit_fmioi,0.0,0.0,0.0,0.0,0,no_ps_link,11
A2101H5101,POP,10',2026,0.0,2501.08,0.0,0.0,-2501.08,fmifiit_fmioi,0.0,0.0,0.0,0.0,0,no_ps_link,10'
A2101H5101,POP,13,2026,63.11,38176.84,0.0,0.0,-38113.73,fmifiit_fmioi,0.0,0.0,0.0,0.0,0,no_ps_link,13
A230585081,POP,11,2026,0.0,148395.78,0.0,0.0,-148395.78,fmifiit_fmioi,0.0,0.0,0.0,0.0,0,no_ps_link,11
A230585081,POP,10',2026,39.37,3762.99,0.0,0.0,-3723.62,fmifiit_fmioi,0.0,0.0,0.0,0.0,0,no_ps_link,10'
A2305B5101,POP,13,2026,0.0,35324.69,0.0,0.0,-35324.69,fmifiit_fmioi,0.0,0.0,0.0,0.0,0,no_ps_link,13
A2305B5101,POP,10',2026,0.0,1706.5,0.0,0.0,-1706.5,fmifiit_fmioi,0.0,0.0,0.0,0.0,0,no_ps_link,10'
A2305B5101,POP,11,2026,0.0,76983.74,0.0,0.0,-76983.74,fmifiit_fmioi,0.0,0.0,0.0,0.0,0,no_ps_link,11
A2305E5011,POP,13,2026,0.0,12511.04,0.0,0.0,-12511.04,fmifiit_fmioi,0.0,0.0,0.0,0.0,0,no_ps_link,13
A2305E5011,POP,10',2026,0.0,182.8,0.0,0.0,-182.8,fmifiit_fmioi,0.0,0.0,0.0,0.0,0,no_ps_link,10'
A2101H5111,QUI,13,2026,0.0,48712.7,0.0,0.0,-48712.7,fmifiit_fmioi,0.0,0.0,0.0,0.0,0,no_ps_link,13
A2101H5111,QUI,10',2026,0.0,863.51,0.0,0.0,-863.51,fmifiit_fmioi,0.0,0.0,0.0,0.0,0,no_ps_link,10'
A2102C5051,QUI,13,2026,0.0,49678.89,0.0,0.0,-49678.89,fmifiit_fmioi,0.0,0.0,0.0,0.0,0,no_ps_link,13
A2102C5051,QUI,10',2026,0.0,873.2,0.0,0.0,-873.2,fmifiit_fmioi,0.0,0.0,0.0,0.0,0,no_ps_link,10'
A2106C5061,QUI,13,2026,0.0,33936.64,0.0,0.0,-33936.64,fmifiit_fmioi,0.0,0.0,0.0,0.0,0,no_ps_link,13
A2106C5061,QUI,10',2026,0.0,609.24,0.0,0.0,-609.24,fmifiit_fmioi,0.0,0.0,0.0,0.0,0,no_ps_link,10'
A230585091,QUI,11,2026,0.0,84200.61,0.0,0.0,-84200.61,fmifiit_fmioi,0.0,0.0,0.0,0.0,0,no_ps_link,11
A230585091,QUI,10',2026,0.0,1428.99,0.0,0.0,-1428.99,fmifiit_fmioi,0.0,0.0,0.0,0.0,0,no_ps_link,10'
A2305B5111,QUI,13,2026,0.0,148393.99,0.0,0.0,-148393.99,fmifiit_fmioi,0.0,0.0,0.0,0.0,0,no_ps_link,13
A2305B5111,QUI,10',2026,0.0,2602.38,0.0,0.0,-2602.38,fmifiit_fmioi,0.0,0.0,0.0,0.0,0,no_ps_link,10'
A2101H5121,SJO,10',2026,0.0,1966.82,0.0,0.0,-1966.82,fmifiit_fmioi,0.0,0.0,0.0,0.0,0,no_ps_link,10'
A2101H5121,SJO,11,2026,0.0,68257.95,0.0,0.0,-68257.95,fmifiit_fmioi,0.0,0.0,0.0,0.0,0,no_ps_link,11
A2102C5061,SJO,11,2026,0.0,97813.57,0.0,0.0,-97813.57,fmifiit_fmioi,0.0,0.0,0.0,0.0,0,no_ps_link,11
A2102C5061,SJO,10',2026,0.0,1865.14,0.0,0.0,-1865.14,fmifiit_fmioi,0.0,0.0,0.0,0.0,0,no_ps_link,10'
A210595071,SJO,11,2026,0.0,60016.79,0.0,0.0,-60016.79,fmifiit_fmioi,0.0,0.0,0.0,0.0,0,no_ps_link,11
A210595071,SJO,10',2026,0.0,1038.25,0.0,0.0,-1038.25,fmifiit_fmioi,0.0,0.0,0.0,0.0,0,no_ps_link,10'
A230585101,SJO,11,2026,0.0,105278.44,0.0,0.0,-105278.44,fmifiit_fmioi,0.0,0.0,0.0,0.0,0,no_ps_link,11
A230585101,SJO,10',2026,0.0,1799.63,0.0,0.0,-1799.63,fmifiit_fmioi,0.0,0.0,0.0,0.0,0,no_ps_link,10'
A2305B5121,SJO,10',2026,0.0,2352.2,0.0,0.0,-2352.2,fmifiit_fmioi,0.0,0.0,0.0,0.0,0,no_ps_link,10'
A2305B5121,SJO,11,2026,0.0,44136.23,0.0,0.0,-44136.23,fmifiit_fmioi,0.0,0.0,0.0,0.0,0,no_ps_link,11
A2101H5131,STG,11,2026,0.0,305827.44,0.0,0.0,-305827.44,fmifiit_fmioi,0.0,0.0,0.0,0.0,0,no_ps_link,11
A2104A5081,STG,11,2026,0.0,51688.22,0.0,0.0,-51688.22,fmifiit_fmioi,0.0,0.0,0.0,0.0,0,no_ps_link,11
A2104A5081,STG,10',2026,0.0,908.04,0.0,0.0,-908.04,fmifiit_fmioi,0.0,0.0,0.0,0.0,0,no_ps_link,10'
A210595081,STG,11,2026,0.0,54791.96,0.0,0.0,-54791.96,fmifiit_fmioi,0.0,0.0,0.0,0.0,0,no_ps_link,11
A210595081,STG,10',2026,0.0,962.76,0.0,0.0,-962.76,fmifiit_fmioi,0.0,0.0,0.0,0.0,0,no_ps_link,10'
A230585111,STG,11,2026,0.0,153263.65,0.0,0.0,-153263.65,fmifiit_fmioi,0.0,0.0,0.0,0.0,0,no_ps_link,11
A230585111,STG,10',2026,0.0,2238.46,0.0,0.0,-2238.46,fmifiit_fmioi,0.0,0.0,0.0,0.0,0,no_ps_link,10'
A2305B5131,STG,11,2026,0.0,77781.64,0.0,0.0,-77781.64,fmifiit_fmioi,0.0,0.0,0.0,0.0,0,no_ps_link,11
3230874181,KAB,11,2026,43184.4,51184.4,0.0,0.0,-8000.0,fmifiit_fmioi,0.0,0.0,0.0,0.0,0,no_ps_link,11
A2101H4091,KAB,13,2026,0.0,28028.44,0.0,0.0,-28028.44,fmifiit_fmioi,0.0,0.0,0.0,0.0,0,no_ps_link,13
A2101H4091,KAB,10',2026,64.22,4906.35,0.0,0.0,-4842.13,fmifiit_fmioi,0.0,0.0,0.0,0.0,0,no_ps_link,10'
A2101H4091,KAB,11,2026,0.0,92318.9,0.0,0.0,-92318.9,fmifiit_fmioi,0.0,0.0,0.0,0.0,0,no_ps_link,11
A210594081,KAB,11,2026,0.0,91697.28,0.0,0.0,-91697.28,fmifiit_fmioi,0.0,0.0,0.0,0.0,0,no_ps_link,11
A210594081,KAB,10',2026,0.0,3239.77,0.0,0.0,-3239.77,fmifiit_fmioi,0.0,0.0,0.0,0.0,0,no_ps_link,10'
A2305B4091,KAB,11,2026,0.0,129578.38,0.0,0.0,-129578.38,fmifiit_fmioi,0.0,0.0,0.0,0.0,0,no_ps_link,11
A2305B4091,KAB,10',2026,179.2,7069.07,0.0,0.0,-6889.87,fmifiit_fmioi,0.0,0.0,0.0,0.0,0,no_ps_link,10'
A2305B4091,KAB,13,2026,0.0,95439.32,0.0,0.0,-95439.32,fmifiit_fmioi,0.0,0.0,0.0,0.0,0,no_ps_link,13
A2305E4021,KAB,13,2026,0.0,35727.98,0.0,0.0,-35727.98,fmifiit_fmioi,0.0,0.0,0.0,0.0,0,no_ps_link,13
A2305E4021,KAB,10',2026,0.0,621.33,0.0,0.0,-621.33,fmifiit_fmioi,0.0,0.0,0.0,0.0,0,no_ps_link,10'
3230873031,BAG,13,2026,13680.93,15344.93,0.0,0.0,-1664.0,fmifiit_fmioi,0.0,0.0,0.0,0.0,0,no_ps_link,13
3230873031,BAG,10',2026,395.13,1738.94,0.0,0.0,-1343.81,fmifiit_fmioi,0.0,0.0,0.0,0.0,0,no_ps_link,10'
A2101H3021,BAG,11,2026,0.0,48596.43,0.0,0.0,-48596.43,fmifiit_fmioi,0.0,0.0,0.0,0.0,0,no_ps_link,11
A2101H3021,BAG,10',2026,0.0,794.03,0.0,0.0,-794.03,fmifiit_fmioi,0.0,0.0,0.0,0.0,0,no_ps_link,10'
A230583021,BAG,11,2026,0.0,111283.58,0.0,0.0,-111283.58,fmifiit_fmioi,0.0,0.0,0.0,0.0,0,no_ps_link,11
A230583021,BAG,10',2026,0.0,1622.26,0.0,0.0,-1622.26,fmifiit_fmioi,0.0,0.0,0.0,0.0,0,no_ps_link,10'
A2305B3021,BAG,11,2026,0.0,99548.06,0.0,0.0,-99548.06,fmifiit_fmioi,0.0,0.0,0.0,0.0,0,no_ps_link,11
A2305B3021,BAG,10',2026,260.85,2656.74,0.0,0.0,-2395.89,fmifiit_fmioi,0.0,0.0,0.0,0.0,0,no_ps_link,10'
A2305B3021,BAG,13,2026,15872.81,67747.25,0.0,0.0,-51874.44,fmifiit_fmioi,0.0,0.0,0.0,0.0,0,no_ps_link,13
A2305E3011,BAG,11,2026,0.0,102989.59,0.0,0.0,-102989.59,fmifiit_fmioi,0.0,0.0,0.0,0.0,0,no_ps_link,11
A2305E3011,BAG,10',2026,0.0,3070.8,0.0,0.0,-3070.8,fmifiit_fmioi,0.0,0.0,0.0,0.0,0,no_ps_link,10'
A2101H3061,KHA,13,2026,0.0,57506.36,0.0,0.0,-57506.36,fmifiit_fmioi,0.0,0.0,0.0,0.0,0,no_ps_link,13
A2101H3061,KHA,10',2026,0.0,1013.44,0.0,0.0,-1013.44,fmifiit_fmioi,0.0,0.0,0.0,0.0,0,no_ps_link,10'
A2102C3041,KHA,13,2026,0.0,32180.24,0.0,0.0,-32180.24,fmifiit_fmioi,0.0,0.0,0.0,0.0,0,no_ps_link,13
A2102C3041,KHA,10',2026,0.0,569.65,0.0,0.0,-569.65,fmifiit_fmioi,0.0,0.0,0.0,0.0,0,no_ps_link,10'
A2305B3061,KHA,13,2026,0.0,64357.04,0.0,0.0,-64357.04,fmifiit_fmioi,0.0,0.0,0.0,0.0,0,no_ps_link,13
A2305B3061,KHA,10',2026,0.0,2208.21,0.0,0.0,-2208.21,fmifiit_fmioi,0.0,0.0,0.0,0.0,0,no_ps_link,10'
A2305B3061,KHA,11,2026,0.0,105261.58,0.0,0.0,-105261.58,fmifiit_fmioi,0.0,0.0,0.0,0.0,0,no_ps_link,11
3210222211,JUB,13,2026,0.0,19922.11,0.0,0.0,-19922.11,fmifiit_fmioi,0.0,0.0,0.0,0.0,0,no_ps_link,13
3210222211,JUB,10',2026,0.0,139.39,0.0,0.0,-139.39,fmifiit_fmioi,0.0,0.0,0.0,0.0,0,no_ps_link,10'
A210592101,JUB,13,2026,0.0,49276.19,0.0,0.0,-49276.19,fmifiit_fmioi,0.0,0.0,0.0,0.0,0,no_ps_link,13
A210592101,JUB,10',2026,0.0,868.43,0.0,0.0,-868.43,fmifiit_fmioi,0.0,0.0,0.0,0.0,0,no_ps_link,10'
A230582131,JUB,11,2026,0.0,120304.95,0.0,0.0,-120304.95,fmifiit_fmioi,0.0,0.0,0.0,0.0,0,no_ps_link,11
A230582131,JUB,10',2026,198.63,6833.93,0.0,0.0,-6635.3,fmifiit_fmioi,0.0,0.0,0.0,0.0,0,no_ps_link,10'
A2305B2131,JUB,13,2026,0.0,114881.78,0.0,0.0,-114881.78,fmifiit_fmioi,0.0,0.0,0.0,0.0,0,no_ps_link,13
A2305B2131,JUB,10',2026,181.88,6116.32,0.0,0.0,-5934.44,fmifiit_fmioi,0.0,0.0,0.0,0.0,0,no_ps_link,10'
A2305B2131,JUB,11,2026,0.0,90126.76,0.0,0.0,-90126.76,fmifiit_fmioi,0.0,0.0,0.0,0.0,0,no_ps_link,11
A230586011,BRU,BRSTAT,2026,0.0,5261.17,0.0,0.0,-5261.17,fmifiit_fmioi,0.0,0.0,0.0,0.0,0,no_ps_link,BRSTAT
A230586011,BRU,11,2026,0.0,102241.46,0.0,0.0,-102241.46,fmifiit_fmioi,0.0,0.0,0.0,0.0,0,no_ps_link,11
A230586011,BRU,10',2026,0.0,1783.62,0.0,0.0,-1783.62,fmifiit_fmioi,0.0,0.0,0.0,0.0,0,no_ps_link,10'
A230586011,BRU,CDCE,2026,0.0,5261.17,0.0,0.0,-5261.17,fmifiit_fmioi,0.0,0.0,0.0,0.0,0,no_ps_link,CDCE
A2101H2011,ABJ,11,2026,0.0,95189.9,0.0,0.0,-95189.9,fmifiit_fmioi,0.0,0.0,0.0,0.0,0,no_ps_link,11
A2101H2011,ABJ,10',2026,0.0,2184.51,0.0,0.0,-2184.51,fmifiit_fmioi,0.0,0.0,0.0,0.0,0,no_ps_link,10'
A230582011,ABJ,11,2026,0.0,116247.53,0.0,0.0,-116247.53,fmifiit_fmioi,0.0,0.0,0.0,0.0,0,no_ps_link,11
A230582011,ABJ,10',2026,120.0,1953.96,0.0,0.0,-1833.96,fmifiit_fmioi,0.0,0.0,0.0,0.0,0,no_ps_link,10'
A2305B2011,ABJ,11,2026,0.0,64161.25,0.0,0.0,-64161.25,fmifiit_fmioi,0.0,0.0,0.0,0.0,0,no_ps_link,11
A2305B2011,ABJ,10',2026,0.0,2038.87,0.0,0.0,-2038.87,fmifiit_fmioi,0.0,0.0,0.0,0.0,0,no_ps_link,10'
32101B1011,HEQ,11,2026,32189.45,32189.45,8780.0,0.0,-8780.0,fmifiit_fmioi,0.0,0.0,0.0,0.0,0,no_ps_link,11
32101B1011,HEQ,CDCE,2026,0.0,1450.92,0.0,0.0,-1450.92,fmifiit_fmioi,0.0,0.0,0.0,0.0,0,no_ps_link,CDCE
A2101H1021,HEQ,11,2026,32189.45,5433118.25,0.0,0.0,-5400928.8,fmifiit_fmioi,0.0,0.0,0.0,0.0,0,no_ps_link,11
A2101H1021,HEQ,CDCE,2026,0.0,285860.16,0.0,0.0,-285860.16,fmifiit_fmioi,0.0,0.0,0.0,0.0,0,no_ps_link,CDCE
32101B1011,HEQ,BRSTAT,2026,0.0,1066.42,0.0,0.0,-1066.42,fmifiit_fmioi,0.0,0.0,0.0,0.0,0,no_ps_link,BRSTAT
A2101H1011,UNE,BRSTAT,2026,0.0,13364.52,0.0,0.0,-13364.52,fmifiit_fmioi,0.0,0.0,0.0,0.0,0,no_ps_link,BRSTAT
A2101H1011,UNE,11,2026,0.0,242433.78,0.0,0.0,-242433.78,fmifiit_fmioi,0.0,0.0,0.0,0.0,0,no_ps_link,11
A2101H1011,UNE,10',2026,0.0,3719.22,0.0,0.0,-3719.22,fmifiit_fmioi,0.0,0.0,0.0,0.0,0,no_ps_link,10'
A2101H1011,UNE,CDCE,2026,0.0,13364.52,0.0,0.0,-13364.52,fmifiit_fmioi,0.0,0.0,0.0,0.0,0,no_ps_link,CDCE
A2104A2041,ADI,BRSTAT,2026,0.0,4298.97,0.0,0.0,-4298.97,fmifiit_fmioi,0.0,0.0,0.0,0.0,0,no_ps_link,BRSTAT
A2104A2041,ADI,11,2026,0.0,81816.58,0.0,0.0,-81816.58,fmifiit_fmioi,0.0,0.0,0.0,0.0,0,no_ps_link,11
A2104A2041,ADI,10',2026,0.0,1451.52,0.0,0.0,-1451.52,fmifiit_fmioi,0.0,0.0,0.0,0.0,0,no_ps_link,10'
A2104A2041,ADI,CDCE,2026,0.0,4298.97,0.0,0.0,-4298.97,fmifiit_fmioi,0.0,0.0,0.0,0.0,0,no_ps_link,CDCE
3210481011,HEQ,11,2026,125732.99,159251.06,0.0,0.0,-33518.07,fmifiit_fmioi,0.0,0.0,0.0,0.0,0,no_ps_link,11
3210481011,HEQ,CDCE,2026,0.0,5337.49,0.0,0.0,-5337.49,fmifiit_fmioi,0.0,0.0,0.0,0.0,0,no_ps_link,CDCE
A2104A1011,HEQ,11,2026,130512.53,3011315.37,0.0,0.0,-2880802.84,fmifiit_fmioi,0.0,0.0,0.0,0.0,0,no_ps_link,11
A2104A1011,HEQ,CDCE,2026,0.0,137680.27,0.0,0.0,-137680.27,fmifiit_fmioi,0.0,0.0,0.0,0.0,0,no_ps_link,CDCE
A2106C1011,HEQ,11,2026,2.33,2624156.31,0.0,0.0,-2624153.98,fmifiit_fmioi,0.0,0.0,0.0,0.0,0,no_ps_link,11
A2106C1011,HEQ,CDCE,2026,0.0,140807.12,0.0,0.0,-140807.12,fmifiit_fmioi,0.0,0.0,0.0,0.0,0,no_ps_link,CDCE
A2106C1012,HEQ,BRSTAT,2026,0.0,3139.44,0.0,0.0,-3139.44,fmifiit_fmioi,0.0,0.0,0.0,0.0,0,no_ps_link,BRSTAT
A2106C1012,HEQ,11,2026,0.0,76175.54,65169.84,0.0,-141345.38,fmifiit_fmioi,0.0,0.0,0.0,0.0,0,no_ps_link,11
A2106C1012,HEQ,10',2026,0.0,1098.07,0.0,0.0,-1098.07,fmifiit_fmioi,0.0,0.0,0.0,0.0,0,no_ps_link,10'
A2106C1012,HEQ,CDCE,2026,0.0,3139.44,0.0,0.0,-3139.44,fmifiit_fmioi,0.0,0.0,0.0,0.0,0,no_ps_link,CDCE
A210345021,CPH,11,2026,0.0,103124.65,0.0,0.0,-103124.65,fmifiit_fmioi,0.0,0.0,0.0,0.0,0,no_ps_link,11
A210345021,CPH,10',2026,0.0,1853.53,0.0,0.0,-1853.53,fmifiit_fmioi,0.0,0.0,0.0,0.0,0,no_ps_link,10'
A210344021,CTG,11,2026,0.0,77912.3,0.0,0.0,-77912.3,fmifiit_fmioi,0.0,0.0,0.0,0.0,0,no_ps_link,11
A210344021,CTG,10',2026,0.0,1378.69,0.0,0.0,-1378.69,fmifiit_fmioi,0.0,0.0,0.0,0.0,0,no_ps_link,10'
A210344021,CTG,50,2026,0.0,314.95,0.0,0.0,-314.95,fmifiit_fmioi,0.0,0.0,0.0,0.0,0,no_ps_link,50
A210341011,HEQ,11,2026,0.0,1101289.48,0.0,0.0,-1101289.48,fmifiit_fmioi,0.0,0.0,0.0,0.0,0,no_ps_link,11
A210341011,HEQ,CDCE,2026,0.0,57708.48,0.0,0.0,-57708.48,fmifiit_fmioi,0.0,0.0,0.0,0.0,0,no_ps_link,CDCE
A2102C1011,HEQ,11,2026,0.0,3667532.32,0.0,0.0,-3667532.32,fmifiit_fmioi,0.0,0.0,0.0,0.0,0,no_ps_link,11
A2102C1011,HEQ,CDCE,2026,0.0,193517.85,0.0,0.0,-193517.85,fmifiit_fmioi,0.0,0.0,0.0,0.0,0,no_ps_link,CDCE
3210281011,HEQ,CDCE,2026,0.0,0.01,0.0,0.0,-0.01,fmifiit_fmioi,0.0,0.0,0.0,0.0,0,no_ps_link,CDCE
2210572062,CEO,11,2026,0.0,76665.91,176094.1,0.0,-252760.01,fmifiit_fmioi,0.0,0.0,0.0,0.0,0,no_ps_link,11
2210572062,CEO,10',2026,0.0,3062.91,0.0,0.0,-3062.91,fmifiit_fmioi,0.0,0.0,0.0,0.0,0,no_ps_link,10'
511IES4585,IES,13,2026,0.0,65374.7,0.0,0.0,-65374.7,fmifiit_fmioi,0.0,0.0,0.0,0.0,0,no_ps_link,13
511IES4585,IES,10',2026,0.0,3936.7,0.0,0.0,-3936.7,fmifiit_fmioi,0.0,0.0,0.0,0.0,0,no_ps_link,10'
564ITE0048,ITE,11,2026,0.0,50431.08,0.0,0.0,-50431.08,fmifiit_fmioi,0.0,0.0,0.0,0.0,0,no_ps_link,11
3210111232,EDP,11,2026,0.0,47455.36,71226.33,0.0,-118681.69,fmifiit_fmioi,0.0,0.0,0.0,0.0,0,no_ps_link,11
3210111232,EDP,10',2026,0.0,1718.4,0.0,0.0,-1718.4,fmifiit_fmioi,0.0,0.0,0.0,0.0,0,no_ps_link,10'
3210141012,YLS,11,2026,0.0,109583.2,211076.2,0.0,-320659.4,fmifiit_fmioi,0.0,0.0,0.0,0.0,0,no_ps_link,11
2210141052,E30,11,2026,0.0,25356.09,0.0,0.0,-25356.09,fmifiit_fmioi,0.0,0.0,0.0,0.0,0,no_ps_link,11
2210141052,E30,10',2026,0.0,1037.1,0.0,0.0,-1037.1,fmifiit_fmioi,0.0,0.0,0.0,0.0,0,no_ps_link,10'
2210141053,E30,11,2026,0.0,14760.7,0.0,0.0,-14760.7,fmifiit_fmioi,0.0,0.0,0.0,0.0,0,no_ps_link,11
2210141053,E30,10',2026,0.0,594.46,0.0,0.0,-594.46,fmifiit_fmioi,0.0,0.0,0.0,0.0,0,no_ps_link,10'
3210411092,AGI,11,2026,0.0,89405.12,301322.96,0.0,-390728.08,fmifiit_fmioi,0.0,0.0,0.0,0.0,0,no_ps_link,11
3210411092,AGI,10',2026,0.0,839.62,0.0,0.0,-839.62,fmifiit_fmioi,0.0,0.0,0.0,0.0,0,no_ps_link,10'
2210421013,RPF,11,2026,0.0,37531.97,0.0,0.0,-37531.97,fmifiit_fmioi,0.0,0.0,0.0,0.0,0,no_ps_link,11
2210421013,RPF,10',2026,0.0,2287.32,0.0,0.0,-2287.32,fmifiit_fmioi,0.0,0.0,0.0,0.0,0,no_ps_link,10'
3210411052,IRD,10',2026,0.0,241.68,0.0,0.0,-241.68,fmifiit_fmioi,0.0,0.0,0.0,0.0,0,no_ps_link,10'
3210411052,IRD,11,2026,0.0,24168.56,120965.62,0.0,-145134.18,fmifiit_fmioi,0.0,0.0,0.0,0.0,0,no_ps_link,11
3210431012,IRD,10',2026,0.0,291.38,0.0,0.0,-291.38,fmifiit_fmioi,0.0,0.0,0.0,0.0,0,no_ps_link,10'
3210431012,IRD,11,2026,0.0,29140.03,49730.29,0.0,-78870.32,fmifiit_fmioi,0.0,0.0,0.0,0.0,0,no_ps_link,11
3210461012,SPR,11,2026,0.0,40981.71,60561.38,0.0,-101543.09,fmifiit_fmioi,0.0,0.0,0.0,0.0,0,no_ps_link,11
3210461012,SPR,10',2026,7.52,2834.77,0.0,0.0,-2827.25,fmifiit_fmioi,0.0,0.0,0.0,0.0,0,no_ps_link,10'
2210511022,WHC,11,2026,0.0,5881.55,7600.0,0.0,-13481.55,fmifiit_fmioi,0.0,0.0,0.0,0.0,0,no_ps_link,11
2210511022,WHC,10',2026,0.0,198.24,0.0,0.0,-198.24,fmifiit_fmioi,0.0,0.0,0.0,0.0,0,no_ps_link,10'
3210511012,WHC,11,2026,0.0,110091.05,14000.0,0.0,-124091.05,fmifiit_fmioi,0.0,0.0,0.0,0.0,0,no_ps_link,11
3210511012,WHC,10',2026,0.0,1319.62,0.0,0.0,-1319.62,fmifiit_fmioi,0.0,0.0,0.0,0.0,0,no_ps_link,10'
3210511042,WHC,11,2026,0.0,10953.94,0.0,0.0,-10953.94,fmifiit_fmioi,0.0,0.0,0.0,0.0,0,no_ps_link,11
3210511042,WHC,10',2026,0.0,109.54,0.0,0.0,-109.54,fmifiit_fmioi,0.0,0.0,0.0,0.0,0,no_ps_link,10'
3210511102,CEP,10',2026,0.0,587.62,0.0,0.0,-587.62,fmifiit_fmioi,0.0,0.0,0.0,0.0,0,no_ps_link,10'
3210511102,CEP,11,2026,0.0,42130.92,0.0,0.0,-42130.92,fmifiit_fmioi,0.0,0.0,0.0,0.0,0,no_ps_link,11
3210531022,CHP,11,2026,0.0,32067.93,85407.58,0.0,-117475.51,fmifiit_fmioi,0.0,0.0,0.0,0.0,0,no_ps_link,11
3210561022,CPD,11,2026,0.0,109172.75,34689.49,0.0,-143862.24,fmifiit_fmioi,0.0,0.0,0.0,0.0,0,no_ps_link,11
3210561022,CPD,10',2026,0.0,995.4,0.0,0.0,-995.4,fmifiit_fmioi,0.0,0.0,0.0,0.0,0,no_ps_link,10'
3210531032,EPR,11,2026,1613.83,92226.57,28775.44,0.0,-119388.18,fmifiit_fmioi,0.0,0.0,0.0,0.0,0,no_ps_link,11
3210531032,EPR,10',2026,31.73,5627.27,0.0,0.0,-5595.54,fmifiit_fmioi,0.0,0.0,0.0,0.0,0,no_ps_link,10'
3210521032,MHM,11,2026,0.0,135122.9,0.0,0.0,-135122.9,fmifiit_fmioi,0.0,0.0,0.0,0.0,0,no_ps_link,11
3210551032,DCE,11,2026,0.0,76220.92,0.0,0.0,-76220.92,fmifiit_fmioi,0.0,0.0,0.0,0.0,0,no_ps_link,11
3210551032,DCE,10',2026,0.0,806.69,0.0,0.0,-806.69,fmifiit_fmioi,0.0,0.0,0.0,0.0,0,no_ps_link,10'
2210541013,LHE,11,2026,0.0,18736.97,86808.0,0.0,-105544.97,fmifiit_fmioi,0.0,0.0,0.0,0.0,0,no_ps_link,11
3210231012,SDS,10',2026,0.0,892.69,0.0,0.0,-892.69,fmifiit_fmioi,0.0,0.0,0.0,0.0,0,no_ps_link,10'
3210231012,SDS,11,2026,0.0,27854.77,19161.68,0.0,-47016.45,fmifiit_fmioi,0.0,0.0,0.0,0.0,0,no_ps_link,11
680DIG3001,DIG,11,2026,15644.76,15644.76,1800.0,0.0,-1800.0,fmifiit_fmioi,0.0,0.0,0.0,0.0,0,no_ps_link,11
680DIG4001,HEQ,11,2026,15644.76,1640566.04,0.0,0.0,-1624921.28,fmifiit_fmioi,0.0,0.0,0.0,0.0,0,no_ps_link,11
680DIG4002,HEQ,11,2026,0.0,191755.44,15544.0,0.0,-207299.44,fmifiit_fmioi,0.0,0.0,0.0,0.0,0,no_ps_link,11
680DIG4002,HEQ,10',2026,463.58,2608.63,0.0,0.0,-2145.05,fmifiit_fmioi,0.0,0.0,0.0,0.0,0,no_ps_link,10'
680BSP4002,HEQ,11,2026,0.0,313167.9,51345.03,0.0,-364512.93,fmifiit_fmioi,0.0,0.0,0.0,0.0,0,no_ps_link,11
680IOS4001,HEQ,11,2026,0.0,1423843.43,0.0,0.0,-1423843.43,fmifiit_fmioi,0.0,0.0,0.0,0.0,0,no_ps_link,11
680IOS4002,HEQ,11,2026,0.0,85795.16,0.0,0.0,-85795.16,fmifiit_fmioi,0.0,0.0,0.0,0.0,0,no_ps_link,11
680IOS4002,HEQ,10',2026,0.0,1535.4,0.0,0.0,-1535.4,fmifiit_fmioi,0.0,0.0,0.0,0.0,0,no_ps_link,10'
633CRP8190,IOS,11,2026,0.0,19555.16,9346.56,0.0,-28901.72,fmifiit_fmioi,0.0,0.0,0.0,0.0,0,no_ps_link,11
633CRP8190,IOS,10',2026,0.0,267.11,0.0,0.0,-267.11,fmifiit_fmioi,0.0,0.0,0.0,0.0,0,no_ps_link,10'
680HRM4001,HEQ,11,2026,1620.87,2238132.33,0.0,0.0,-2236511.46,fmifiit_fmioi,0.0,0.0,0.0,0.0,0,no_ps_link,11
680HRM3001,HRM,11,2026,1620.87,31353.79,0.0,0.0,-29732.92,fmifiit_fmioi,0.0,0.0,0.0,0.0,0,no_ps_link,11
680HRM3001,HRM,10',2026,273.36,9408.41,0.0,0.0,-9135.05,fmifiit_fmioi,0.0,0.0,0.0,0.0,0,no_ps_link,10'
680LAL4001,HEQ,11,2026,2714.13,950005.97,0.0,0.0,-947291.84,fmifiit_fmioi,0.0,0.0,0.0,0.0,0,no_ps_link,11
680LAL4002,HEQ,11,2026,0.0,107856.35,0.0,0.0,-107856.35,fmifiit_fmioi,0.0,0.0,0.0,0.0,0,no_ps_link,11
680LAL4002,HEQ,10',2026,0.0,1871.32,0.0,0.0,-1871.32,fmifiit_fmioi,0.0,0.0,0.0,0.0,0,no_ps_link,10'
680LAL3001,LAL,11,2026,2714.13,2714.13,0.0,0.0,0.0,fmifiit_fmioi,0.0,0.0,0.0,0.0,0,no_ps_link,11
680BSP4001,HEQ,11,2026,311.13,2409328.64,0.0,0.0,-2409017.51,fmifiit_fmioi,0.0,0.0,0.0,0.0,0,no_ps_link,11
642ENV9000,ADM,11,2026,0.0,61165.78,200167.68,0.0,-261333.46,fmifiit_fmioi,0.0,0.0,0.0,0.0,0,no_ps_link,11
680ADM4001,HEQ,11,2026,0.0,995300.38,0.0,0.0,-995300.38,fmifiit_fmioi,0.0,0.0,0.0,0.0,0,no_ps_link,11
680ADM4002,HEQ,11,2026,0.0,47818.02,0.0,0.0,-47818.02,fmifiit_fmioi,0.0,0.0,0.0,0.0,0,no_ps_link,11
680DBS4001,HEQ,11,2026,0.0,2558877.55,0.0,0.0,-2558877.55,fmifiit_fmioi,0.0,0.0,0.0,0.0,0,no_ps_link,11
680DBM4001,HEQ,11,2026,0.0,441693.15,0.0,0.0,-441693.15,fmifiit_fmioi,0.0,0.0,0.0,0.0,0,no_ps_link,11
680FIN4001,HEQ,11,2026,0.0,1380050.09,0.0,0.0,-1380050.09,fmifiit_fmioi,0.0,0.0,0.0,0.0,0,no_ps_link,11
636TPF9000,UNESCO,11,2026,0.0,672721.16,0.0,0.0,-672721.16,fmifiit_fmioi,0.0,0.0,0.0,0.0,0,no_ps_link,11
636TPF9001,UNESCO,11,2026,0.0,791993.15,0.0,0.0,-791993.15,fmifiit_fmioi,0.0,0.0,0.0,0.0,0,no_ps_link,11
680DBS4101,DBS,11,2026,0.0,249616.52,121246.68,0.0,-370863.2,fmifiit_fmioi,0.0,0.0,0.0,0.0,0,no_ps_link,11
680OPS4001,HEQ,11,2026,0.0,330077.77,0.0,0.0,-330077.77,fmifiit_fmioi,0.0,0.0,0.0,0.0,0,no_ps_link,11
634SAI9000,CLD,11,2026,0.0,59047.04,0.0,0.0,-59047.04,fmifiit_fmioi,0.0,0.0,0.0,0.0,0,no_ps_link,11
634SAI9000,CLD,10',2026,0.0,1052.95,0.0,0.0,-1052.95,fmifiit_fmioi,0.0,0.0,0.0,0.0,0,no_ps_link,10'
635SAD9005,CLD,11,2026,0.0,212722.02,0.0,0.0,-212722.02,fmifiit_fmioi,0.0,0.0,0.0,0.0,0,no_ps_link,11
635SAD9006,CLD,11,2026,0.0,220539.15,0.0,0.0,-220539.15,fmifiit_fmioi,0.0,0.0,0.0,0.0,0,no_ps_link,11
635SAD9006,CLD,10',2026,0.0,3907.58,0.0,0.0,-3907.58,fmifiit_fmioi,0.0,0.0,0.0,0.0,0,no_ps_link,10'
680OPS4101,OPS,11,2026,0.0,27797.41,0.0,0.0,-27797.41,fmifiit_fmioi,0.0,0.0,0.0,0.0,0,no_ps_link,11
680OPS4101,OPS,10',2026,0.0,428.37,0.0,0.0,-428.37,fmifiit_fmioi,0.0,0.0,0.0,0.0,0,no_ps_link,10'
680ETH4001,HEQ,11,2026,0.0,88479.4,0.0,0.0,-88479.4,fmifiit_fmioi,0.0,0.0,0.0,0.0,0,no_ps_link,11
680BFM3001,BFM,11,2026,311.13,311.13,1800.0,0.0,-1800.0,fmifiit_fmioi,0.0,0.0,0.0,0.0,0,no_ps_link,11
680BFM3001,BFM,10',2026,58.33,4101.61,0.0,0.0,-4043.28,fmifiit_fmioi,0.0,0.0,0.0,0.0,0,no_ps_link,10'
633CRP1323,HAR,13,2026,0.0,5091.48,0.0,0.0,-5091.48,fmifiit_fmioi,0.0,0.0,0.0,0.0,0,no_ps_link,13
633CRP2123,HAR,13,2026,0.0,2415.61,0.0,0.0,-2415.61,fmifiit_fmioi,0.0,0.0,0.0,0.0,0,no_ps_link,13
633CRP2123,HAR,10',2026,0.0,43.49,0.0,0.0,-43.49,fmifiit_fmioi,0.0,0.0,0.0,0.0,0,no_ps_link,10'
633CRP7342,NAI,11,2026,0.0,43351.17,0.0,0.0,-43351.17,fmifiit_fmioi,0.0,0.0,0.0,0.0,0,no_ps_link,11
633CRP1658,YAO,11,2026,77.2,46662.3,127619.28,0.0,-174204.38,fmifiit_fmioi,0.0,0.0,0.0,0.0,0,no_ps_link,11
633CRP7358,YAO,11,2026,0.0,95746.62,0.0,0.0,-95746.62,fmifiit_fmioi,0.0,0.0,0.0,0.0,0,no_ps_link,11
633CRP7305,AMN,11,2026,0.0,37073.36,40430.38,0.0,-77503.74,fmifiit_fmioi,0.0,0.0,0.0,0.0,0,no_ps_link,11
633CRP1612,BGK,11,2026,0.0,55618.7,114348.0,0.0,-169966.7,fmifiit_fmioi,0.0,0.0,0.0,0.0,0,no_ps_link,11
633CRP1612,BGK,10',2026,1898.79,3282.73,0.0,0.0,-1383.94,fmifiit_fmioi,0.0,0.0,0.0,0.0,0,no_ps_link,10'
633CRP7312,BGK,11,2026,0.0,79167.36,142331.25,0.0,-221498.61,fmifiit_fmioi,0.0,0.0,0.0,0.0,0,no_ps_link,11
633CRP2156,VNI,11,2026,0.0,61816.07,11497.04,0.0,-73313.11,fmifiit_fmioi,0.0,0.0,0.0,0.0,0,no_ps_link,11
633CRP2156,VNI,10',2026,151.14,2396.76,0.0,0.0,-2245.62,fmifiit_fmioi,0.0,0.0,0.0,0.0,0,no_ps_link,10'
633CRP1350,SJO,13,2026,0.0,5962.18,0.0,0.0,-5962.18,fmifiit_fmioi,0.0,0.0,0.0,0.0,0,no_ps_link,13
633CRP1350,SJO,10',2026,81.64,4601.31,0.0,0.0,-4519.67,fmifiit_fmioi,0.0,0.0,0.0,0.0,0,no_ps_link,10'
633CRP7332,KAB,11,2026,0.0,88740.39,0.0,0.0,-88740.39,fmifiit_fmioi,0.0,0.0,0.0,0.0,0,no_ps_link,11
633CRP7331,JUB,11,2026,0.0,4116.21,0.0,0.0,-4116.21,fmifiit_fmioi,0.0,0.0,0.0,0.0,0,no_ps_link,11
633CRP5490,DHE,11,2026,0.0,7480.98,171168.66,0.0,-178649.64,fmifiit_fmioi,0.0,0.0,0.0,0.0,0,no_ps_link,11
633CRP5490,DHE,10',2026,15.04,2600.06,0.0,0.0,-2585.02,fmifiit_fmioi,0.0,0.0,0.0,0.0,0,no_ps_link,10'
633CRP5690,IDT,11,2026,0.0,6974.62,51788.58,0.0,-58763.2,fmifiit_fmioi,0.0,0.0,0.0,0.0,0,no_ps_link,11
633CRP5690,IDT,10',2026,0.0,3462.02,0.0,0.0,-3462.02,fmifiit_fmioi,0.0,0.0,0.0,0.0,0,no_ps_link,10'
633CRP1691,EDP,10',2026,36.54,1628.54,0.0,0.0,-1592.0,fmifiit_fmioi,0.0,0.0,0.0,0.0,0,no_ps_link,10'
633CRP1190,EME,10',2026,0.0,847.27,0.0,0.0,-847.27,fmifiit_fmioi,0.0,0.0,0.0,0.0,0,no_ps_link,10'
633CRP1392,HAE,11,2026,0.0,25454.5,0.0,0.0,-25454.5,fmifiit_fmioi,0.0,0.0,0.0,0.0,0,no_ps_link,11
633CRP1393,PSU,11,2026,0.0,43878.2,11655.0,0.0,-55533.2,fmifiit_fmioi,0.0,0.0,0.0,0.0,0,no_ps_link,11
633CRP1590,TED,11,2026,0.0,21999.15,45171.44,0.0,-67170.59,fmifiit_fmioi,0.0,0.0,0.0,0.0,0,no_ps_link,11
633CRP4190,WHC,11,2026,71.02,114868.89,67948.0,0.0,-182745.87,fmifiit_fmioi,0.0,0.0,0.0,0.0,0,no_ps_link,11
633CRP4290,MHM,11,2026,0.0,27181.19,5200.44,0.0,-32381.63,fmifiit_fmioi,0.0,0.0,0.0,0.0,0,no_ps_link,11
633CRP4290,MHM,10',2026,0.0,482.67,0.0,0.0,-482.67,fmifiit_fmioi,0.0,0.0,0.0,0.0,0,no_ps_link,10'
633CRP4291,UCH,11,2026,0.0,5502.19,0.0,0.0,-5502.19,fmifiit_fmioi,0.0,0.0,0.0,0.0,0,no_ps_link,11
633CRP4291,UCH,10',2026,0.0,96.84,0.0,0.0,-96.84,fmifiit_fmioi,0.0,0.0,0.0,0.0,0,no_ps_link,10'
633CRP4590,DCE,11,2026,0.0,58418.49,0.0,0.0,-58418.49,fmifiit_fmioi,0.0,0.0,0.0,0.0,0,no_ps_link,11
633CRP4490,LHE,11,2026,0.0,53032.5,0.0,0.0,-53032.5,fmifiit_fmioi,0.0,0.0,0.0,0.0,0,no_ps_link,11
633CRP5290,FEJ,11,2026,0.0,6430.63,35592.78,0.0,-42023.41,fmifiit_fmioi,0.0,0.0,0.0,0.0,0,no_ps_link,11
A2305B5091,MTD,13,2026,0.0,321678.96,0.0,0.0,-321678.96,fmifiit_fmioi,0.0,0.0,0.0,0.0,0,no_ps_link,13
A2101H4021,API,13,2026,0.0,18611.3,0.0,0.0,-18611.3,fmifiit_fmioi,0.0,0.0,0.0,0.0,0,no_ps_link,13
A2305B4021,API,13,2026,0.0,20372.81,0.0,0.0,-20372.81,fmifiit_fmioi,0.0,0.0,0.0,0.0,0,no_ps_link,13
A2102C2112,YAO,13,2026,0.0,8967.05,0.0,0.0,-8967.05,fmifiit_fmioi,0.0,0.0,0.0,0.0,0,no_ps_link,13
A2102C2112,YAO,10',2026,0.0,160.79,0.0,0.0,-160.79,fmifiit_fmioi,0.0,0.0,0.0,0.0,0,no_ps_link,10'
A2101H2121,LBV,13,2026,0.0,43417.23,0.0,0.0,-43417.23,fmifiit_fmioi,0.0,0.0,0.0,0.0,0,no_ps_link,13
A2101H2121,LBV,10',2026,0.0,776.09,0.0,0.0,-776.09,fmifiit_fmioi,0.0,0.0,0.0,0.0,0,no_ps_link,10'
A210592121,LBV,13,2026,0.0,34715.5,0.0,0.0,-34715.5,fmifiit_fmioi,0.0,0.0,0.0,0.0,0,no_ps_link,13
A210592121,LBV,10',2026,0.0,618.51,0.0,0.0,-618.51,fmifiit_fmioi,0.0,0.0,0.0,0.0,0,no_ps_link,10'
A2305B2151,LBV,13,2026,0.0,83011.02,0.0,0.0,-83011.02,fmifiit_fmioi,0.0,0.0,0.0,0.0,0,no_ps_link,13
A2305B2151,LBV,10',2026,0.0,1485.63,0.0,0.0,-1485.63,fmifiit_fmioi,0.0,0.0,0.0,0.0,0,no_ps_link,10'
A210592161,YAO,13,2026,0.0,39673.58,0.0,0.0,-39673.58,fmifiit_fmioi,0.0,0.0,0.0,0.0,0,no_ps_link,13
A2305B2201,YAO,13,2026,0.0,83111.43,0.0,0.0,-83111.43,fmifiit_fmioi,0.0,0.0,0.0,0.0,0,no_ps_link,13
A2305B2201,YAO,10',2026,0.0,1467.74,0.0,0.0,-1467.74,fmifiit_fmioi,0.0,0.0,0.0,0.0,0,no_ps_link,10'
A2101H2051,BAM,13,2026,0.0,31267.96,0.0,0.0,-31267.96,fmifiit_fmioi,0.0,0.0,0.0,0.0,0,no_ps_link,13
A2101H2051,BAM,10',2026,0.0,545.12,0.0,0.0,-545.12,fmifiit_fmioi,0.0,0.0,0.0,0.0,0,no_ps_link,10'
A2102C2041,BAM,13,2026,0.0,27463.82,0.0,0.0,-27463.82,fmifiit_fmioi,0.0,0.0,0.0,0.0,0,no_ps_link,13
A2102C2041,BAM,10',2026,0.0,494.51,0.0,0.0,-494.51,fmifiit_fmioi,0.0,0.0,0.0,0.0,0,no_ps_link,10'
A2305B2061,BAM,13,2026,0.0,54442.99,0.0,0.0,-54442.99,fmifiit_fmioi,0.0,0.0,0.0,0.0,0,no_ps_link,13
A2305E2011,BAM,13,2026,0.0,10411.49,0.0,0.0,-10411.49,fmifiit_fmioi,0.0,0.0,0.0,0.0,0,no_ps_link,13
A2305E2011,BAM,10',2026,0.0,177.44,0.0,0.0,-177.44,fmifiit_fmioi,0.0,0.0,0.0,0.0,0,no_ps_link,10'
A2101H2071,DAK,13,2026,0.0,67576.66,0.0,0.0,-67576.66,fmifiit_fmioi,0.0,0.0,0.0,0.0,0,no_ps_link,13
A210592071,DAK,13,2026,0.0,45757.72,0.0,0.0,-45757.72,fmifiit_fmioi,0.0,0.0,0.0,0.0,0,no_ps_link,13
A2305B2091,DAK,13,2026,0.0,113186.75,0.0,0.0,-113186.75,fmifiit_fmioi,0.0,0.0,0.0,0.0,0,no_ps_link,13
A2101H2011,ABJ,13,2026,0.0,30359.92,0.0,0.0,-30359.92,fmifiit_fmioi,0.0,0.0,0.0,0.0,0,no_ps_link,13
A210592011,ABJ,13,2026,0.0,23732.66,0.0,0.0,-23732.66,fmifiit_fmioi,0.0,0.0,0.0,0.0,0,no_ps_link,13
A210592011,ABJ,10',2026,0.0,424.26,0.0,0.0,-424.26,fmifiit_fmioi,0.0,0.0,0.0,0.0,0,no_ps_link,10'
A2305B2011,ABJ,13,2026,0.0,53729.44,0.0,0.0,-53729.44,fmifiit_fmioi,0.0,0.0,0.0,0.0,0,no_ps_link,13
2210134051,BEJ,20,2026,0.0,45.87,0.0,0.0,-45.87,fmifiit_fmioi,0.0,0.0,0.0,0.0,0,no_ps_link,20
2210144062,BEJ,20,2026,0.0,38.55,24000.0,0.0,-24038.55,fmifiit_fmioi,0.0,0.0,0.0,0.0,0,no_ps_link,20
A210593051,EBL,10',2026,0.0,657.0,0.0,0.0,-657.0,fmifiit_fmioi,0.0,0.0,0.0,0.0,0,no_ps_link,10'
A210593051,EBL,11,2026,0.0,40911.2,0.0,0.0,-40911.2,fmifiit_fmioi,0.0,0.0,0.0,0.0,0,no_ps_link,11
3230873132,KHA,11,2026,0.0,106.15,0.0,0.0,-106.15,fmifiit_fmioi,0.0,0.0,0.0,0.0,0,no_ps_link,11
3230873132,KHA,10',2026,40.02,1732.06,0.0,0.0,-1692.04,fmifiit_fmioi,0.0,0.0,0.0,0.0,0,no_ps_link,10'
526RAS4023,WHC,20,2026,0.0,17241.08,226313.88,13331.44,-13331.44,fmavct_kbfc,493166.07,455502.12,692600.0,-654936.05,2,1,20
534IRQ1003,BAG,TC,2026,17248.88,82615.9,142294.08,103403.8,-86154.92,fmavct_kbfc,3801924.41,53145941.0,63997529.35,-113341545.94,17,1,10'|11|13|20|40|50
680BSP3002,BSP,10',2026,18.65,18.65,0.0,0.0,0.0,fmifiit_fmioi,0.0,0.0,0.0,0.0,0,no_ps_link,10'
633CRP7308,BAG,13,2026,0.0,146236.64,0.0,0.0,-146236.64,fmifiit_fmioi,0.0,0.0,0.0,0.0,0,no_ps_link,13
633TFC7308,BAG,13,2026,100.92,31460.86,0.0,0.0,-31359.94,fmifiit_fmioi,0.0,0.0,0.0,0.0,0,no_ps_link,13
633TFC7308,BAG,10',2026,0.0,543.74,0.0,0.0,-543.74,fmifiit_fmioi,0.0,0.0,0.0,0.0,0,no_ps_link,10'
633CRP7313,BRU,11,2026,0.0,17357.22,7171.0,0.0,-24528.22,fmifiit_fmioi,0.0,0.0,0.0,0.0,0,no_ps_link,11
3210213101,BAG,13,2026,0.0,7219.64,0.0,0.0,-7219.64,fmifiit_fmioi,0.0,0.0,0.0,0.0,0,no_ps_link,13
3210213101,BAG,10',2026,0.0,99.6,0.0,0.0,-99.6,fmifiit_fmioi,0.0,0.0,0.0,0.0,0,no_ps_link,10'
3210223101,BAG,13,2026,0.0,2334.07,0.0,0.0,-2334.07,fmifiit_fmioi,0.0,0.0,0.0,0.0,0,no_ps_link,13
3210223101,BAG,10',2026,0.0,18.64,0.0,0.0,-18.64,fmifiit_fmioi,0.0,0.0,0.0,0.0,0,no_ps_link,10'
3210263061,BAG,13,2026,0.0,583.54,0.0,0.0,-583.54,fmifiit_fmioi,0.0,0.0,0.0,0.0,0,no_ps_link,13
3210263061,BAG,10',2026,0.0,4.72,0.0,0.0,-4.72,fmifiit_fmioi,0.0,0.0,0.0,0.0,0,no_ps_link,10'
3210213092,BEI,13,2026,0.0,3993.2,0.0,0.0,-3993.2,fmifiit_fmioi,0.0,0.0,0.0,0.0,0,no_ps_link,13
3210213092,BEI,10',2026,0.0,12.03,0.0,0.0,-12.03,fmifiit_fmioi,0.0,0.0,0.0,0.0,0,no_ps_link,10'
3210223091,BEI,13,2026,0.0,3525.66,0.0,0.0,-3525.66,fmifiit_fmioi,0.0,0.0,0.0,0.0,0,no_ps_link,13
3210223091,BEI,10',2026,0.0,3.53,0.0,0.0,-3.53,fmifiit_fmioi,0.0,0.0,0.0,0.0,0,no_ps_link,10'
3210243051,BEI,13,2026,0.0,1762.83,0.0,0.0,-1762.83,fmifiit_fmioi,0.0,0.0,0.0,0.0,0,no_ps_link,13
3210243051,BEI,10',2026,0.0,1.79,0.0,0.0,-1.79,fmifiit_fmioi,0.0,0.0,0.0,0.0,0,no_ps_link,10'
3210212281,MAP,13,2026,0.0,2336.23,0.0,0.0,-2336.23,fmifiit_fmioi,0.0,0.0,0.0,0.0,0,no_ps_link,13
3210212281,MAP,10',2026,0.0,29.53,0.0,0.0,-29.53,fmifiit_fmioi,0.0,0.0,0.0,0.0,0,no_ps_link,10'
3210222241,MAP,13,2026,0.0,1668.75,0.0,0.0,-1668.75,fmifiit_fmioi,0.0,0.0,0.0,0.0,0,no_ps_link,13
3210222241,MAP,10',2026,0.0,21.09,0.0,0.0,-21.09,fmifiit_fmioi,0.0,0.0,0.0,0.0,0,no_ps_link,10'
3210242081,MAP,13,2026,0.0,333.74,0.0,0.0,-333.74,fmifiit_fmioi,0.0,0.0,0.0,0.0,0,no_ps_link,13
3210242081,MAP,10',2026,0.0,4.23,0.0,0.0,-4.23,fmifiit_fmioi,0.0,0.0,0.0,0.0,0,no_ps_link,10'
3210252081,MAP,13,2026,0.0,333.74,0.0,0.0,-333.74,fmifiit_fmioi,0.0,0.0,0.0,0.0,0,no_ps_link,13
3210252081,MAP,10',2026,0.0,4.23,0.0,0.0,-4.23,fmifiit_fmioi,0.0,0.0,0.0,0.0,0,no_ps_link,10'
3210262061,MAP,13,2026,0.0,2002.49,0.0,0.0,-2002.49,fmifiit_fmioi,0.0,0.0,0.0,0.0,0,no_ps_link,13
3210262061,MAP,10',2026,0.0,25.32,0.0,0.0,-25.32,fmifiit_fmioi,0.0,0.0,0.0,0.0,0,no_ps_link,10'
A230542101,DAR,20,2026,0.0,1564.49,3466.87,0.0,-5031.36,fmifiit_fmioi,0.0,0.0,0.0,0.0,0,no_ps_link,20
560IRQ4000,BAG,11,2026,0.0,35145.75,715999.5,43584.41,-43584.41,fmavct_kbfc,56701869.09,2042881901.8,0.0,-1986180032.71,19,1,11
560IRQ4000,BAG,10',2026,8.02,2382.31,0.0,69855.63,-69847.61,fmavct_kbfc,56701869.09,2042881901.8,0.0,-1986180032.71,19,1,10'
A210591012,HEQ,13,2026,0.0,6610.8,0.0,0.0,-6610.8,fmifiit_fmioi,0.0,0.0,0.0,0.0,0,no_ps_link,13
A210591012,HEQ,CDSP,2026,0.0,441.69,0.0,0.0,-441.69,fmifiit_fmioi,0.0,0.0,0.0,0.0,0,no_ps_link,CDSP
650RER6000,VNI,11,2026,34.11,34758.77,670387.61,7755.17,-7721.06,fmavct_kbfc,1188110.15,-372779.26,33.87,1560855.54,37,2,11
A230421022,HEQ,11,2026,0.0,23310.72,62670.37,0.0,-85981.09,fmifiit_fmioi,0.0,0.0,0.0,0.0,0,no_ps_link,11
A230421022,HEQ,10',2026,0.0,135.6,0.0,0.0,-135.6,fmifiit_fmioi,0.0,0.0,0.0,0.0,0,no_ps_link,10'
A230421022,HEQ,CDCE,2026,0.0,764.45,0.0,0.0,-764.45,fmifiit_fmioi,0.0,0.0,0.0,0.0,0,no_ps_link,CDCE
3210621161,FEJ,10',2026,0.0,6.68,0.0,0.0,-6.68,fmifiit_fmioi,0.0,0.0,0.0,0.0,0,no_ps_link,10'
3210621161,FEJ,13,2026,0.0,370.93,0.0,0.0,-370.93,fmifiit_fmioi,0.0,0.0,0.0,0.0,0,no_ps_link,13
3210681012,HEQ,10',2026,1.5,1.5,0.0,0.0,0.0,fmifiit_fmioi,0.0,0.0,0.0,0.0,0,no_ps_link,10'
3210681012,HEQ,CDCE,2026,0.0,4.04,0.0,0.0,-4.04,fmifiit_fmioi,0.0,0.0,0.0,0.0,0,no_ps_link,CDCE
257GLO1048,HAE,20,2026,0.0,23974.68,1223830.58,0.08,-0.08,fmavct_kbfc,7904018.7,23170559.66,13300.0,-15279840.96,13,1,20
3210454062,ATA,20,2026,0.0,957.76,2011.88,0.0,-2969.64,fmifiit_fmioi,0.0,0.0,0.0,0.0,0,no_ps_link,20
A230542081,BUJ,20,2026,0.0,4579.81,7527.52,0.0,-12107.33,fmifiit_fmioi,0.0,0.0,0.0,0.0,0,no_ps_link,20
3210652012,DAK,10',2026,16.26,653.16,0.0,0.0,-636.9,fmifiit_fmioi,0.0,0.0,0.0,0.0,0,no_ps_link,10'
3210284071,NDL,10',2026,43.42,1822.1,0.0,0.0,-1778.68,fmifiit_fmioi,0.0,0.0,0.0,0.0,0,no_ps_link,10'
809RAF4000,NAI,11,2026,0.0,23672.1,0.0,112012.02,-112012.02,fmavct_kbfc,196466.4,-160760.56,84.2,357142.76,1,2,11
A2305B5121,SJO,13,2026,0.0,88173.42,0.0,0.0,-88173.42,fmifiit_fmioi,0.0,0.0,0.0,0.0,0,no_ps_link,13
534LEB4002,BEI,50,2026,0.0,1093.08,842.57,44203.97,-44203.97,fmavct_kbfc,8049498.9,8638704.19,1684.55,-590889.84,18,1,50
633CRP7310,BEI,40,2026,0.0,5655.87,34775.28,0.0,-40431.15,fmifiit_fmioi,0.0,0.0,0.0,0.0,0,no_ps_link,40
633CRP7310,BEI,20,2026,0.0,264.43,7584.01,0.0,-7848.44,fmifiit_fmioi,0.0,0.0,0.0,0.0,0,no_ps_link,20
RER0115716,VNI,20,2026,0.0,31819.78,381155.3,250.0,-250.0,fmavct_kbfc,10552473.9,205967.28,1023.0,10345483.62,47,2,20
A2101H2021,ABU,11,2026,53388.48,76117.36,0.0,0.0,-22728.88,fmifiit_fmioi,0.0,0.0,0.0,0.0,0,no_ps_link,11
680FIN4002,HEQ,11,2026,3972.46,4339.15,0.0,0.0,-366.69,fmifiit_fmioi,0.0,0.0,0.0,0.0,0,no_ps_link,11
680HRM4002,HEQ,11,2026,0.0,47029.87,87954.72,0.0,-134984.59,fmifiit_fmioi,0.0,0.0,0.0,0.0,0,no_ps_link,11
580GLO0002,HRM,11,2026,0.0,71067.08,0.0,24916.19,-24916.19,fmavct_kbfc,461416.41,118652.2,0.0,342764.21,1,2,11
3210316031,CTG,50,2026,0.0,61.17,0.0,0.0,-61.17,fmifiit_fmioi,0.0,0.0,0.0,0.0,0,no_ps_link,50
3210316111,CTG,50,2026,0.0,1.82,0.0,0.0,-1.82,fmifiit_fmioi,0.0,0.0,0.0,0.0,0,no_ps_link,50
A230584121,PNP,11,2026,0.0,92861.8,0.0,0.0,-92861.8,fmifiit_fmioi,0.0,0.0,0.0,0.0,0,no_ps_link,11
A230584121,PNP,10',2026,37.51,2469.71,0.0,0.0,-2432.2,fmifiit_fmioi,0.0,0.0,0.0,0.0,0,no_ps_link,10'
261PER1001,LIM,TC,2026,380.0,27439.2,345573.36,0.0,-372632.56,fmifiit_fmioi,373831.78,-138053.83,0.0,511885.61,8,2,11|13|20|40|50
680BSP3103,BSP,10',2026,0.0,4550.0,0.0,0.0,-4550.0,fmifiit_fmioi,0.0,0.0,0.0,0.0,0,no_ps_link,10'
680BSP3101,BSP,10',2026,0.0,47412.82,0.0,0.0,-47412.82,fmifiit_fmioi,0.0,0.0,0.0,0.0,0,no_ps_link,10'
680BSP3302,BSP,10',2026,0.0,10073.11,0.0,0.0,-10073.11,fmifiit_fmioi,0.0,0.0,0.0,0.0,0,no_ps_link,10'
A210591012,HEQ,11,2026,0.0,9941.95,23043.75,0.0,-32985.7,fmifiit_fmioi,0.0,0.0,0.0,0.0,0,no_ps_link,11
A210591012,HEQ,CDCE,2026,0.0,377.97,0.0,0.0,-377.97,fmifiit_fmioi,0.0,0.0,0.0,0.0,0,no_ps_link,CDCE
3210481012,HEQ,13,2026,4188.38,4188.38,0.0,0.0,0.0,fmifiit_fmioi,0.0,0.0,0.0,0.0,0,no_ps_link,13
680DBS4002,HEQ,13,2026,4247.67,4247.67,0.0,0.0,0.0,fmifiit_fmioi,0.0,0.0,0.0,0.0,0,no_ps_link,13
680HRM4002,HEQ,13,2026,0.0,5303.35,0.0,0.0,-5303.35,fmifiit_fmioi,0.0,0.0,0.0,0.0,0,no_ps_link,13
680ADM3112,AEO,11,2026,0.0,9615.38,288621.96,0.0,-298237.34,fmifiit_fmioi,0.0,0.0,0.0,0.0,0,no_ps_link,11
A210592051,BAM,13,2026,0.0,112262.29,0.0,0.0,-112262.29,fmifiit_fmioi,0.0,0.0,0.0,0.0,0,no_ps_link,13
A210592051,BAM,10',2026,0.0,1379.0,0.0,0.0,-1379.0,fmifiit_fmioi,0.0,0.0,0.0,0.0,0,no_ps_link,10'
A2305B2071,BRV,13,2026,0.0,53685.17,0.0,0.0,-53685.17,fmifiit_fmioi,0.0,0.0,0.0,0.0,0,no_ps_link,13
A2305B2071,BRV,10',2026,0.0,939.44,0.0,0.0,-939.44,fmifiit_fmioi,0.0,0.0,0.0,0.0,0,no_ps_link,10'
A210592061,BRV,13,2026,0.0,29240.79,0.0,0.0,-29240.79,fmifiit_fmioi,0.0,0.0,0.0,0.0,0,no_ps_link,13
A210592061,BRV,10',2026,0.0,509.16,0.0,0.0,-509.16,fmifiit_fmioi,0.0,0.0,0.0,0.0,0,no_ps_link,10'
410GLO1041,IPS,TC,2026,0.0,2210.72,0.0,1893.26,-1893.26,fmavct_kbfc,5063636.28,89265600.99,0.0,-84201964.71,40,1,10'|13
A2102C5041,MTD,13,2026,0.0,75049.17,0.0,0.0,-75049.17,fmifiit_fmioi,0.0,0.0,0.0,0.0,0,no_ps_link,13
A2102C5041,MTD,10',2026,0.0,1333.76,0.0,0.0,-1333.76,fmifiit_fmioi,0.0,0.0,0.0,0.0,0,no_ps_link,10'
A2101H5091,MTD,13,2026,0.0,99026.09,0.0,0.0,-99026.09,fmifiit_fmioi,0.0,0.0,0.0,0.0,0,no_ps_link,13
A210345011,BRU,11,2026,0.0,78429.58,0.0,0.0,-78429.58,fmifiit_fmioi,0.0,0.0,0.0,0.0,0,no_ps_link,11
A210345011,BRU,10',2026,0.0,1352.99,0.0,0.0,-1352.99,fmifiit_fmioi,0.0,0.0,0.0,0.0,0,no_ps_link,10'
A210345011,BRU,CDCE,2026,0.0,4127.41,0.0,0.0,-4127.41,fmifiit_fmioi,0.0,0.0,0.0,0.0,0,no_ps_link,CDCE
A210345011,BRU,BRSTAT,2026,0.0,4029.96,0.0,0.0,-4029.96,fmifiit_fmioi,0.0,0.0,0.0,0.0,0,no_ps_link,BRSTAT
A210592131,MAP,13,2026,0.0,54507.29,0.0,0.0,-54507.29,fmifiit_fmioi,0.0,0.0,0.0,0.0,0,no_ps_link,13
A210592131,MAP,10',2026,0.0,976.32,0.0,0.0,-976.32,fmifiit_fmioi,0.0,0.0,0.0,0.0,0,no_ps_link,10'
185GEF0006,SJO,50,2026,0.0,1902.58,0.0,0.0,-1902.58,fmifiit_fmioi,0.0,0.0,0.0,0.0,0,no_ps_link,50
A230584061,HAN,11,2026,0.0,180058.33,0.0,0.0,-180058.33,fmifiit_fmioi,0.0,0.0,0.0,0.0,0,no_ps_link,11
A230584061,HAN,10',2026,0.0,2379.14,0.0,0.0,-2379.14,fmifiit_fmioi,0.0,0.0,0.0,0.0,0,no_ps_link,10'
3210516051,MTD,10',2026,0.0,236.0,0.0,0.0,-236.0,fmifiit_fmioi,0.0,0.0,0.0,0.0,0,no_ps_link,10'
3210546011,MTD,10',2026,23.79,1268.5,0.0,0.0,-1244.71,fmifiit_fmioi,0.0,0.0,0.0,0.0,0,no_ps_link,10'
3210556011,MTD,10',2026,0.0,1445.5,0.0,0.0,-1445.5,fmifiit_fmioi,0.0,0.0,0.0,0.0,0,no_ps_link,10'
A2106C3021,BEI,13,2026,0.0,70378.5,0.0,0.0,-70378.5,fmifiit_fmioi,0.0,0.0,0.0,0.0,0,no_ps_link,13
A2106C3021,BEI,10',2026,0.0,1161.17,0.0,0.0,-1161.17,fmifiit_fmioi,0.0,0.0,0.0,0.0,0,no_ps_link,10'
A210593021,BEI,13,2026,0.0,94908.54,0.0,0.0,-94908.54,fmifiit_fmioi,0.0,0.0,0.0,0.0,0,no_ps_link,13
A210593021,BEI,10',2026,0.0,1639.61,0.0,0.0,-1639.61,fmifiit_fmioi,0.0,0.0,0.0,0.0,0,no_ps_link,10'
A2305B2161,MAP,13,2026,0.0,76946.23,0.0,0.0,-76946.23,fmifiit_fmioi,0.0,0.0,0.0,0.0,0,no_ps_link,13
A2305B2161,MAP,10',2026,0.0,1342.77,0.0,0.0,-1342.77,fmifiit_fmioi,0.0,0.0,0.0,0.0,0,no_ps_link,10'
3310611061,OPS,50,2026,0.0,164.29,657.16,0.0,-821.45,fmifiit_fmioi,0.0,0.0,0.0,0.0,0,no_ps_link,50
A210592091,HAR,11,2026,0.0,91730.5,0.0,0.0,-91730.5,fmifiit_fmioi,0.0,0.0,0.0,0.0,0,no_ps_link,11
A2101H2141,MAP,13,2026,0.0,61361.6,0.0,0.0,-61361.6,fmifiit_fmioi,0.0,0.0,0.0,0.0,0,no_ps_link,13
A2101H2141,MAP,10',2026,0.0,1089.17,0.0,0.0,-1089.17,fmifiit_fmioi,0.0,0.0,0.0,0.0,0,no_ps_link,10'
A230583062,KHA,13,2026,0.0,3815.54,0.0,0.0,-3815.54,fmifiit_fmioi,0.0,0.0,0.0,0.0,0,no_ps_link,13
A230583062,KHA,10',2026,0.0,32.48,0.0,0.0,-32.48,fmifiit_fmioi,0.0,0.0,0.0,0.0,0,no_ps_link,10'
633CRP1608,BAG,13,2026,0.0,2416.44,0.0,0.0,-2416.44,fmifiit_fmioi,0.0,0.0,0.0,0.0,0,no_ps_link,13
633CRP1608,BAG,10',2026,0.0,42.93,0.0,0.0,-42.93,fmifiit_fmioi,0.0,0.0,0.0,0.0,0,no_ps_link,10'
3210431091,SHS,13,2026,0.0,34449.62,0.0,0.0,-34449.62,fmifiit_fmioi,0.0,0.0,0.0,0.0,0,no_ps_link,13
3210481012,HEQ,11,2026,4779.54,13145.37,333521.8,0.0,-341887.63,fmifiit_fmioi,0.0,0.0,0.0,0.0,0,no_ps_link,11
3210481012,HEQ,CDCE,2026,0.0,319.33,0.0,0.0,-319.33,fmifiit_fmioi,0.0,0.0,0.0,0.0,0,no_ps_link,CDCE
A2305B4131,SUV,13,2026,0.0,10988.2,0.0,0.0,-10988.2,fmifiit_fmioi,0.0,0.0,0.0,0.0,0,no_ps_link,13
A2305B4131,SUV,10',2026,0.0,194.6,0.0,0.0,-194.6,fmifiit_fmioi,0.0,0.0,0.0,0.0,0,no_ps_link,10'
A2305B4131,SUV,50,2026,0.0,228.15,0.0,0.0,-228.15,fmifiit_fmioi,0.0,0.0,0.0,0.0,0,no_ps_link,50
A210343041,SUV,13,2026,0.0,33794.79,0.0,0.0,-33794.79,fmifiit_fmioi,0.0,0.0,0.0,0.0,0,no_ps_link,13
A210343041,SUV,10',2026,0.0,607.04,0.0,0.0,-607.04,fmifiit_fmioi,0.0,0.0,0.0,0.0,0,no_ps_link,10'
A210343041,SUV,50,2026,0.0,228.15,0.0,0.0,-228.15,fmifiit_fmioi,0.0,0.0,0.0,0.0,0,no_ps_link,50
A2305B6061,VNI,13,2026,0.0,70321.25,0.0,0.0,-70321.25,fmifiit_fmioi,0.0,0.0,0.0,0.0,0,no_ps_link,13
A2305B6061,VNI,10',2026,0.0,1691.43,0.0,0.0,-1691.43,fmifiit_fmioi,0.0,0.0,0.0,0.0,0,no_ps_link,10'
A2305B6061,VNI,CDSP,2026,0.0,4453.95,0.0,0.0,-4453.95,fmifiit_fmioi,0.0,0.0,0.0,0.0,0,no_ps_link,CDSP
A2305B6061,VNI,BRSTAT,2026,0.0,4441.03,0.0,0.0,-4441.03,fmifiit_fmioi,0.0,0.0,0.0,0.0,0,no_ps_link,BRSTAT
A210596011,VNI,13,2026,0.0,29052.63,0.0,0.0,-29052.63,fmifiit_fmioi,0.0,0.0,0.0,0.0,0,no_ps_link,13
A210596011,VNI,CDSP,2026,0.0,1840.18,0.0,0.0,-1840.18,fmifiit_fmioi,0.0,0.0,0.0,0.0,0,no_ps_link,CDSP
3110116021,CLD,11,2026,0.0,958.38,28297.16,0.0,-29255.54,fmifiit_fmioi,0.0,0.0,0.0,0.0,0,no_ps_link,11
A2101H5121,SJO,13,2026,0.0,45042.74,0.0,0.0,-45042.74,fmifiit_fmioi,0.0,0.0,0.0,0.0,0,no_ps_link,13
3210481012,HEQ,CDSP,2026,0.0,138.36,0.0,0.0,-138.36,fmifiit_fmioi,0.0,0.0,0.0,0.0,0,no_ps_link,CDSP
A230546031,NYO,40,2026,0.0,270502.24,468650.0,0.0,-739152.24,fmifiit_fmioi,0.0,0.0,0.0,0.0,0,no_ps_link,40
3210541131,CEO,11,2026,0.0,6506.16,19890.77,0.0,-26396.93,fmifiit_fmioi,0.0,0.0,0.0,0.0,0,no_ps_link,11
A230544151,TEH,20,2026,0.0,4893.74,11717.96,0.0,-16611.7,fmifiit_fmioi,0.0,0.0,0.0,0.0,0,no_ps_link,20
534JOR4005,AMN,20,2026,0.0,235775.61,1052012.0,191358.58,-191358.58,fmavct_kbfc,3640684.99,1279270.95,23745.0,2337669.04,22,2,20
32101B4091,KAB,10',2026,70.14,1900.0,0.0,0.0,-1829.86,fmifiit_fmioi,0.0,0.0,0.0,0.0,0,no_ps_link,10'
549IRQ1004,BAG,20,2026,0.0,463502.63,6756669.44,7284.82,-7284.82,fmavct_kbfc,25828978.22,492130056.19,85166024.2,-551467102.17,51,1,20
3210563041,CAI,20,2026,0.0,1730.82,52091.88,0.0,-53822.7,fmifiit_fmioi,0.0,0.0,0.0,0.0,0,no_ps_link,20
185GEF0006,KHA,50,2026,0.0,13698.08,0.0,0.0,-13698.08,fmifiit_fmioi,0.0,0.0,0.0,0.0,0,no_ps_link,50
549IRQ1004,BAG,40,2026,0.0,59958.54,563609.1,418.95,-418.95,fmavct_kbfc,25828978.22,492130056.19,85166024.2,-551467102.17,51,1,40
3210514131,SUV,20,2026,0.0,30651.3,186579.3,0.0,-217230.6,fmifiit_fmioi,0.0,0.0,0.0,0.0,0,no_ps_link,20
3210554101,SUV,20,2026,0.0,4832.33,25578.36,0.0,-30410.69,fmifiit_fmioi,0.0,0.0,0.0,0.0,0,no_ps_link,20
3210544091,SUV,20,2026,0.0,8784.32,65608.4,0.0,-74392.72,fmifiit_fmioi,0.0,0.0,0.0,0.0,0,no_ps_link,20
3210544092,SUV,11,2026,0.0,3000.0,23760.0,0.0,-26760.0,fmifiit_fmioi,0.0,0.0,0.0,0.0,0,no_ps_link,11
3210451051,SHS,20,2026,0.0,5738.0,11488.0,0.0,-17226.0,fmifiit_fmioi,0.0,0.0,0.0,0.0,0,no_ps_link,20
3210454062,ATA,11,2026,32.82,16300.0,115980.0,0.0,-132247.18,fmifiit_fmioi,0.0,0.0,0.0,0.0,0,no_ps_link,11
406GLO3008,HAR,TC,2026,41.52,32898.73,45740.86,34798.24,-34756.72,fmavct_kbfc,100000.0,-1906.8,0.0,101906.8,1,2,10'|13|20|30|50
201LEB1002,BEI,50,2026,0.0,2339.96,18479.02,199092.42,-199092.42,fmavct_kbfc,6900544.02,694126.85,3713.49,6202703.68,12,2,50
3210251022,PBS,20,2026,0.0,2092.0,28064.48,0.0,-30156.48,fmifiit_fmioi,0.0,0.0,0.0,0.0,0,no_ps_link,20
3210251091,PBS,20,2026,0.0,12119.37,99415.92,0.0,-111535.29,fmifiit_fmioi,0.0,0.0,0.0,0.0,0,no_ps_link,20
3210653081,BEI,10',2026,0.0,1439.44,0.0,0.0,-1439.44,fmifiit_fmioi,0.0,0.0,0.0,0.0,0,no_ps_link,10'
185GEF0006,UNESCO,40,2026,0.0,35400.0,406457.64,0.0,-441857.64,fmifiit_fmioi,0.0,0.0,0.0,0.0,0,no_ps_link,40
454USL9001,USL,40,2026,0.0,35400.0,408445.64,0.0,-443845.64,fmifiit_fmioi,0.0,-35582.8,0.0,35582.8,1,2,40
201SYR1000,BEI,TC,2026,1880.49,31577.0,12334.8,10000.0,-8119.51,fmavct_kbfc,553560.0,1592.68,1685.29,550282.03,4,2,10'|11|13|20|50
261ZIM3001,HAR,30,2026,0.0,3997.0,0.0,9578.69,-9578.69,fmavct_kbfc,678700.14,69367.69,0.0,609332.45,8,2,30
3230873061,BEI,10',2026,0.0,749.74,0.0,0.0,-749.74,fmifiit_fmioi,0.0,0.0,0.0,0.0,0,no_ps_link,10'
NIR1001324,ABU,20,2026,0.0,207534.25,1396359.78,8333.33,-8333.33,fmavct_kbfc,2654087.76,256641922.83,0.0,-253987835.07,34,1,20
580GLO1001,ITE,20,2026,0.0,598.65,8578.98,612635.02,-612635.02,fmavct_kbfc,1027038.36,8132296.59,0.0,-7105258.23,7,1,20
3210113051,BEI,10',2026,0.0,986.94,0.0,0.0,-986.94,fmifiit_fmioi,0.0,0.0,0.0,0.0,0,no_ps_link,10'
A2305E4021,KAB,11,2026,0.0,6710.0,0.0,0.0,-6710.0,fmifiit_fmioi,0.0,0.0,0.0,0.0,0,no_ps_link,11
3230411072,RMS,11,2026,0.0,50792.44,118838.33,0.0,-169630.77,fmifiit_fmioi,0.0,0.0,0.0,0.0,0,no_ps_link,11
570GLO5021,MIL,11,2026,0.0,35862.49,84332.2,1375.0,-1375.0,fmavct_kbfc,91743.0,12541.39,0.0,79201.61,1,2,11
2210511064,WHC,11,2026,0.0,1068.12,22737.24,0.0,-23805.36,fmifiit_fmioi,0.0,0.0,0.0,0.0,0,no_ps_link,11
3210511022,WHC,30,2026,0.0,733.25,0.0,0.0,-733.25,fmifiit_fmioi,0.0,0.0,0.0,0.0,0,no_ps_link,30
A230542041,ADI,50,2026,0.0,4775.92,9389.25,0.0,-14165.17,fmifiit_fmioi,0.0,0.0,0.0,0.0,0,no_ps_link,50
3210141181,HED,30,2026,0.0,4080.0,0.0,0.0,-4080.0,fmifiit_fmioi,0.0,0.0,0.0,0.0,0,no_ps_link,30
3210224091,DHA,20,2026,0.0,9356.59,21739.2,0.0,-31095.79,fmifiit_fmioi,0.0,0.0,0.0,0.0,0,no_ps_link,20
32102A4011,DHA,20,2026,0.0,32.91,44.0,0.0,-76.91,fmifiit_fmioi,0.0,0.0,0.0,0.0,0,no_ps_link,20
3230633111,DHA,20,2026,0.0,44.01,10638.8,0.0,-10682.81,fmifiit_fmioi,0.0,0.0,0.0,0.0,0,no_ps_link,20
3210624121,DHA,20,2026,0.0,425.04,21373.26,0.0,-21798.3,fmifiit_fmioi,0.0,0.0,0.0,0.0,0,no_ps_link,20
3210114031,DHA,20,2026,0.0,206.52,37343.9,0.0,-37550.42,fmifiit_fmioi,0.0,0.0,0.0,0.0,0,no_ps_link,20
3210214101,DHA,20,2026,0.0,598.62,14300.0,0.0,-14898.62,fmifiit_fmioi,0.0,0.0,0.0,0.0,0,no_ps_link,20
3230421161,DHA,20,2026,0.0,781.2,16558.3,0.0,-17339.5,fmifiit_fmioi,0.0,0.0,0.0,0.0,0,no_ps_link,20
3210144031,DHA,20,2026,0.0,419.04,21029.4,0.0,-21448.44,fmifiit_fmioi,0.0,0.0,0.0,0.0,0,no_ps_link,20
633CRP7319,DHA,20,2026,0.0,7583.49,40130.82,0.0,-47714.31,fmifiit_fmioi,0.0,0.0,0.0,0.0,0,no_ps_link,20
A230542131,JUB,20,2026,0.0,760.64,0.0,0.0,-760.64,fmifiit_fmioi,0.0,0.0,0.0,0.0,0,no_ps_link,20
3230835081,ISB,50,2026,0.0,327.25,125721.04,0.0,-126048.29,fmifiit_fmioi,0.0,0.0,0.0,0.0,0,no_ps_link,50
680ETH4002,HEQ,11,2026,0.0,3016.93,0.0,0.0,-3016.93,fmifiit_fmioi,0.0,0.0,0.0,0.0,0,no_ps_link,11
727DRC1002,KNS,30,2026,0.0,14165.0,0.0,102771.68,-102771.68,fmavct_kbfc,6685995.0,506337.61,10150.0,6169507.39,12,2,30
680ETH4101,ETH,11,2026,0.0,19336.51,56278.85,0.0,-75615.36,fmifiit_fmioi,0.0,0.0,0.0,0.0,0,no_ps_link,11
A230161022,HEQ,11,2026,0.0,11132.67,39430.47,0.0,-50563.14,fmifiit_fmioi,0.0,0.0,0.0,0.0,0,no_ps_link,11
A230161022,HEQ,CDCE,2026,0.0,158.37,0.0,0.0,-158.37,fmifiit_fmioi,0.0,0.0,0.0,0.0,0,no_ps_link,CDCE
512QAT4001,DOH,50,2026,715.06,25133.85,333563.96,0.0,-357982.75,fmifiit_fmioi,2100154.69,1619248.47,2000.0,478906.22,2,2,50
3230854051,DOH,20,2026,0.0,390.0,1560.0,0.0,-1950.0,fmifiit_fmioi,0.0,0.0,0.0,0.0,0,no_ps_link,20
633CRP7320,DOH,20,2026,0.0,3585.13,33424.9,0.0,-37010.03,fmifiit_fmioi,0.0,0.0,0.0,0.0,0,no_ps_link,20
A230544081,ISB,50,2026,0.0,5032.71,11248.03,0.0,-16280.74,fmifiit_fmioi,0.0,0.0,0.0,0.0,0,no_ps_link,50
A230542011,ABJ,20,2026,0.0,24567.94,66439.01,0.0,-91006.95,fmifiit_fmioi,0.0,0.0,0.0,0.0,0,no_ps_link,20
3230855071,ISB,20,2026,0.0,1894.03,66402.0,0.0,-68296.03,fmifiit_fmioi,0.0,0.0,0.0,0.0,0,no_ps_link,20
507ZAM1000,HAR,REVENUE,2026,120202.55,0.0,0.0,0.0,120202.55,fmifiit_fmioi,110277.57,173623.79,0.0,-63346.22,1,3,REVENUE
526ROK9003,BFM,REVENUE,2026,96492.16,0.0,0.0,0.0,96492.16,fmifiit_fmioi,0.0,48467.0,0.0,-48467.0,1,3,REVENUE
526INT2008,BEJ,REVENUE,2026,50647.58,0.0,0.0,0.0,50647.58,fmifiit_fmioi,291169.88,-136721.75,0.0,427891.63,27,4,REVENUE
406HON1000,SJO,REVENUE,2026,10700.0,0.0,0.0,0.0,10700.0,fmifiit_fmioi,10000.0,-8700.0,3000.0,15700.0,1,4,REVENUE
570VAR9000,BSP,REVENUE,2026,1420000.0,0.0,0.0,0.0,1420000.0,fmifiit_fmioi,0.0,-500000.0,0.0,500000.0,1,4,REVENUE
570RAS1011,JAK,REVENUE,2026,478268.0,0.0,0.0,0.0,478268.0,fmifiit_fmioi,877555.96,3619149.41,511444.0,-3253037.45,5,3,REVENUE
3230835081,ISB,20,2026,0.0,119.18,32830.62,0.0,-32949.8,fmifiit_fmioi,0.0,0.0,0.0,0.0,0,no_ps_link,20
454USL9001,USL,REVENUE,2026,0.0,562763.89,0.0,0.0,-562763.89,fmifiit_fmioi,0.0,-35582.8,0.0,35582.8,1,2,REVENUE
A2102C5061,SJO,13,2026,0.0,11507.1,0.0,0.0,-11507.1,fmifiit_fmioi,0.0,0.0,0.0,0.0,0,no_ps_link,13
A2102C5021,HAV,11,2026,0.0,82504.23,0.0,0.0,-82504.23,fmifiit_fmioi,0.0,0.0,0.0,0.0,0,no_ps_link,11
A2102C5021,HAV,10',2026,0.0,1363.87,0.0,0.0,-1363.87,fmifiit_fmioi,0.0,0.0,0.0,0.0,0,no_ps_link,10'
3230872352,YAO,13,2026,6409.28,0.0,0.0,0.0,6409.28,fmifiit_fmioi,0.0,0.0,0.0,0.0,0,no_ps_link,13
511IES5525,IES,11,2026,0.0,77750.0,921600.0,0.0,-999350.0,fmifiit_fmioi,0.0,0.0,0.0,0.0,0,no_ps_link,11
680DBS3002,DBS,13,2026,4247.67,0.0,0.0,0.0,4247.67,fmifiit_fmioi,0.0,0.0,0.0,0.0,0,no_ps_link,13
A2101H3061,KHA,11,2026,0.0,2432.0,0.0,0.0,-2432.0,fmifiit_fmioi,0.0,0.0,0.0,0.0,0,no_ps_link,11
A2102C3041,KHA,11,2026,0.0,3460.0,0.0,0.0,-3460.0,fmifiit_fmioi,0.0,0.0,0.0,0.0,0,no_ps_link,11
3210661052,IDT,10',2026,0.0,1110.6,0.0,0.0,-1110.6,fmifiit_fmioi,0.0,0.0,0.0,0.0,0,no_ps_link,10'
680REV9000,BEI,10',2026,18.65,0.0,0.0,0.0,18.65,fmifiit_fmioi,0.0,-34136967.9,0.0,34136967.9,1,4,10'
32101B2021,ABU,11,2026,53388.48,0.0,0.0,0.0,53388.48,fmifiit_fmioi,0.0,0.0,0.0,0.0,0,no_ps_link,11
32101B4031,BGK,11,2026,94083.0,0.0,0.0,0.0,94083.0,fmifiit_fmioi,0.0,0.0,0.0,0.0,0,no_ps_link,11
633CRP2117,DAK,20,2026,0.0,1.51,0.0,0.0,-1.51,fmifiit_fmioi,0.0,0.0,0.0,0.0,0,no_ps_link,20
637FOR7346,POP,40,2026,0.0,9476.8,68304.24,0.0,-77781.04,fmifiit_fmioi,0.0,0.0,0.0,0.0,0,no_ps_link,40
3210551021,DCE,20,2026,0.0,2300.92,457594.64,0.0,-459895.56,fmifiit_fmioi,0.0,0.0,0.0,0.0,0,no_ps_link,20
A230542151,KNS,50,2026,574.92,6509.77,14617.58,0.0,-20552.43,fmifiit_fmioi,0.0,0.0,0.0,0.0,0,no_ps_link,50
633CRP7358,YAO,20,2026,0.0,20334.98,180100.3,0.0,-200435.28,fmifiit_fmioi,0.0,0.0,0.0,0.0,0,no_ps_link,20
3110116121,CLD,13,2026,3516.27,0.0,0.0,0.0,3516.27,fmifiit_fmioi,0.0,0.0,0.0,0.0,0,no_ps_link,13
3110116121,CLD,CDSP,2026,184.86,0.0,0.0,0.0,184.86,fmifiit_fmioi,0.0,0.0,0.0,0.0,0,no_ps_link,CDSP
633CRP4149,RAM,11,2026,0.0,1600.0,6400.0,0.0,-8000.0,fmifiit_fmioi,0.0,0.0,0.0,0.0,0,no_ps_link,11
633CRP3123,HAR,50,2026,134.36,940.71,4793.44,0.0,-5599.79,fmifiit_fmioi,0.0,0.0,0.0,0.0,0,no_ps_link,50
501PER4001,LIM,PC,2026,0.0,11203.91,88818.38,0.0,-100022.29,fmifiit_fmioi,50916.97,7527.3,0.0,43389.67,1,2,11
A230111011,PAX,11,2026,0.0,83023.06,186309.01,0.0,-269332.07,fmifiit_fmioi,0.0,0.0,0.0,0.0,0,no_ps_link,11
GLO0129237,IOC,20,2026,0.0,36818.47,2274764.58,958.33,-958.33,fmavct_kbfc,10831292.28,545123.17,0.0,10286169.11,47,2,20
3210512091,ABJ,20,2026,0.0,928.28,23794.28,0.0,-24722.56,fmifiit_fmioi,0.0,0.0,0.0,0.0,0,no_ps_link,20
513GLO2052,IOC,PC,2026,0.0,132502.2,385633.29,0.0,-518135.49,fmifiit_fmioi,3854961.72,221107.31,0.0,3633854.41,21,2,10'|11|13
570MEX4000,MXC,30,2026,0.0,517.94,0.0,18522.09,-18522.09,fmavct_kbfc,1331998.42,2923956.5,15638.35,-1607596.43,5,1,30
A230542131,JUB,50,2026,0.0,18144.66,32083.45,0.0,-50228.11,fmifiit_fmioi,0.0,0.0,0.0,0.0,0,no_ps_link,50
520GLO2007,IOC,30,2026,0.0,36278.37,0.0,2335.31,-2335.31,fmavct_kbfc,489482.48,43196.26,0.0,446286.22,10,2,30
3210315081,IOC,11,2026,0.0,3500.0,367123.72,0.0,-370623.72,fmifiit_fmioi,0.0,0.0,0.0,0.0,0,no_ps_link,11
3210591011,CPD,20,2026,0.0,0.0,38594.42,0.0,-38594.42,fmifiit_fmioi,0.0,0.0,0.0,0.0,0,no_ps_link,20
633CRP5291,IEO,50,2026,0.0,69.94,0.0,0.0,-69.94,fmifiit_fmioi,0.0,0.0,0.0,0.0,0,no_ps_link,50
GLO0119833,PCB,20,2026,0.0,20930.0,601715.52,1916.67,-1916.67,fmavct_kbfc,3267507.6,150438.86,4000.0,3113068.74,38,2,20
519GLO4000,WHC,20,2026,0.0,29200.0,698984.46,21903.7,-21903.7,fmavct_kbfc,1257685.53,664046.01,24333.0,569306.52,95,2,20
3210121051,IGE,20,2026,0.0,836.95,312255.92,0.0,-313092.87,fmifiit_fmioi,0.0,0.0,0.0,0.0,0,no_ps_link,20
A230545041,KNG,20,2026,0.0,25418.98,74469.19,0.0,-99888.17,fmifiit_fmioi,0.0,0.0,0.0,0.0,0,no_ps_link,20
3210285041,MTD,10',2026,58.1,5693.68,0.0,0.0,-5635.58,fmifiit_fmioi,0.0,0.0,0.0,0.0,0,no_ps_link,10'
3210621081,UAI,20,2026,0.0,0.0,99715.22,0.0,-99715.22,fmifiit_fmioi,0.0,0.0,0.0,0.0,0,no_ps_link,20
3210621071,UAI,20,2026,0.0,0.0,9139.94,0.0,-9139.94,fmifiit_fmioi,0.0,0.0,0.0,0.0,0,no_ps_link,20
469GLO2005,PCB,50,2026,0.0,497.22,0.0,39253.58,-39253.58,fmavct_kbfc,3059160.2,422970.05,0.0,2636190.15,6,2,50
3210151041,TED,20,2026,0.0,6287.0,171938.76,0.0,-178225.76,fmifiit_fmioi,0.0,0.0,0.0,0.0,0,no_ps_link,20
3210151031,TED,20,2026,0.0,12313.0,79358.66,0.0,-91671.66,fmifiit_fmioi,0.0,0.0,0.0,0.0,0,no_ps_link,20
518GLO4001,WHC,20,2026,0.0,14350.0,68868.86,8355.42,-8355.42,fmavct_kbfc,248788.96,41491.9,0.0,207297.06,3,2,20
549ELS1000,SJO,TC,2026,26.86,245145.55,1238485.53,156.8,-129.94,fmavct_kbfc,3046185.24,68849.86,0.0,2977335.38,10,2,10'|11|20|30|40|50
A230545031,HAV,50,2026,442.25,8149.19,27945.71,0.0,-35652.65,fmifiit_fmioi,0.0,0.0,0.0,0.0,0,no_ps_link,50
553INT4007,ITH,PC,2026,0.0,23230.78,82712.0,6655.0,-6655.0,fmavct_kbfc,750093.34,496932.23,5289.0,247872.11,4,2,10'|11
3210544092,SUV,20,2026,0.0,966.5,48232.7,0.0,-49199.2,fmifiit_fmioi,0.0,0.0,0.0,0.0,0,no_ps_link,20
553INT4007,ITH,20,2026,0.0,34180.1,609559.0,694.4,-694.4,fmavct_kbfc,750093.34,496932.23,5289.0,247872.11,4,2,20
3210184021,PNP,20,2026,0.0,19950.0,113400.0,0.0,-133350.0,fmifiit_fmioi,0.0,0.0,0.0,0.0,0,no_ps_link,20
3230874171,JAK,10',2026,48.72,1021.3,0.0,0.0,-972.58,fmifiit_fmioi,0.0,0.0,0.0,0.0,0,no_ps_link,10'
3230835091,JAK,13,2026,0.0,357.03,0.0,0.0,-357.03,fmifiit_fmioi,0.0,0.0,0.0,0.0,0,no_ps_link,13
185GEF0006,JAK,50,2026,0.0,537.9,0.0,0.0,-537.9,fmifiit_fmioi,0.0,0.0,0.0,0.0,0,no_ps_link,50
2230835042,BGK,20,2026,0.0,64.78,5011.06,0.0,-5075.84,fmifiit_fmioi,0.0,0.0,0.0,0.0,0,no_ps_link,20
3210564051,NDL,20,2026,0.0,9.51,50368.9,0.0,-50378.41,fmifiit_fmioi,0.0,0.0,0.0,0.0,0,no_ps_link,20
3230835041,BGK,20,2026,0.0,1159.69,132412.12,0.0,-133571.81,fmifiit_fmioi,0.0,0.0,0.0,0.0,0,no_ps_link,20
3210564051,NDL,50,2026,0.0,66.15,744.44,0.0,-810.59,fmifiit_fmioi,0.0,0.0,0.0,0.0,0,no_ps_link,50
2210554032,BEJ,11,2026,0.0,1464.69,5858.76,0.0,-7323.45,fmifiit_fmioi,0.0,0.0,0.0,0.0,0,no_ps_link,11
3210514011,BEJ,11,2026,0.0,635.31,42916.14,0.0,-43551.45,fmifiit_fmioi,0.0,0.0,0.0,0.0,0,no_ps_link,11
633CRP7310,BEI,50,2026,0.0,839.22,283.58,0.0,-1122.8,fmifiit_fmioi,0.0,0.0,0.0,0.0,0,no_ps_link,50
633CRP5510,BEI,40,2026,0.0,71.55,0.0,0.0,-71.55,fmifiit_fmioi,0.0,0.0,0.0,0.0,0,no_ps_link,40
821GLO1002,DAK,10',2026,18.32,224.0,0.0,180053.69,-180035.37,fmavct_kbfc,264086.97,51386.59,0.0,212700.38,1,2,10'
3230873091,CAI,10',2026,31.57,14606.4,0.0,0.0,-14574.83,fmifiit_fmioi,0.0,0.0,0.0,0.0,0,no_ps_link,10'
A230544151,TEH,40,2026,0.0,654.42,406.32,0.0,-1060.74,fmifiit_fmioi,0.0,0.0,0.0,0.0,0,no_ps_link,40
A230574031,TEH,40,2026,0.0,25.86,0.0,0.0,-25.86,fmifiit_fmioi,0.0,0.0,0.0,0.0,0,no_ps_link,40
3210512071,HAR,20,2026,0.0,16000.0,208200.0,0.0,-224200.0,fmifiit_fmioi,0.0,0.0,0.0,0.0,0,no_ps_link,20
633CRP7334,KHA,50,2026,0.0,665.6,3375.8,0.0,-4041.4,fmifiit_fmioi,0.0,0.0,0.0,0.0,0,no_ps_link,50
526TLS1001,JAK,20,2026,0.0,148308.14,3305506.0,21546.08,-21546.08,fmavct_kbfc,16058296.08,18474616.05,2201291.28,-4617611.25,25,1,20
3210253011,CAI,30,2026,0.0,3902.03,0.0,0.0,-3902.03,fmifiit_fmioi,0.0,0.0,0.0,0.0,0,no_ps_link,30
3210513071,CAI,30,2026,0.0,6000.0,0.0,0.0,-6000.0,fmifiit_fmioi,0.0,0.0,0.0,0.0,0,no_ps_link,30
A2101A7011,ITE,50,2026,34264.0,0.0,0.0,0.0,34264.0,fmifiit_fmioi,0.0,0.0,0.0,0.0,0,no_ps_link,50
A2101G7011,ITE,50,2026,97536.0,0.0,0.0,0.0,97536.0,fmifiit_fmioi,0.0,0.0,0.0,0.0,0,no_ps_link,50
564ITEREV,ITE,REVENUE,2026,131800.0,0.0,0.0,0.0,131800.0,fmifiit_fmioi,0.0,0.0,0.0,0.0,0,no_ps_link,REVENUE
640CDL9000,TCD,TC,2026,0.0,74807.36,798061.33,7.23,-7.23,fmavct_kbfc,0.0,0.0,0.0,0.0,0,no_ps_link,11
A210167011,IES,50,2026,441182.0,0.0,0.0,0.0,441182.0,fmifiit_fmioi,0.0,0.0,0.0,0.0,0,no_ps_link,50
A2101AC021,IES,50,2026,41868.0,0.0,0.0,0.0,41868.0,fmifiit_fmioi,0.0,0.0,0.0,0.0,0,no_ps_link,50
511IESREV,IES,REVENUE,2026,483050.0,0.0,0.0,0.0,483050.0,fmifiit_fmioi,0.0,0.0,0.0,0.0,0,no_ps_link,REVENUE
680BFM3002,BFM,11,2026,3972.46,0.0,0.0,0.0,3972.46,fmifiit_fmioi,0.0,0.0,0.0,0.0,0,no_ps_link,11
525JOR1001,AMN,20,2026,0.0,46391.01,324500.96,12298.73,-12298.73,fmavct_kbfc,5785487.7,-2427757.31,80464.0,8132781.01,7,2,20
538JOR1000,AMN,20,2026,0.0,51483.51,4052534.89,296.87,-296.87,fmavct_kbfc,8423045.36,3769311.08,39780.0,4613954.28,5,2,20
A230573041,AMN,20,2026,0.0,50084.55,117874.34,0.0,-167958.89,fmifiit_fmioi,0.0,0.0,0.0,0.0,0,no_ps_link,20
526TLS1001,JAK,40,2026,0.0,31153.95,957334.66,52954.54,-52954.54,fmavct_kbfc,16058296.08,18474616.05,2201291.28,-4617611.25,25,1,40
526TLS1001,JAK,50,2026,0.0,379.0,149303.09,2140.0,-2140.0,fmavct_kbfc,16058296.08,18474616.05,2201291.28,-4617611.25,25,1,50
412RAF0029,AFR,PC,2026,3349.48,8768.55,72769.32,48019.69,-44670.21,fmavct_kbfc,426150.12,8557291.13,45835.0,-8176976.01,6,1,11|13
633CRP7349,RAM,10',2026,224.97,6759.32,0.0,0.0,-6534.35,fmifiit_fmioi,0.0,0.0,0.0,0.0,0,no_ps_link,10'
3210134042,BGK,50,2026,0.0,80.06,0.0,0.0,-80.06,fmifiit_fmioi,0.0,0.0,0.0,0.0,0,no_ps_link,50
633CRP3123,HAR,20,2026,0.0,156.52,5157.18,0.0,-5313.7,fmifiit_fmioi,0.0,0.0,0.0,0.0,0,no_ps_link,20
A230542031,ACR,40,2026,0.0,65205.9,131290.41,0.0,-196496.31,fmifiit_fmioi,0.0,0.0,0.0,0.0,0,no_ps_link,40
680IOS4103,INV,11,2026,0.0,46500.0,171283.36,0.0,-217783.36,fmifiit_fmioi,0.0,0.0,0.0,0.0,0,no_ps_link,11
3210312081,OSE,11,2026,0.0,4000.0,140916.0,0.0,-144916.0,fmifiit_fmioi,0.0,0.0,0.0,0.0,0,no_ps_link,11
680IOS4102,AUD,11,2026,0.0,52980.71,122649.97,0.0,-175630.68,fmifiit_fmioi,0.0,0.0,0.0,0.0,0,no_ps_link,11
547RAF1001,HAR,40,2026,0.0,12746.3,108518.68,0.32,-0.32,fmavct_kbfc,10179193.77,13381768.3,117902.58,-3320477.11,62,1,40
3210643131,CAI,11,2026,0.0,4000.0,19200.0,0.0,-23200.0,fmifiit_fmioi,0.0,0.0,0.0,0.0,0,no_ps_link,11
467GLO1016,EEO,30,2026,0.0,7913.86,0.0,34724.53,-34724.53,fmavct_kbfc,51902437.3,33266538.4,8161392.34,10474506.56,263,2,30
3210652051,NAI,10',2026,40.61,27022.01,0.0,0.0,-26981.4,fmifiit_fmioi,0.0,0.0,0.0,0.0,0,no_ps_link,10'
199GLO4250,LHE,TC,2026,8.08,3937.98,18101.2,12020.85,-12012.77,fmavct_kbfc,34770.39,3758.08,0.0,31012.31,1,2,10'|11
665GLO2000,HYD,20,2026,0.0,16387.23,247772.74,14595.09,-14595.09,fmavct_kbfc,4750147.94,1344381.75,9361.9,3396404.29,1,2,20
3210151031,TED,50,2026,0.0,2610.14,11.16,0.0,-2621.3,fmifiit_fmioi,0.0,0.0,0.0,0.0,0,no_ps_link,50
633CRP7332,KAB,20,2026,0.0,2150.0,23430.0,0.0,-25580.0,fmifiit_fmioi,0.0,0.0,0.0,0.0,0,no_ps_link,20
3210213071,CAI,30,2026,0.0,14747.97,0.0,0.0,-14747.97,fmifiit_fmioi,0.0,0.0,0.0,0.0,0,no_ps_link,30
556GLO5002,DHE,20,2026,0.0,125056.26,927849.7,36034.62,-36034.62,fmavct_kbfc,1146977.8,59264.16,1421465.45,-333751.81,6,1,20
469GLO4000,ITH,11,2026,28.04,23441.28,292472.15,38234.37,-38206.33,fmavct_kbfc,727173.25,105948.08,0.0,621225.17,1,2,11
261CMR3000,YAO,20,2026,0.0,69074.38,355158.81,4607.17,-4607.17,fmavct_kbfc,634043.04,389284.28,0.0,244758.76,8,2,20
A230542101,DAR,40,2026,0.0,15.36,0.0,0.0,-15.36,fmifiit_fmioi,0.0,0.0,0.0,0.0,0,no_ps_link,40
A230543051,DOH,40,2026,0.0,530.81,178.28,0.0,-709.09,fmifiit_fmioi,0.0,0.0,0.0,0.0,0,no_ps_link,40
A230575021,BRZ,50,2026,0.0,992.33,2543.58,0.0,-3535.91,fmifiit_fmioi,0.0,0.0,0.0,0.0,0,no_ps_link,50
3320111041,AEO,20,2026,0.0,28389.92,490708.5,0.0,-519098.42,fmifiit_fmioi,0.0,0.0,0.0,0.0,0,no_ps_link,20
549GLO2015,VNI,REVENUE,2026,0.0,37805.85,0.0,0.0,-37805.85,fmifiit_fmioi,1902539.1,184882.73,0.0,1717656.37,19,2,REVENUE
3210141071,HED,40,2026,0.0,908.99,3635.96,0.0,-4544.95,fmifiit_fmioi,0.0,0.0,0.0,0.0,0,no_ps_link,40
3210141061,HED,40,2026,0.0,1434.61,9738.44,0.0,-11173.05,fmifiit_fmioi,0.0,0.0,0.0,0.0,0,no_ps_link,40
A230545111,VOC,50,2026,0.0,6759.06,15014.87,0.0,-21773.93,fmifiit_fmioi,0.0,0.0,0.0,0.0,0,no_ps_link,50
3210511011,WHC,10',2026,69.66,0.0,0.0,0.0,69.66,fmifiit_fmioi,0.0,0.0,0.0,0.0,0,no_ps_link,10'
3210251021,PBS,10',2026,47.54,0.0,0.0,0.0,47.54,fmifiit_fmioi,0.0,0.0,0.0,0.0,0,no_ps_link,10'
3230872072,ADI,13,2026,0.0,430.93,0.0,0.0,-430.93,fmifiit_fmioi,0.0,0.0,0.0,0.0,0,no_ps_link,13
534IRQ1002,BAG,40,2026,0.0,51909.75,2305793.46,50383.49,-50383.49,fmavct_kbfc,3660987.92,7198661404.98,0.0,-7195000417.06,5,1,40
3230633191,JUB,10',2026,89.52,3584.73,0.0,0.0,-3495.21,fmifiit_fmioi,0.0,0.0,0.0,0.0,0,no_ps_link,10'
3210312061,OSE,11,2026,0.0,9720.0,409791.6,0.0,-419511.6,fmifiit_fmioi,0.0,0.0,0.0,0.0,0,no_ps_link,11
680HRM4105,HRM,50,2026,0.0,3918.92,0.0,0.0,-3918.92,fmifiit_fmioi,0.0,0.0,0.0,0.0,0,no_ps_link,50
3210225022,MTD,50,2026,0.0,288.0,0.0,0.0,-288.0,fmifiit_fmioi,0.0,0.0,0.0,0.0,0,no_ps_link,50
633CRP4135,KNG,10',2026,41.78,2284.7,0.0,0.0,-2242.92,fmifiit_fmioi,0.0,0.0,0.0,0.0,0,no_ps_link,10'
633CRP2109,BAM,11,2026,68.32,0.0,0.0,0.0,68.32,fmifiit_fmioi,0.0,0.0,0.0,0.0,0,no_ps_link,11
633CRP2109,BAM,30,2026,60.24,0.0,0.0,0.0,60.24,fmifiit_fmioi,0.0,0.0,0.0,0.0,0,no_ps_link,30
633CRP1110,BEI,30,2026,363.25,0.0,0.0,0.0,363.25,fmifiit_fmioi,0.0,0.0,0.0,0.0,0,no_ps_link,30
633CRP2156,VNI,30,2026,349.43,620.0,0.0,0.0,-270.57,fmifiit_fmioi,0.0,0.0,0.0,0.0,0,no_ps_link,30
3210173011,BEI,10',2026,20.84,1780.53,0.0,0.0,-1759.69,fmifiit_fmioi,0.0,0.0,0.0,0.0,0,no_ps_link,10'
3230835131,NDL,10',2026,16.34,0.0,0.0,0.0,16.34,fmifiit_fmioi,0.0,0.0,0.0,0.0,0,no_ps_link,10'
3210132012,DAK,10',2026,67.93,2774.34,0.0,0.0,-2706.41,fmifiit_fmioi,0.0,0.0,0.0,0.0,0,no_ps_link,10'
3210584041,BEJ,10',2026,40.95,1033.41,0.0,0.0,-992.46,fmifiit_fmioi,0.0,0.0,0.0,0.0,0,no_ps_link,10'
3230874291,TEH,10',2026,52.65,931.0,0.0,0.0,-878.35,fmifiit_fmioi,0.0,0.0,0.0,0.0,0,no_ps_link,10'
633CRP7318,DAR,10',2026,15.24,2371.81,0.0,0.0,-2356.57,fmifiit_fmioi,0.0,0.0,0.0,0.0,0,no_ps_link,10'
406CUB0001,HAV,TC,2026,76.18,38333.4,76666.8,5450.12,-5373.94,fmavct_kbfc,50000.0,31733.4,0.0,18266.6,1,2,11|20|30|40
A230121011,PAX,11,2026,0.0,41840.12,83680.24,0.0,-125520.36,fmifiit_fmioi,0.0,0.0,0.0,0.0,0,no_ps_link,11
3210412101,ACR,10',2026,0.0,182.56,0.0,0.0,-182.56,fmifiit_fmioi,0.0,0.0,0.0,0.0,0,no_ps_link,10'
570GLO2030,VNI,30,2026,10.33,1516.83,0.0,1779.16,-1768.83,fmavct_kbfc,11767056.68,-808671.55,650.0,12575078.23,22,2,30
199GLO4642,LHE,TC,2026,0.0,1500.0,25418.0,9342.53,-9342.53,fmavct_kbfc,24075.66,1500.0,0.0,22575.66,1,2,11
702GAB1001,LBV,TC,2026,8832.71,55069.98,78401.83,7978.11,854.6,fmavct_kbfc,247583.4,134135.46,123891.5,-10443.56,26,3,10'|11|13|20|30|40|50
272GAB2000,LBV,20,2026,0.0,1708.18,405012.42,36839.48,-36839.48,fmavct_kbfc,1399984.36,288597.37,0.0,1111386.99,11,2,20
A230544161,SUV,20,2026,0.0,1933.81,3712.28,0.0,-5646.09,fmifiit_fmioi,0.0,0.0,0.0,0.0,0,no_ps_link,20
727DRC1002,KNS,50,2026,0.0,4105.33,65127.74,22404.69,-22404.69,fmavct_kbfc,6685995.0,506337.61,10150.0,6169507.39,12,2,50
3210621101,FEJ,20,2026,0.0,110.0,3334.3,0.0,-3444.3,fmifiit_fmioi,0.0,0.0,0.0,0.0,0,no_ps_link,20
185GEF0010,BRZ,11,2026,23900.64,0.0,0.0,0.0,23900.64,fmifiit_fmioi,0.0,0.0,0.0,0.0,0,no_ps_link,11
A230542181,MAP,40,2026,0.0,17354.3,69896.48,0.0,-87250.78,fmifiit_fmioi,0.0,0.0,0.0,0.0,0,no_ps_link,40
A230572121,HAR,20,2026,0.0,84414.2,180294.16,0.0,-264708.36,fmifiit_fmioi,0.0,0.0,0.0,0.0,0,no_ps_link,20
448INT2611,TWA,REVENUE,2026,3786194.97,7920.76,0.0,0.0,3778274.21,fmifiit_fmioi,12322000.0,-1430728.66,0.0,13752728.66,43,4,REVENUE
408MAS5042,MDE,REVENUE,2026,448103.81,0.0,0.0,0.0,448103.81,fmifiit_fmioi,3442251.46,2352257.89,189941.33,900052.24,41,4,REVENUE
408MAS5043,MDE,REVENUE,2026,448103.81,0.0,0.0,0.0,448103.81,fmifiit_fmioi,1291728.04,-431500.35,0.0,1723228.39,43,4,REVENUE
448INT2412,TWA,REVENUE,2026,355770.49,0.0,0.0,0.0,355770.49,fmifiit_fmioi,6908362.96,8157.31,15000.0,6885205.65,27,4,REVENUE
448INT2612,TWA,REVENUE,2026,1126036.8,0.0,0.0,0.0,1126036.8,fmifiit_fmioi,2682800.0,-241070.59,0.0,2923870.59,32,4,REVENUE
193UND2042,IOC,REVENUE,2026,1700000.0,0.0,0.0,0.0,1700000.0,fmifiit_fmioi,4276891.19,2370996.37,0.0,1905894.82,11,4,REVENUE
193UND2043,IOC,REVENUE,2026,1859484.84,0.0,0.0,0.0,1859484.84,fmifiit_fmioi,2936570.1,-121677.02,2000.0,3056247.12,12,4,REVENUE
448INT2413,TWA,REVENUE,2026,2000000.0,0.0,0.0,0.0,2000000.0,fmifiit_fmioi,16311224.0,1124398.69,0.0,15186825.31,34,4,REVENUE
448INT2613,TWA,REVENUE,2026,3007084.68,0.0,0.0,0.0,3007084.68,fmifiit_fmioi,5655572.0,549628060.07,0.0,-543972488.07,34,3,REVENUE
680HRM3002,HRM,11,2026,0.0,20865.97,196838.25,0.0,-217704.22,fmifiit_fmioi,0.0,0.0,0.0,0.0,0,no_ps_link,11
680HRM3108,HRM,11,2026,0.0,25445.22,46568.1,0.0,-72013.32,fmifiit_fmioi,0.0,0.0,0.0,0.0,0,no_ps_link,11
495GLO1041,EME,REVENUE,2026,856030.21,0.0,0.0,0.0,856030.21,fmifiit_fmioi,4012443.84,733767.32,4341.09,3274335.43,6,4,REVENUE
495GLO1057,EME,REVENUE,2026,595547.21,0.0,0.0,0.0,595547.21,fmifiit_fmioi,1087172.36,-405590.33,0.0,1492762.69,3,4,REVENUE
495GLO1054,PLS,REVENUE,2026,260483.0,0.0,0.0,0.0,260483.0,fmifiit_fmioi,486884.12,-253658.8,0.0,740542.92,3,4,REVENUE
495GLO1042,IGE,REVENUE,2026,847793.94,0.0,0.0,0.0,847793.94,fmifiit_fmioi,2282725.4,839279.44,4000.0,1439445.96,2,4,REVENUE
495GLO1056,IGE,REVENUE,2026,847793.94,0.0,0.0,0.0,847793.94,fmifiit_fmioi,1314661.56,-711274.79,0.0,2025936.35,2,4,REVENUE
495GLO1043,PSU,REVENUE,2026,3302651.0,0.0,0.0,0.0,3302651.0,fmifiit_fmioi,6728545.85,5731455.37,105130.38,891960.1,12,4,REVENUE
495GLO1060,ESD,REVENUE,2026,910487.0,0.0,0.0,0.0,910487.0,fmifiit_fmioi,1599216.86,-863480.18,1900.0,2460797.04,5,4,REVENUE
495GLO1061,GCP,REVENUE,2026,2118462.0,0.0,0.0,0.0,2118462.0,fmifiit_fmioi,3597742.06,-2083295.04,0.0,5681037.1,5,4,REVENUE
495GLO1058,HAE,REVENUE,2026,6354.0,0.0,0.0,0.0,6354.0,fmifiit_fmioi,11876.64,-6354.0,0.0,18230.64,3,4,REVENUE
495GLO1044,YLS,REVENUE,2026,1156727.58,0.0,0.0,0.0,1156727.58,fmifiit_fmioi,2873424.09,3507464.86,618391.21,-1252431.98,6,3,REVENUE
495GLO1053,YLS,REVENUE,2026,227925.58,0.0,0.0,0.0,227925.58,fmifiit_fmioi,143736.44,-64559.33,0.0,208295.77,2,4,REVENUE
495GLO1055,HED,REVENUE,2026,928802.0,0.0,0.0,0.0,928802.0,fmifiit_fmioi,1885578.5,-708597.01,69923.0,2524252.51,9,4,REVENUE
495GLO1047,SDG,REVENUE,2026,2950137.73,0.0,0.0,0.0,2950137.73,fmifiit_fmioi,2354258.8,2140271.31,13152.12,200835.37,4,4,REVENUE
495GLO1048,TAI,REVENUE,2026,1081704.75,0.0,0.0,0.0,1081704.75,fmifiit_fmioi,1274226.72,895747.38,20307.84,358171.5,5,4,REVENUE
495GLO1062,FLI,REVENUE,2026,1081704.75,24.81,0.0,0.0,1081679.94,fmifiit_fmioi,1961877.88,-994115.45,12416.0,2943577.33,5,4,REVENUE
570RAF0003,PAX,PC,2026,0.0,53739.76,339912.56,108741.14,-108741.14,fmavct_kbfc,642155.96,-166675.38,0.0,808831.34,4,2,11
680REV9000,UNESCO,30,2026,0.0,3000.0,0.0,0.0,-3000.0,fmifiit_fmioi,0.0,-34136967.9,0.0,34136967.9,1,2,30
A230576021,GLO,40,2026,0.0,750.62,0.0,0.0,-750.62,fmifiit_fmioi,0.0,0.0,0.0,0.0,0,no_ps_link,40
527RAF4000,WHC,PC,2026,0.0,59006.45,290990.38,1650034.37,-1650034.37,fmavct_kbfc,1125443.76,38214690.45,2232500.48,-39321747.17,55,1,10'|11
2230837132,STG,40,2026,0.0,53.24,33730.0,0.0,-33783.24,fmifiit_fmioi,0.0,0.0,0.0,0.0,0,no_ps_link,40
A230546021,GLO,20,2026,0.0,682.46,0.0,0.0,-682.46,fmifiit_fmioi,0.0,0.0,0.0,0.0,0,no_ps_link,20
546GLO2011,DRR,10',2026,32.5,5012.64,0.0,1426.5,-1394.0,fmavct_kbfc,465041.0,-183594.77,0.0,648635.77,5,2,10'
185GEF0006,HAV,50,2026,0.0,1454.04,0.0,0.0,-1454.04,fmifiit_fmioi,0.0,0.0,0.0,0.0,0,no_ps_link,50
A230545071,MTD,20,2026,0.0,5452.67,22138.08,0.0,-27590.75,fmifiit_fmioi,0.0,0.0,0.0,0.0,0,no_ps_link,20
637FOR7340,MTD,20,2026,0.0,4603.85,34953.74,0.0,-39557.59,fmifiit_fmioi,0.0,0.0,0.0,0.0,0,no_ps_link,20
235GUA1001,GUC,20,2026,0.0,41326.27,307619.4,2.0,-2.0,fmavct_kbfc,1321126.8,415304.24,0.0,905822.56,119,2,20
633CRP1106,API,11,2026,0.0,250.0,27928.0,0.0,-28178.0,fmifiit_fmioi,0.0,0.0,0.0,0.0,0,no_ps_link,11
A230544031,BGK,40,2026,0.0,4097.05,9086.26,0.0,-13183.31,fmifiit_fmioi,0.0,0.0,0.0,0.0,0,no_ps_link,40
3230835032,SUV,40,2026,0.0,48704.19,209072.04,0.0,-257776.23,fmifiit_fmioi,0.0,0.0,0.0,0.0,0,no_ps_link,40
633CRP7112,BGK,11,2026,0.0,42500.0,492691.0,0.0,-535191.0,fmifiit_fmioi,0.0,0.0,0.0,0.0,0,no_ps_link,11
3210654121,JAK,10',2026,0.0,1483.95,0.0,0.0,-1483.95,fmifiit_fmioi,0.0,0.0,0.0,0.0,0,no_ps_link,10'
A230544101,KAB,50,2026,0.0,17502.16,19442.17,0.0,-36944.33,fmifiit_fmioi,0.0,0.0,0.0,0.0,0,no_ps_link,50
3210254032,BEJ,11,2026,0.0,28493.0,220534.68,0.0,-249027.68,fmifiit_fmioi,0.0,0.0,0.0,0.0,0,no_ps_link,11
633CRP7342,NAI,50,2026,0.0,777.99,2300.32,0.0,-3078.31,fmifiit_fmioi,0.0,0.0,0.0,0.0,0,no_ps_link,50
A2101H2101,JUB,13,2026,0.0,3995.0,0.0,0.0,-3995.0,fmifiit_fmioi,0.0,0.0,0.0,0.0,0,no_ps_link,13
A210592101,JUB,11,2026,0.0,3995.0,0.0,0.0,-3995.0,fmifiit_fmioi,0.0,0.0,0.0,0.0,0,no_ps_link,11
501RSS4001,JUB,50,2026,0.0,270.8,0.0,0.0,-270.8,fmifiit_fmioi,66944.95,11705.4,5940.0,49299.55,1,2,50
637FOR7331,JUB,50,2026,0.0,7326.94,56738.41,0.0,-64065.35,fmifiit_fmioi,0.0,0.0,0.0,0.0,0,no_ps_link,50
3210654041,JAK,11,2026,0.0,944.13,18267.6,0.0,-19211.73,fmifiit_fmioi,0.0,0.0,0.0,0.0,0,no_ps_link,11
3210624051,JAK,11,2026,0.0,1000.0,16000.0,0.0,-17000.0,fmifiit_fmioi,0.0,0.0,0.0,0.0,0,no_ps_link,11
633CRP5205,AMN,20,2026,0.0,143.05,572.2,0.0,-715.25,fmifiit_fmioi,0.0,0.0,0.0,0.0,0,no_ps_link,20
633CRP7305,AMN,20,2026,0.0,4461.88,137401.37,0.0,-141863.25,fmifiit_fmioi,0.0,0.0,0.0,0.0,0,no_ps_link,20
637FOR7331,JUB,REVENUE,2026,0.0,8928.77,0.0,0.0,-8928.77,fmifiit_fmioi,0.0,0.0,0.0,0.0,0,no_ps_link,REVENUE
3210654121,JAK,20,2026,0.0,4600.0,126713.8,0.0,-131313.8,fmifiit_fmioi,0.0,0.0,0.0,0.0,0,no_ps_link,20
3230833161,NAI,13,2026,0.0,86.18,0.0,0.0,-86.18,fmifiit_fmioi,0.0,0.0,0.0,0.0,0,no_ps_link,13
185GEF0006,ACR,50,2026,0.0,224.9,0.0,0.0,-224.9,fmifiit_fmioi,0.0,0.0,0.0,0.0,0,no_ps_link,50
A230542191,NAI,LOSS,2026,0.0,0.02,0.0,0.0,-0.02,fmifiit_fmioi,0.0,0.0,0.0,0.0,0,no_ps_link,LOSS
473LIB2000,RAB,TC,2026,5427.5,26507.07,328671.1,0.0,-349750.67,fmifiit_fmioi,817756.0,-63662.87,27750.0,853668.87,12,2,10'|11|13|20|30|50
473UKR9000,BSP,REVENUE,2026,715467.59,0.0,0.0,0.0,715467.59,fmifiit_fmioi,0.0,561894.76,0.0,-561894.76,1,3,REVENUE
473UKR4001,DCE,REVENUE,2026,434272.3,0.0,0.0,0.0,434272.3,fmifiit_fmioi,1292958.61,-304383.67,11.08,1597331.2,6,4,REVENUE
473UKR0002,PAX,REVENUE,2026,7121.94,0.0,0.0,0.0,7121.94,fmifiit_fmioi,259234.45,103364.82,7295.98,148573.65,1,4,REVENUE
3230835141,PNP,13,2026,0.0,60.53,0.0,0.0,-60.53,fmifiit_fmioi,0.0,0.0,0.0,0.0,0,no_ps_link,13
235GBS5000,DAK,20,2026,0.0,22707.76,883713.5,7394.33,-7394.33,fmavct_kbfc,1859756.48,720627.83,88966.08,1050162.57,34,2,20
235GBS5000,DAK,40,2026,0.0,16817.43,125377.74,24613.13,-24613.13,fmavct_kbfc,1859756.48,720627.83,88966.08,1050162.57,34,2,40
633CRP3123,HAR,11,2026,0.0,5900.0,11800.0,0.0,-17700.0,fmifiit_fmioi,0.0,0.0,0.0,0.0,0,no_ps_link,11
3210316121,IOC,10',2026,0.0,272.59,0.0,0.0,-272.59,fmifiit_fmioi,0.0,0.0,0.0,0.0,0,no_ps_link,10'
643CSI9004,OPS,TC,2026,13041.19,162189.23,2874362.83,0.02,13041.17,fmavct_kbfc,789987.64,89836.78,32669.08,667481.78,4,4,20|40
406GLO2052,EES,TC,2026,36.13,29913.2,155932.98,50928.84,-50892.71,fmavct_kbfc,140186.92,16745.36,0.0,123441.56,1,2,10'|13|20|30
537GLO3000,BIO,20,2026,0.0,1542.06,309808.58,560.61,-560.61,fmavct_kbfc,307310.64,660534.9,7529.0,-360753.26,1,1,20
A230572131,LBV,50,2026,0.0,987.0,1740.0,0.0,-2727.0,fmifiit_fmioi,0.0,0.0,0.0,0.0,0,no_ps_link,50
549UZB1000,TAS,40,2026,0.0,419509.89,4274088.97,94453.2,-94453.2,fmavct_kbfc,11372596.54,5061475341.25,101199927.0,-5151302671.71,8,1,40
633CRP7307,ATA,20,2026,0.0,2015.7,4748.14,0.0,-6763.84,fmifiit_fmioi,0.0,0.0,0.0,0.0,0,no_ps_link,20
3210481012,HEQ,10',2026,0.0,3166.52,0.0,0.0,-3166.52,fmifiit_fmioi,0.0,0.0,0.0,0.0,0,no_ps_link,10'
633CRP1717,DAK,11,2026,0.0,10974.39,65027.58,0.0,-76001.97,fmifiit_fmioi,0.0,0.0,0.0,0.0,0,no_ps_link,11
A230572041,ABJ,20,2026,0.0,22395.07,59744.0,0.0,-82139.07,fmifiit_fmioi,0.0,0.0,0.0,0.0,0,no_ps_link,20
3310713012,SSM,40,2026,0.0,1604.09,407239.93,0.0,-408844.02,fmifiit_fmioi,0.0,0.0,0.0,0.0,0,no_ps_link,40
3310711011,SSM,40,2026,0.0,3089.96,47937.78,0.0,-51027.74,fmifiit_fmioi,0.0,0.0,0.0,0.0,0,no_ps_link,40
3310711022,SSM,20,2026,0.0,1392.54,5602.8,0.0,-6995.34,fmifiit_fmioi,0.0,0.0,0.0,0.0,0,no_ps_link,20
3210221051,HYD,40,2026,5213.58,993.0,4322.5,0.0,-101.92,fmifiit_fmioi,0.0,0.0,0.0,0.0,0,no_ps_link,40
3210221051,HYD,20,2026,0.0,10008.15,87909.7,0.0,-97917.85,fmifiit_fmioi,0.0,0.0,0.0,0.0,0,no_ps_link,20
3210614051,QUI,10',2026,0.0,8.78,0.0,0.0,-8.78,fmifiit_fmioi,0.0,0.0,0.0,0.0,0,no_ps_link,10'
3230837112,QUI,40,2026,0.0,4587.7,21344.04,0.0,-25931.74,fmifiit_fmioi,0.0,0.0,0.0,0.0,0,no_ps_link,40
A230542091,DAK,40,2026,0.0,1211.12,36931.14,0.0,-38142.26,fmifiit_fmioi,0.0,0.0,0.0,0.0,0,no_ps_link,40
634SAI9000,CLD,40,2026,0.0,260152.16,1809885.32,0.0,-2070037.48,fmifiit_fmioi,0.0,0.0,0.0,0.0,0,no_ps_link,40
634SAI9000,CLD,20,2026,0.0,6013.47,86443.53,0.0,-92457.0,fmifiit_fmioi,0.0,0.0,0.0,0.0,0,no_ps_link,20
198CAP4142,WHC,TC,2026,0.0,550.0,23200.0,7983.52,-7983.52,fmavct_kbfc,45910.89,686.0,0.0,45224.89,1,2,20
534GLO4003,VNI,TC,2026,97.44,9162.07,2558.14,657.53,-560.09,fmavct_kbfc,1079330.8,5382.62,0.0,1073948.18,7,2,10'|11
3210641021,DPT,10',2026,0.0,230.0,0.0,0.0,-230.0,fmifiit_fmioi,0.0,0.0,0.0,0.0,0,no_ps_link,10'
A230111011,PAX,10',2026,1072.6,1072.6,0.0,0.0,0.0,fmifiit_fmioi,0.0,0.0,0.0,0.0,0,no_ps_link,10'
570RLA1017,SJO,PC,2026,9654.66,58497.53,138837.98,1409.82,8244.84,fmavct_kbfc,169899.07,1259450.1,0.0,-1089551.03,1,3,10'|11
3210132012,DAK,20,2026,0.0,4617.68,9325.74,0.0,-13943.42,fmifiit_fmioi,0.0,0.0,0.0,0.0,0,no_ps_link,20
809RAF4000,NAI,10',2026,0.0,3400.88,0.0,162.41,-162.41,fmavct_kbfc,196466.4,-160760.56,84.2,357142.76,1,2,10'
406KEN0001,NAI,REVENUE,2026,21400.0,0.0,0.0,0.0,21400.0,fmifiit_fmioi,20000.0,-21400.0,0.0,41400.0,1,4,REVENUE
549SAF1000,HAR,REVENUE,2026,698522.74,0.0,0.0,0.0,698522.74,fmifiit_fmioi,1275649.98,-698522.74,0.0,1974172.72,7,4,REVENUE
507CMR1000,YAO,REVENUE,2026,117370.89,0.0,0.0,0.0,117370.89,fmifiit_fmioi,107679.72,-100000.0,0.0,207679.72,1,4,REVENUE
201GUA1001,GUC,TC,2026,2791.61,401320.84,2020961.23,5703.21,-2911.6,fmavct_kbfc,3998873.4,132599.82,6394.94,3859878.64,65,2,11|20|30|40
922IND1000,NDL,REVENUE,2026,546917.61,0.0,0.0,0.0,546917.61,fmifiit_fmioi,2895916.5,-45717287.12,591622.29,48021581.33,7,4,REVENUE
3210682061,HAR,10',2026,80.6,2480.2,0.0,0.0,-2399.6,fmifiit_fmioi,0.0,0.0,0.0,0.0,0,no_ps_link,10'
3230853101,HAR,50,2026,0.0,619.04,280078.16,0.0,-280697.2,fmifiit_fmioi,0.0,0.0,0.0,0.0,0,no_ps_link,50
570PER1004,LIM,20,2026,0.0,50384.73,1303970.74,231022.58,-231022.58,fmavct_kbfc,2479710.7,66787.82,940.46,2411982.42,1,2,20
3210155041,SJO,10',2026,36.76,766.24,0.0,0.0,-729.48,fmifiit_fmioi,0.0,0.0,0.0,0.0,0,no_ps_link,10'
A230545051,LIM,50,2026,0.0,4911.99,12269.33,0.0,-17181.32,fmifiit_fmioi,0.0,0.0,0.0,0.0,0,no_ps_link,50
537INT2000,DRR,11,2026,0.0,44500.0,192000.0,4394.82,-4394.82,fmavct_kbfc,758990.0,1493541.56,49500.0,-784051.56,3,1,11
570MON2000,BEJ,40,2026,0.0,572.35,3492.4,0.0,-4064.75,fmifiit_fmioi,1376146.77,126218353.44,23463.28,-124865669.95,1,1,40
3210184092,KAB,20,2026,0.0,62622.0,270488.0,0.0,-333110.0,fmifiit_fmioi,0.0,0.0,0.0,0.0,0,no_ps_link,20
A230544111,KAT,40,2026,0.0,14526.21,38283.8,0.0,-52810.01,fmifiit_fmioi,0.0,0.0,0.0,0.0,0,no_ps_link,40
A230544111,KAT,20,2026,0.0,7281.06,26422.55,0.0,-33703.61,fmifiit_fmioi,0.0,0.0,0.0,0.0,0,no_ps_link,20
633CRP7333,KAT,50,2026,0.0,2602.84,0.0,0.0,-2602.84,fmifiit_fmioi,0.0,0.0,0.0,0.0,0,no_ps_link,50
3230835122,KAT,40,2026,0.0,6363.41,48142.2,0.0,-54505.61,fmifiit_fmioi,0.0,0.0,0.0,0.0,0,no_ps_link,40
570IRQ1001,BAG,TC,2026,0.0,482.27,4693.08,723842.69,-723842.69,fmavct_kbfc,167992.44,2630657.73,0.0,-2462665.29,35,1,10'|50
185GEF0006,CAI,50,2026,0.0,292.22,0.0,0.0,-292.22,fmifiit_fmioi,0.0,0.0,0.0,0.0,0,no_ps_link,50
637FOR7331,JUB,20,2026,0.0,6810.0,15420.0,0.0,-22230.0,fmifiit_fmioi,0.0,0.0,0.0,0.0,0,no_ps_link,20
549TAJ1000,ATA,50,2026,0.0,16892.15,122106.1,773.77,-773.77,fmavct_kbfc,20931353.13,6712230.72,24158.89,14194963.52,60,2,50
3230873121,KHA,10',2026,34.04,1731.0,0.0,0.0,-1696.96,fmifiit_fmioi,0.0,0.0,0.0,0.0,0,no_ps_link,10'
A230574011,KAB,50,2026,0.0,5037.57,2002.0,0.0,-7039.57,fmifiit_fmioi,0.0,0.0,0.0,0.0,0,no_ps_link,50
727AFG1000,KAB,50,2026,0.0,23767.0,2221552.62,62952.84,-62952.84,fmavct_kbfc,17580399.0,991612.42,41525.0,16547261.58,53,2,50
567AFG4000,KAB,50,2026,0.0,14297.46,81115.16,229.82,-229.82,fmavct_kbfc,7881565.36,849895.79,52487.71,6979181.86,15,2,50
512QAT4001,DOH,11,2026,0.0,34359.38,343536.48,0.0,-377895.86,fmifiit_fmioi,2100154.69,1619248.47,2000.0,478906.22,2,2,11
A230543011,AMN,20,2026,0.0,10822.45,25596.77,0.0,-36419.22,fmifiit_fmioi,0.0,0.0,0.0,0.0,0,no_ps_link,20
633CRP1492,YLS,11,2026,0.0,12080.79,72255.54,0.0,-84336.33,fmifiit_fmioi,0.0,0.0,0.0,0.0,0,no_ps_link,11
521STMREV,STM,REVENUE,2026,321500.0,0.0,0.0,0.0,321500.0,fmifiit_fmioi,0.0,0.0,0.0,0.0,0,no_ps_link,REVENUE
A210157011,STM,50,2026,257199.0,0.0,0.0,0.0,257199.0,fmifiit_fmioi,0.0,0.0,0.0,0.0,0,no_ps_link,50
A2101AE011,STM,50,2026,64301.0,0.0,0.0,0.0,64301.0,fmifiit_fmioi,0.0,0.0,0.0,0.0,0,no_ps_link,50
A230576011,BRU,50,2026,0.0,1840.08,9727.28,0.0,-11567.36,fmifiit_fmioi,0.0,0.0,0.0,0.0,0,no_ps_link,50
A230546011,BRU,50,2026,154.79,7526.61,64307.84,0.0,-71679.66,fmifiit_fmioi,0.0,0.0,0.0,0.0,0,no_ps_link,50
3210112041,ABJ,11,2026,0.0,0.0,28674.9,0.0,-28674.9,fmifiit_fmioi,0.0,0.0,0.0,0.0,0,no_ps_link,11
3230431012,HEQ,10',2026,0.0,171.7,0.0,0.0,-171.7,fmifiit_fmioi,0.0,0.0,0.0,0.0,0,no_ps_link,10'
3210453021,BEI,20,2026,0.0,3240.0,12960.0,0.0,-16200.0,fmifiit_fmioi,0.0,0.0,0.0,0.0,0,no_ps_link,20
3210423021,BEI,20,2026,0.0,1500.0,6000.0,0.0,-7500.0,fmifiit_fmioi,0.0,0.0,0.0,0.0,0,no_ps_link,20
680IOS4102,AUD,40,2026,259.88,2097.9,4195.8,0.0,-6033.82,fmifiit_fmioi,0.0,0.0,0.0,0.0,0,no_ps_link,40
570GLO2045,PBS,TC,2026,0.0,11506.74,42540.06,32074.68,-32074.68,fmavct_kbfc,698956.0,4200.0,0.0,694756.0,7,2,11
A230543071,RAB,20,2026,0.0,6551.36,7796.06,0.0,-14347.42,fmifiit_fmioi,0.0,0.0,0.0,0.0,0,no_ps_link,20
3210561142,WHC,20,2026,0.0,27251.92,245223.0,0.0,-272474.92,fmifiit_fmioi,0.0,0.0,0.0,0.0,0,no_ps_link,20
501UZB5002,TAS,30,2026,12.58,359.77,0.0,0.0,-347.19,fmifiit_fmioi,2377578.92,1309495651.14,19230140.0,-1326348212.22,5,1,30
A230546051,VNI,50,2026,0.0,14996.31,71236.93,0.0,-86233.24,fmifiit_fmioi,0.0,0.0,0.0,0.0,0,no_ps_link,50
633CRP1601,ABJ,20,2026,0.0,2994.13,6578.69,0.0,-9572.82,fmifiit_fmioi,0.0,0.0,0.0,0.0,0,no_ps_link,20
3230841841,AMN,10',2026,0.0,9900.88,0.0,0.0,-9900.88,fmifiit_fmioi,0.0,0.0,0.0,0.0,0,no_ps_link,10'
3230853111,KNS,40,2026,0.0,9618.87,135571.68,0.0,-145190.55,fmifiit_fmioi,0.0,0.0,0.0,0.0,0,no_ps_link,40
218BIH2001,SAR,20,2026,0.0,14292.66,84135.21,11097.31,-11097.31,fmavct_kbfc,239437.38,-106290.6,4000.0,341727.98,8,2,20
218BIH2001,SAR,PC,2026,0.0,10483.49,74000.0,10300.32,-10300.32,fmavct_kbfc,239437.38,-106290.6,4000.0,341727.98,8,2,10'|11|13
938MOR4004,RAB,30,2026,0.0,23222.6,0.0,287351.78,-287351.78,fmavct_kbfc,1928331.7,2790175.5,250290.62,-1112134.42,1,1,30
549GLO3003,BIO,50,2026,11116.56,1476.7,5996.92,1492.88,9623.68,fmavct_kbfc,15569847.65,16916006.07,216407.09,-1562565.51,40,3,50
680IOS3001,IOS,10',2026,6.38,1197.6,0.0,0.0,-1191.22,fmifiit_fmioi,0.0,0.0,0.0,0.0,0,no_ps_link,10'
3210445021,KNG,10',2026,0.0,3295.68,0.0,0.0,-3295.68,fmifiit_fmioi,0.0,0.0,0.0,0.0,0,no_ps_link,10'
3210415031,KNG,10',2026,0.0,8899.98,0.0,0.0,-8899.98,fmifiit_fmioi,0.0,0.0,0.0,0.0,0,no_ps_link,10'
185GEF0001,SSM,20,2026,0.0,4179.64,18186.08,0.0,-22365.72,fmifiit_fmioi,0.0,0.0,0.0,0.0,0,no_ps_link,20
514RLA1045,STG,20,2026,0.0,18883.31,315336.66,0.0,-334219.97,fmifiit_fmioi,1841210.0,3564349.38,0.0,-1723139.38,12,1,20
680ADM3103,AEO,50,2026,68.21,10562.65,0.0,0.0,-10494.44,fmifiit_fmioi,0.0,0.0,0.0,0.0,0,no_ps_link,50
680ADM3103,AEO,30,2026,0.0,2150.3,0.0,0.0,-2150.3,fmifiit_fmioi,0.0,0.0,0.0,0.0,0,no_ps_link,30
422ARG0005,IEP,REVENUE,2026,0.0,108545.38,0.0,0.0,-108545.38,fmifiit_fmioi,293605.21,-22605066.25,0.0,22898671.46,1,2,REVENUE
633CRP9003,IOS,REVENUE,2026,13485.15,0.0,0.0,0.0,13485.15,fmifiit_fmioi,375.0,-3197980.67,133.0,3198222.67,705,4,REVENUE
A230545051,LIM,20,2026,0.0,621.94,3868.67,0.0,-4490.61,fmifiit_fmioi,0.0,0.0,0.0,0.0,0,no_ps_link,20
A210118011,IBE,50,2026,921296.0,0.0,0.0,0.0,921296.0,fmifiit_fmioi,0.0,0.0,0.0,0.0,0,no_ps_link,50
A2101A9021,IBE,50,2026,392354.0,0.0,0.0,0.0,392354.0,fmifiit_fmioi,0.0,0.0,0.0,0.0,0,no_ps_link,50
A2101AD011,MGI,50,2026,59640.0,0.0,0.0,0.0,59640.0,fmifiit_fmioi,0.0,0.0,0.0,0.0,0,no_ps_link,50
A2101E7011,MGI,50,2026,238560.0,0.0,0.0,0.0,238560.0,fmifiit_fmioi,0.0,0.0,0.0,0.0,0,no_ps_link,50
A210127011,ICB,50,2026,414207.0,0.0,0.0,0.0,414207.0,fmifiit_fmioi,0.0,0.0,0.0,0.0,0,no_ps_link,50
A2101AA011,ICB,50,2026,316793.0,0.0,0.0,0.0,316793.0,fmifiit_fmioi,0.0,0.0,0.0,0.0,0,no_ps_link,50
637FOR7352,TAS,GAINS,2026,2778.48,0.0,0.0,0.0,2778.48,fmifiit_fmioi,0.0,0.0,0.0,0.0,0,no_ps_link,GAINS
3230837051,KNG,10',2026,0.0,241.1,0.0,0.0,-241.1,fmifiit_fmioi,0.0,0.0,0.0,0.0,0,no_ps_link,10'
526GLO4011,DCE,REVENUE,2026,271015.0,0.0,0.0,0.0,271015.0,fmifiit_fmioi,592321.57,-565833.6,0.0,1158155.17,1,4,REVENUE
526ROK9005,BFM,REVENUE,2026,2498134.0,0.0,0.0,0.0,2498134.0,fmifiit_fmioi,0.0,2456554.75,0.0,-2456554.75,1,3,REVENUE
526RAS4028,WHC,REVENUE,2026,1631374.0,0.0,0.0,0.0,1631374.0,fmifiit_fmioi,4114936.0,-1502134.1,0.0,5617070.1,9,4,REVENUE
406RER0001,NYO,TC,2026,0.0,52676.61,96000.0,0.0,-148676.61,fmifiit_fmioi,80000.0,24709.39,0.0,55290.61,1,2,10'|11|20|50
235GUA1001,GUC,40,2026,0.0,7563.62,21468.06,147775.28,-147775.28,fmavct_kbfc,1321126.8,415304.24,0.0,905822.56,119,2,40
3210495011,KNG,10',2026,0.0,3374.29,0.0,0.0,-3374.29,fmifiit_fmioi,0.0,0.0,0.0,0.0,0,no_ps_link,10'
3210435041,KNG,10',2026,0.0,3367.61,0.0,0.0,-3367.61,fmifiit_fmioi,0.0,0.0,0.0,0.0,0,no_ps_link,10'
3230511131,KNG,10',2026,0.0,3367.61,0.0,0.0,-3367.61,fmifiit_fmioi,0.0,0.0,0.0,0.0,0,no_ps_link,10'
3230841681,KNG,10',2026,0.0,18686.43,0.0,0.0,-18686.43,fmifiit_fmioi,0.0,0.0,0.0,0.0,0,no_ps_link,10'
3210655081,KNG,50,2026,0.0,300.0,0.0,0.0,-300.0,fmifiit_fmioi,0.0,0.0,0.0,0.0,0,no_ps_link,50
633CRP7341,MXC,40,2026,0.0,199.72,6467.34,0.0,-6667.06,fmifiit_fmioi,0.0,0.0,0.0,0.0,0,no_ps_link,40
185GEF0006,BGK,50,2026,0.0,205.14,0.0,0.0,-205.14,fmifiit_fmioi,0.0,0.0,0.0,0.0,0,no_ps_link,50
185GEF0006,ATA,50,2026,0.0,974.16,0.0,0.0,-974.16,fmifiit_fmioi,0.0,0.0,0.0,0.0,0,no_ps_link,50
728RAS2002,ATA,50,2026,0.0,6163.69,43291.84,43387.09,-43387.09,fmavct_kbfc,20502932.24,20036768.46,113814.0,352349.78,80,2,50
941THA1003,BGK,TC,2026,18070.59,50414.15,126672.78,4693.46,13377.13,fmavct_kbfc,744297.16,1249187.04,0.0,-504889.88,6,3,10'|11|13|20|40
3210112121,NAI,50,2026,0.0,50.0,0.0,0.0,-50.0,fmifiit_fmioi,0.0,0.0,0.0,0.0,0,no_ps_link,50
3210142091,NAI,50,2026,0.0,60.0,0.0,0.0,-60.0,fmifiit_fmioi,0.0,0.0,0.0,0.0,0,no_ps_link,50
3210182071,NAI,50,2026,0.0,79.32,0.0,0.0,-79.32,fmifiit_fmioi,0.0,0.0,0.0,0.0,0,no_ps_link,50
2210464012,BGK,11,2026,0.0,4000.0,18000.0,0.0,-22000.0,fmifiit_fmioi,0.0,0.0,0.0,0.0,0,no_ps_link,11
526GLO2004,HYD,20,2026,0.0,31284.3,1247331.58,4642.89,-4642.89,fmavct_kbfc,2915485.78,46995087.95,6776548.0,-50856150.17,20,1,20
RAS0122395,ATA,50,2026,0.0,2034.09,82465.88,416.67,-416.67,fmavct_kbfc,14462278.35,116058916.4,155317.0,-101751955.05,44,1,50
A230544121,NDL,40,2026,0.0,653.68,850.28,0.0,-1503.96,fmifiit_fmioi,0.0,0.0,0.0,0.0,0,no_ps_link,40
555RAS2025,JAK,50,2026,0.0,369.19,0.0,35242.22,-35242.22,fmavct_kbfc,364306.43,2538858.79,1745844.0,-3920396.36,1,1,50
185GEF0006,BEI,50,2026,0.0,1435.62,0.0,0.0,-1435.62,fmifiit_fmioi,0.0,0.0,0.0,0.0,0,no_ps_link,50
A320111011,ADM,20,2026,0.0,55516.7,125386.08,0.0,-180902.78,fmifiit_fmioi,0.0,0.0,0.0,0.0,0,no_ps_link,20
2210511064,WHC,20,2026,0.0,370.22,2244.28,0.0,-2614.5,fmifiit_fmioi,0.0,0.0,0.0,0.0,0,no_ps_link,20
526RAF1007,PLS,40,2026,17564.4,14748.37,189521.64,765181.85,-747617.45,fmavct_kbfc,16590387.48,74369545.51,16032901.17,-73812059.2,60,1,40
633CRP3690,ATD,10',2026,371.26,9486.8,0.0,0.0,-9115.54,fmifiit_fmioi,0.0,0.0,0.0,0.0,0,no_ps_link,10'
3210153031,RAB,20,2026,0.0,7135.69,53648.76,0.0,-60784.45,fmifiit_fmioi,0.0,0.0,0.0,0.0,0,no_ps_link,20
3210333011,API,50,2026,0.0,44.99,0.0,0.0,-44.99,fmifiit_fmioi,0.0,0.0,0.0,0.0,0,no_ps_link,50
412INT0001,AFR,PC,2026,15835.85,27343.43,199915.63,4915.24,10920.61,fmavct_kbfc,1134123.5,1013581.51,0.0,120541.99,8,4,10'|11|13
633TFC7356,VNI,50,2026,331.76,318.67,2840.38,0.0,-2827.29,fmifiit_fmioi,0.0,0.0,0.0,0.0,0,no_ps_link,50
525GLO1003,IPS,20,2026,0.0,50728.54,793787.54,2353.04,-2353.04,fmavct_kbfc,2861345.24,324997.19,8000.0,2528348.05,10,2,20
3210131022,GCP,40,2026,4079.25,1616.77,3233.54,0.0,-771.06,fmifiit_fmioi,0.0,0.0,0.0,0.0,0,no_ps_link,40
GEF_IPSAS,UNESCO,20,2026,0.0,1460648.31,0.0,0.0,-1460648.31,fmifiit_fmioi,0.0,0.0,0.0,0.0,0,no_ps_link,20
MBF,UNESCO,20,2026,0.0,7631873.24,0.0,0.0,-7631873.24,fmifiit_fmioi,0.0,0.0,0.0,0.0,0,no_ps_link,20
OPF,UNESCO,20,2026,0.0,1590866.11,0.0,0.0,-1590866.11,fmifiit_fmioi,0.0,0.0,0.0,0.0,0,no_ps_link,20
PFF,UNESCO,20,2026,0.0,27587714.68,0.0,0.0,-27587714.68,fmifiit_fmioi,0.0,0.0,0.0,0.0,0,no_ps_link,20
507INT1005,UNE,PC,2026,0.0,410.44,0.0,0.0,-410.44,fmifiit_fmioi,2152425.27,-1298936.49,0.0,3451361.76,1,2,10'
406SRL1000,NDL,TC,2026,0.0,41500.0,91900.0,111353.13,-111353.13,fmavct_kbfc,60000.0,-22700.0,0.0,82700.0,1,2,11|20
570IVC1000,ABJ,20,2026,0.0,16138.41,137806.05,105977.07,-105977.07,fmavct_kbfc,804748.44,440555.69,25068.64,339124.11,8,2,20
473SYR4001,EPR,TC,2026,0.0,13041.0,21000.0,90349.99,-90349.99,fmavct_kbfc,1798242.06,-636332.0,17250.0,2417324.06,10,2,10'|11|13|50
221LEB5000,BEI,TC,2026,6261.28,70314.27,281786.02,6766.76,-505.48,fmavct_kbfc,875740.0,-120679.42,14089.45,982329.97,37,2,10'|11|13|20|40|50
3230833851,KNS,40,2026,0.0,477.0,45023.96,0.0,-45500.96,fmifiit_fmioi,0.0,0.0,0.0,0.0,0,no_ps_link,40
181GLO3041,YSS,TC,2026,0.0,21613.86,562154.6,0.0,-583768.46,fmifiit_fmioi,597081.65,23926.8,51246.44,521908.41,34,2,20
3230875011,BRZ,10',2026,64.03,7530.05,0.0,0.0,-7466.02,fmifiit_fmioi,0.0,0.0,0.0,0.0,0,no_ps_link,10'
633CRP5510,BEI,20,2026,0.0,1137.36,12348.48,0.0,-13485.84,fmifiit_fmioi,0.0,0.0,0.0,0.0,0,no_ps_link,20
A230542011,ABJ,40,2026,1729.19,2227.24,10187.35,0.0,-10685.4,fmifiit_fmioi,0.0,0.0,0.0,0.0,0,no_ps_link,40
A230542011,ABJ,50,2026,42.72,20421.19,50309.98,0.0,-70688.45,fmifiit_fmioi,0.0,0.0,0.0,0.0,0,no_ps_link,50
570IVC1000,ABJ,50,2026,0.0,1644.57,7291.14,850.07,-850.07,fmavct_kbfc,804748.44,440555.69,25068.64,339124.11,8,2,50
310GLO4000,MCO,20,2026,0.0,45211.17,817513.03,0.0,-862724.2,fmifiit_fmioi,1619867.01,-59297.97,0.0,1679164.98,25,2,20
938MOR4005,RAB,20,2026,0.0,44565.0,58398.79,133355.21,-133355.21,fmavct_kbfc,129484.96,343406.99,12300.0,-226222.03,1,1,20
235MNE4001,SAR,20,2026,0.0,23025.14,413533.46,0.0,-436558.6,fmifiit_fmioi,1061100.0,-182319.1,29400.0,1214019.1,33,2,20
3210661052,IDT,11,2026,0.0,10677.02,21907.62,0.0,-32584.64,fmifiit_fmioi,0.0,0.0,0.0,0.0,0,no_ps_link,11
3230875061,KNG,10',2026,0.0,5678.4,0.0,0.0,-5678.4,fmifiit_fmioi,0.0,0.0,0.0,0.0,0,no_ps_link,10'
3210461022,ATD,30,2026,0.0,2453.7,0.0,0.0,-2453.7,fmifiit_fmioi,0.0,0.0,0.0,0.0,0,no_ps_link,30
3210131011,ESD,10',2026,0.0,610.97,0.0,0.0,-610.97,fmifiit_fmioi,0.0,0.0,0.0,0.0,0,no_ps_link,10'
32101D1011,ESD,10',2026,0.0,9.99,0.0,0.0,-9.99,fmifiit_fmioi,0.0,0.0,0.0,0.0,0,no_ps_link,10'
3110111111,SCX,BRSTAT,2026,0.0,115.92,0.0,0.0,-115.92,fmifiit_fmioi,0.0,0.0,0.0,0.0,0,no_ps_link,BRSTAT
3110111111,SCX,13,2026,9413.67,1924.08,0.0,0.0,7489.59,fmifiit_fmioi,0.0,0.0,0.0,0.0,0,no_ps_link,13
3110111111,SCX,CDSP,2026,0.0,115.92,0.0,0.0,-115.92,fmifiit_fmioi,0.0,0.0,0.0,0.0,0,no_ps_link,CDSP
3210251032,PBS,13,2026,0.0,343.98,0.0,0.0,-343.98,fmifiit_fmioi,0.0,0.0,0.0,0.0,0,no_ps_link,13
633TFC7349,RAM,13,2026,0.0,273.56,0.0,0.0,-273.56,fmifiit_fmioi,0.0,0.0,0.0,0.0,0,no_ps_link,13
185REN0001,HQD,GAINS,2026,0.0,120298.39,0.0,0.0,-120298.39,fmifiit_fmioi,27833227.77,3950848.13,3205792.81,20676586.83,6,2,GAINS
680DBS3201,DBS,40,2026,78.4,9052.03,100016.92,0.0,-108990.55,fmifiit_fmioi,0.0,0.0,0.0,0.0,0,no_ps_link,40
3210151031,TED,10',2026,0.0,2335.5,0.0,0.0,-2335.5,fmifiit_fmioi,0.0,0.0,0.0,0.0,0,no_ps_link,10'
680ADM4102,ADM,50,2026,3563.6,3187.45,0.0,0.0,376.15,fmifiit_fmioi,0.0,0.0,0.0,0.0,0,no_ps_link,50
3210131022,GCP,50,2026,19854.1,3334.56,9698.28,0.0,6821.26,fmifiit_fmioi,0.0,0.0,0.0,0.0,0,no_ps_link,50
A210121011,AGI,20,2026,250.82,0.0,0.0,0.0,250.82,fmifiit_fmioi,0.0,0.0,0.0,0.0,0,no_ps_link,20
A310611031,OPS,20,2026,0.0,16383.69,33552.81,0.0,-49936.5,fmifiit_fmioi,0.0,0.0,0.0,0.0,0,no_ps_link,20
495GLO1057,EME,TC,2026,16597.63,141964.57,106989.74,0.0,-232356.68,fmifiit_fmioi,1087172.36,-405590.33,0.0,1492762.69,3,2,10'|11|13|20|40|50
511IES4595,IES,11,2026,0.0,1000.0,371678.0,0.0,-372678.0,fmifiit_fmioi,0.0,0.0,0.0,0.0,0,no_ps_link,11
823GLO0004,BFM,20,2026,0.0,7067.22,27858.76,134581.09,-134581.09,fmavct_kbfc,139808.57,-116020.86,0.0,255829.43,2,2,20
2210215141,MXC,10',2026,47.31,4171.82,0.0,0.0,-4124.51,fmifiit_fmioi,0.0,0.0,0.0,0.0,0,no_ps_link,10'
3230874181,KAB,10',2026,69.45,1900.0,0.0,0.0,-1830.55,fmifiit_fmioi,0.0,0.0,0.0,0.0,0,no_ps_link,10'
529AUL1000,GCP,REVENUE,2026,150000.0,0.0,0.0,0.0,150000.0,fmifiit_fmioi,275229.36,-133985.65,9000.0,400215.01,5,4,REVENUE
549RER2023,VNI,REVENUE,2026,397956.88,0.0,0.0,0.0,397956.88,fmifiit_fmioi,1051964.0,-341447.0,0.0,1393411.0,35,4,REVENUE
580GLO4002,WHC,REVENUE,2026,197380.0,0.0,0.0,0.0,197380.0,fmifiit_fmioi,389384.0,-101579.15,0.0,490963.15,1,4,REVENUE
633CRP1890,FLI,11,2026,0.0,6000.0,28000.0,0.0,-34000.0,fmifiit_fmioi,0.0,0.0,0.0,0.0,0,no_ps_link,11
633CRP1341,MXC,20,2026,0.0,1249.43,4739.58,0.0,-5989.01,fmifiit_fmioi,0.0,0.0,0.0,0.0,0,no_ps_link,20
A230545021,GUC,20,2026,0.0,2141.67,4866.6,0.0,-7008.27,fmifiit_fmioi,0.0,0.0,0.0,0.0,0,no_ps_link,20
3210165052,STG,11,2026,0.0,4066.34,87127.82,0.0,-91194.16,fmifiit_fmioi,0.0,0.0,0.0,0.0,0,no_ps_link,11
633CRP1119,DHA,50,2026,0.0,112.46,0.0,0.0,-112.46,fmifiit_fmioi,0.0,0.0,0.0,0.0,0,no_ps_link,50
A230544051,DHA,50,2026,0.0,2360.8,5733.6,0.0,-8094.4,fmifiit_fmioi,0.0,0.0,0.0,0.0,0,no_ps_link,50
A230574111,DHA,50,2026,0.0,190.74,0.0,0.0,-190.74,fmifiit_fmioi,0.0,0.0,0.0,0.0,0,no_ps_link,50
633CRP7319,DHA,50,2026,0.0,1112.1,0.0,0.0,-1112.1,fmifiit_fmioi,0.0,0.0,0.0,0.0,0,no_ps_link,50
3210114033,DHA,50,2026,0.0,6.48,0.0,0.0,-6.48,fmifiit_fmioi,0.0,0.0,0.0,0.0,0,no_ps_link,50
185GEF0006,KAB,50,2026,0.0,1900.96,0.0,0.0,-1900.96,fmifiit_fmioi,0.0,0.0,0.0,0.0,0,no_ps_link,50
A230543021,BAG,50,2026,0.0,8355.21,20248.03,0.0,-28603.24,fmifiit_fmioi,0.0,0.0,0.0,0.0,0,no_ps_link,50
633CRP7308,BAG,50,2026,0.0,18.32,2281.56,0.0,-2299.88,fmifiit_fmioi,0.0,0.0,0.0,0.0,0,no_ps_link,50
185GEF0006,DOH,50,2026,0.0,1857.24,0.0,0.0,-1857.24,fmifiit_fmioi,0.0,0.0,0.0,0.0,0,no_ps_link,50
A230543061,KHA,50,2026,0.0,2132.95,1728.91,0.0,-3861.86,fmifiit_fmioi,0.0,0.0,0.0,0.0,0,no_ps_link,50
3230873041,BAG,20,2026,0.0,5464.92,30691.36,0.0,-36156.28,fmifiit_fmioi,0.0,0.0,0.0,0.0,0,no_ps_link,20
3230873031,BAG,20,2026,0.0,2255.64,18045.12,0.0,-20300.76,fmifiit_fmioi,0.0,0.0,0.0,0.0,0,no_ps_link,20
32101B3021,BAG,20,2026,0.0,1278.08,7146.6,0.0,-8424.68,fmifiit_fmioi,0.0,0.0,0.0,0.0,0,no_ps_link,20
633CRP7308,BAG,20,2026,0.0,1120.59,123719.67,0.0,-124840.26,fmifiit_fmioi,0.0,0.0,0.0,0.0,0,no_ps_link,20
3230834051,BAG,20,2026,0.0,6944.55,121912.38,0.0,-128856.93,fmifiit_fmioi,0.0,0.0,0.0,0.0,0,no_ps_link,20
3210644031,JAK,20,2026,0.0,1500.0,43947.08,0.0,-45447.08,fmifiit_fmioi,0.0,0.0,0.0,0.0,0,no_ps_link,20
454USL9001,USL,20,2026,0.0,21018.4,1379727.14,0.0,-1400745.54,fmifiit_fmioi,0.0,-35582.8,0.0,35582.8,1,2,20
A230542211,WIN,50,2026,0.0,2536.41,7619.01,0.0,-10155.42,fmifiit_fmioi,0.0,0.0,0.0,0.0,0,no_ps_link,50
A230542061,BAM,40,2026,0.0,7267.94,14502.1,0.0,-21770.04,fmifiit_fmioi,0.0,0.0,0.0,0.0,0,no_ps_link,40
185GEF0006,TEH,50,2026,0.0,15.04,0.0,0.0,-15.04,fmifiit_fmioi,0.0,0.0,0.0,0.0,0,no_ps_link,50
633CRP7304,ADI,50,2026,0.0,96.02,0.0,0.0,-96.02,fmifiit_fmioi,0.0,0.0,0.0,0.0,0,no_ps_link,50
680BSP3201,BSP,20,2026,0.0,10000.0,71265.94,0.0,-81265.94,fmifiit_fmioi,0.0,0.0,0.0,0.0,0,no_ps_link,20
3210455031,KNG,20,2026,0.0,260.0,22960.0,0.0,-23220.0,fmifiit_fmioi,0.0,0.0,0.0,0.0,0,no_ps_link,20
3210655081,KNG,20,2026,0.0,1765.08,74691.34,0.0,-76456.42,fmifiit_fmioi,0.0,0.0,0.0,0.0,0,no_ps_link,20
3210251091,PBS,50,2026,0.0,8.62,0.0,0.0,-8.62,fmifiit_fmioi,0.0,0.0,0.0,0.0,0,no_ps_link,50
3210415031,KNG,11,2026,0.0,1925.0,7922.0,0.0,-9847.0,fmifiit_fmioi,0.0,0.0,0.0,0.0,0,no_ps_link,11
634SAI9000,CLD,REVENUE,2026,857287.89,120676.35,0.0,0.0,736611.54,fmifiit_fmioi,0.0,0.0,0.0,0.0,0,no_ps_link,REVENUE
2230311032,AFR,13,2026,1182.87,0.0,0.0,0.0,1182.87,fmifiit_fmioi,0.0,0.0,0.0,0.0,0,no_ps_link,13
3230321011,AFR,13,2026,1179.85,0.0,0.0,0.0,1179.85,fmifiit_fmioi,0.0,0.0,0.0,0.0,0,no_ps_link,13
3230711051,CPE,13,2026,1060.24,0.0,0.0,0.0,1060.24,fmifiit_fmioi,0.0,0.0,0.0,0.0,0,no_ps_link,13
631BAM9002,CPE,13,2026,3384.62,5008.7,0.0,0.0,-1624.08,fmifiit_fmioi,0.0,0.0,0.0,0.0,0,no_ps_link,13
A230111011,PAX,13,2026,23529.18,0.0,0.0,0.0,23529.18,fmifiit_fmioi,0.0,0.0,0.0,0.0,0,no_ps_link,13
A230141011,AFR,13,2026,3180.72,0.0,0.0,0.0,3180.72,fmifiit_fmioi,0.0,0.0,0.0,0.0,0,no_ps_link,13
495GLO1055,HED,TC,2026,20760.83,89683.26,92674.95,0.0,-161597.38,fmifiit_fmioi,1885578.5,-708597.01,69923.0,2524252.51,9,2,10'|11|13|20|30|40|50
3210131022,GCP,13,2026,2256.41,3041.25,0.0,0.0,-784.84,fmifiit_fmioi,0.0,0.0,0.0,0.0,0,no_ps_link,13
503RAF1003,ABU,30,2026,159.07,0.0,0.0,0.0,159.07,fmifiit_fmioi,108793346.9,882751967.13,52092982.41,-826051602.64,178,3,30
632HQF9000,CPC,REVENUE,2026,0.0,53044.4,0.0,0.0,-53044.4,fmifiit_fmioi,0.0,0.0,0.0,0.0,0,no_ps_link,REVENUE
3230837112,QUI,50,2026,336.08,2117.85,16834.11,0.0,-18615.88,fmifiit_fmioi,0.0,0.0,0.0,0.0,0,no_ps_link,50
A230545091,QUI,50,2026,0.0,4010.17,11233.64,0.0,-15243.81,fmifiit_fmioi,0.0,0.0,0.0,0.0,0,no_ps_link,50
A230545091,QUI,40,2026,0.0,2000.76,4467.7,0.0,-6468.46,fmifiit_fmioi,0.0,0.0,0.0,0.0,0,no_ps_link,40
633CRP9003,BRU,REVENUE,2026,39320.1,0.0,0.0,0.0,39320.1,fmifiit_fmioi,375.0,-3197980.67,133.0,3198222.67,705,4,REVENUE
633CRP9003,NAI,REVENUE,2026,166409.33,0.0,0.0,0.0,166409.33,fmifiit_fmioi,375.0,-3197980.67,133.0,3198222.67,705,4,REVENUE
633CRP9003,DHE,REVENUE,2026,41189.15,0.0,0.0,0.0,41189.15,fmifiit_fmioi,375.0,-3197980.67,133.0,3198222.67,705,4,REVENUE
633CRP9003,IGE,REVENUE,2026,60255.0,0.0,0.0,0.0,60255.0,fmifiit_fmioi,375.0,-3197980.67,133.0,3198222.67,705,4,REVENUE
633CRP9003,LBV,REVENUE,2026,9079.7,0.0,0.0,0.0,9079.7,fmifiit_fmioi,375.0,-3197980.67,133.0,3198222.67,705,4,REVENUE
633CRP9003,LIM,REVENUE,2026,1559.5,0.0,0.0,0.0,1559.5,fmifiit_fmioi,375.0,-3197980.67,133.0,3198222.67,705,4,REVENUE
633CRP9003,YAO,REVENUE,2026,401853.33,0.0,0.0,0.0,401853.33,fmifiit_fmioi,375.0,-3197980.67,133.0,3198222.67,705,4,REVENUE
469GLO3004,SRP,11,2026,9330.0,6716.46,31027.24,84987.66,-75657.66,fmavct_kbfc,77422.83,21699.0,0.0,55723.83,1,2,11
633CRP9003,MTF,REVENUE,2026,36220.75,0.0,0.0,0.0,36220.75,fmifiit_fmioi,375.0,-3197980.67,133.0,3198222.67,705,4,REVENUE
469GLO3004,SRP,13,2026,6657.0,0.0,0.0,25497.36,-18840.36,fmavct_kbfc,77422.83,21699.0,0.0,55723.83,1,2,13
633CRP9003,OPC,REVENUE,2026,45234.0,0.0,0.0,0.0,45234.0,fmifiit_fmioi,375.0,-3197980.67,133.0,3198222.67,705,4,REVENUE
469GLO3002,HRS,11,2026,5772.0,1145.48,40387.22,11366.7,-5594.7,fmavct_kbfc,177846.05,-136740.44,0.0,314586.49,1,2,11
633CRP9003,IRD,REVENUE,2026,12193.0,0.0,0.0,0.0,12193.0,fmifiit_fmioi,375.0,-3197980.67,133.0,3198222.67,705,4,REVENUE
469GLO3002,HRS,13,2026,1134.0,6365.66,0.0,44223.31,-43089.31,fmavct_kbfc,177846.05,-136740.44,0.0,314586.49,1,2,13
633CRP9003,TAS,REVENUE,2026,56443.94,0.0,0.0,0.0,56443.94,fmifiit_fmioi,375.0,-3197980.67,133.0,3198222.67,705,4,REVENUE
633CRP9003,ACR,REVENUE,2026,100307.8,0.0,0.0,0.0,100307.8,fmifiit_fmioi,375.0,-3197980.67,133.0,3198222.67,705,4,REVENUE
633CRP9003,DOH,REVENUE,2026,16398.0,0.0,0.0,0.0,16398.0,fmifiit_fmioi,375.0,-3197980.67,133.0,3198222.67,705,4,REVENUE
633CRP9003,BGK,REVENUE,2026,470661.55,0.0,0.0,0.0,470661.55,fmifiit_fmioi,375.0,-3197980.67,133.0,3198222.67,705,4,REVENUE
570GLO3018,INC,PC,2026,1825.5,0.0,57894.15,833.33,992.17,fmavct_kbfc,732673.56,-114806.94,0.0,847480.5,8,4,11|13
469GLO1007,IPS,11,2026,4665.0,0.0,14051.52,60417.27,-55752.27,fmavct_kbfc,726775.63,-440479.63,0.0,1167255.26,1,2,11
633CRP9003,EEO,REVENUE,2026,8851.61,0.0,0.0,0.0,8851.61,fmifiit_fmioi,375.0,-3197980.67,133.0,3198222.67,705,4,REVENUE
570GLO1033,E30,PC,2026,17576.99,14404.58,149245.52,1894.74,15682.25,fmavct_kbfc,395851.16,3822384.73,0.0,-3426533.57,6,3,10'|11|13
633CRP9003,DAK,REVENUE,2026,119461.47,0.0,0.0,0.0,119461.47,fmifiit_fmioi,375.0,-3197980.67,133.0,3198222.67,705,4,REVENUE
633CRP9003,NDL,REVENUE,2026,41520.0,0.0,0.0,0.0,41520.0,fmifiit_fmioi,375.0,-3197980.67,133.0,3198222.67,705,4,REVENUE
633CRP9003,DAR,REVENUE,2026,7933.84,0.0,0.0,0.0,7933.84,fmifiit_fmioi,375.0,-3197980.67,133.0,3198222.67,705,4,REVENUE
235GBS5000,DAK,PC,2026,15509.48,4000.0,96200.0,0.0,-84690.52,fmifiit_fmioi,1859756.48,720627.83,88966.08,1050162.57,34,2,11
518GLO4001,WHC,PC,2026,1512.0,0.0,0.0,220.32,1291.68,fmavct_kbfc,248788.96,41491.9,0.0,207297.06,3,4,13
633CRP9003,WHC,REVENUE,2026,10590.34,0.0,0.0,0.0,10590.34,fmifiit_fmioi,375.0,-3197980.67,133.0,3198222.67,705,4,REVENUE
633CRP9003,DHA,REVENUE,2026,35248.9,0.0,0.0,0.0,35248.9,fmifiit_fmioi,375.0,-3197980.67,133.0,3198222.67,705,4,REVENUE
567TUR2000,VNI,TC,2026,181.98,0.0,58710.52,13873.04,-13691.06,fmavct_kbfc,1887314.0,11320.45,0.0,1875993.55,15,2,11
633CRP9003,VNI,REVENUE,2026,181.98,0.0,0.0,0.0,181.98,fmifiit_fmioi,375.0,-3197980.67,133.0,3198222.67,705,4,REVENUE
570RAB2000,BEI,TC,2026,7824.06,47861.5,349054.5,96017.0,-88192.94,fmavct_kbfc,458623.84,25538.0,18660.5,414425.34,5,2,11|20
633CRP9003,BEI,REVENUE,2026,14081.82,0.0,0.0,0.0,14081.82,fmifiit_fmioi,375.0,-3197980.67,133.0,3198222.67,705,4,REVENUE
185GEF0006,KNS,50,2026,0.0,6931.0,0.0,0.0,-6931.0,fmifiit_fmioi,0.0,0.0,0.0,0.0,0,no_ps_link,50
633TFC7304,ADI,50,2026,0.0,2.14,0.0,0.0,-2.14,fmifiit_fmioi,0.0,0.0,0.0,0.0,0,no_ps_link,50
633CRP5123,HAR,50,2026,80.86,836.54,0.0,0.0,-755.68,fmifiit_fmioi,0.0,0.0,0.0,0.0,0,no_ps_link,50
196DIP4042,WHC,REVENUE,2026,44111.56,7583.68,0.0,0.0,36527.88,fmifiit_fmioi,173105.82,-10636.68,0.0,183742.5,2,4,REVENUE
196DIP4043,WHC,REVENUE,2026,44111.56,41228.33,0.0,0.0,2883.23,fmifiit_fmioi,16225.75,-44111.56,0.0,60337.31,2,4,REVENUE
196PER4042,WHC,REVENUE,2026,122886.75,0.0,0.0,0.0,122886.75,fmifiit_fmioi,181865.02,-12088.45,0.0,193953.47,7,4,REVENUE
196EVA4042,WHC,REVENUE,2026,81986.87,0.0,0.0,0.0,81986.87,fmifiit_fmioi,1284715.31,-54418.01,0.0,1339133.32,1,4,REVENUE
196EVA4043,WHC,REVENUE,2026,287335.81,0.0,0.0,0.0,287335.81,fmifiit_fmioi,51623.0,-130657.66,0.0,182280.66,1,4,REVENUE
196EAR4042,WHC,REVENUE,2026,12659625.38,0.0,0.0,0.0,12659625.38,fmifiit_fmioi,20448720.09,3583388.04,435133.07,16430198.98,139,4,REVENUE
513INT4001,HAR,REVENUE,2026,9084.06,0.0,0.0,0.0,9084.06,fmifiit_fmioi,807624.88,21216.97,0.0,786407.91,20,4,REVENUE
513BEL9091,BFM,REVENUE,2026,609395.07,0.0,0.0,0.0,609395.07,fmifiit_fmioi,0.0,-1068655.12,0.0,1068655.12,1,4,REVENUE
513RAF4012,WHC,REVENUE,2026,41321.55,0.0,0.0,0.0,41321.55,fmifiit_fmioi,0.0,41321.55,0.0,-41321.55,4,3,REVENUE
513RER4003,WHC,REVENUE,2026,6454.24,0.0,0.0,0.0,6454.24,fmifiit_fmioi,0.0,6454.24,0.0,-6454.24,10,3,REVENUE
513GLO2048,IOC,REVENUE,2026,29432.36,0.0,0.0,0.0,29432.36,fmifiit_fmioi,758046.89,90068.39,0.0,667978.5,19,4,REVENUE
513BEL9090,BFM,REVENUE,2026,18990.2,1300461.65,0.0,0.0,-1281471.45,fmifiit_fmioi,0.0,-1648642.87,0.0,1648642.87,1,2,REVENUE
469GLO1003,BAS,REVENUE,2026,189131.78,0.0,0.0,0.0,189131.78,fmifiit_fmioi,682983.99,-439461.05,0.0,1122445.04,2,4,REVENUE
473SUD9000,BSP,REVENUE,2026,188810.0,0.0,0.0,0.0,188810.0,fmifiit_fmioi,0.0,0.0,0.0,0.0,1,4,REVENUE
655REV9000,UNESCO,REVENUE,2026,539812.64,0.0,0.0,0.0,539812.64,fmifiit_fmioi,0.0,-865980.07,0.0,865980.07,1,4,REVENUE
633TFC7349,RAM,50,2026,0.0,11.78,516.36,0.0,-528.14,fmifiit_fmioi,0.0,0.0,0.0,0.0,0,no_ps_link,50
664LIB0001,BFC,10',2026,163.02,7231.5,0.0,209892.94,-209729.92,fmavct_kbfc,497752.71,4409.79,0.0,493342.92,1,2,10'
A230542061,BAM,50,2026,0.0,3750.4,21289.06,0.0,-25039.46,fmifiit_fmioi,0.0,0.0,0.0,0.0,0,no_ps_link,50
185GEF0006,NAI,50,2026,0.0,66.62,0.0,0.0,-66.62,fmifiit_fmioi,0.0,0.0,0.0,0.0,0,no_ps_link,50
3210631061,MDE,50,2026,2858.98,0.0,1830.24,0.0,1028.74,fmifiit_fmioi,0.0,0.0,0.0,0.0,0,no_ps_link,50
633CRP7351,STG,50,2026,0.0,110.71,15896.42,0.0,-16007.13,fmifiit_fmioi,0.0,0.0,0.0,0.0,0,no_ps_link,50
3230837131,STG,40,2026,0.0,395.6,67125.14,0.0,-67520.74,fmifiit_fmioi,0.0,0.0,0.0,0.0,0,no_ps_link,40
A210121021,OPC,40,2026,6131.79,0.0,0.0,0.0,6131.79,fmifiit_fmioi,0.0,0.0,0.0,0.0,0,no_ps_link,40
650RER4003,VNI,TC,2026,91.4,847.2,0.0,20482.1,-20390.7,fmavct_kbfc,155574.0,896.2,0.0,154677.8,5,2,10'|50
669ICT9002,BKI,REVENUE,2026,245690.49,477007.0,0.0,0.0,-231316.51,fmifiit_fmioi,0.0,0.0,0.0,0.0,0,no_ps_link,REVENUE
680BSP3201,BSP,50,2026,204.99,0.0,409.92,0.0,-204.93,fmifiit_fmioi,0.0,0.0,0.0,0.0,0,no_ps_link,50
680DBS3301,DBS,50,2026,355.26,0.0,33066.76,0.0,-32711.5,fmifiit_fmioi,0.0,0.0,0.0,0.0,0,no_ps_link,50
680DBS3201,DBS,50,2026,355.26,0.0,379.28,0.0,-24.02,fmifiit_fmioi,0.0,0.0,0.0,0.0,0,no_ps_link,50
680BSP3301,BSP,40,2026,179.89,6148.36,30207.32,0.0,-36175.79,fmifiit_fmioi,0.0,0.0,0.0,0.0,0,no_ps_link,40
680BSP3201,BSP,40,2026,179.89,0.0,48049.6,0.0,-47869.71,fmifiit_fmioi,0.0,0.0,0.0,0.0,0,no_ps_link,40
680BSP3101,BSP,40,2026,179.88,0.0,59186.42,0.0,-59006.54,fmifiit_fmioi,0.0,0.0,0.0,0.0,0,no_ps_link,40
680DBS3301,DBS,40,2026,117.21,58.26,39938.54,0.0,-39879.59,fmifiit_fmioi,0.0,0.0,0.0,0.0,0,no_ps_link,40
631BAM9002,CPE,REVENUE,2026,467114.83,0.0,0.0,0.0,467114.83,fmifiit_fmioi,0.0,0.0,0.0,0.0,0,no_ps_link,REVENUE
2210131032,IPS,40,2026,641.03,0.0,991.74,0.0,-350.71,fmifiit_fmioi,0.0,0.0,0.0,0.0,0,no_ps_link,40
3210221062,HYD,50,2026,125.15,0.0,0.0,0.0,125.15,fmifiit_fmioi,0.0,0.0,0.0,0.0,0,no_ps_link,50
3210421051,HEO,40,2026,3285.87,0.0,0.0,0.0,3285.87,fmifiit_fmioi,0.0,0.0,0.0,0.0,0,no_ps_link,40
503GLO4004,DCE,40,2026,6494.84,2524.06,10096.24,0.0,-6125.46,fmifiit_fmioi,7147264.51,318403.6,0.0,6828860.91,79,2,40
564ITE0058,ITE,50,2026,372.57,3633.18,7739.84,0.0,-11000.45,fmifiit_fmioi,0.0,0.0,0.0,0.0,0,no_ps_link,50
637FOR9001,ERI,50,2026,0.0,41762.16,0.0,0.0,-41762.16,fmifiit_fmioi,0.0,0.0,0.0,0.0,0,no_ps_link,50
570PER1004,LIM,50,2026,0.0,740.8,46142.51,263511.04,-263511.04,fmavct_kbfc,2479710.7,66787.82,940.46,2411982.42,1,2,50
640CDL9000,TCD,REVENUE,2026,0.0,66824.56,0.0,0.0,-66824.56,fmifiit_fmioi,0.0,0.0,0.0,0.0,0,no_ps_link,REVENUE
406INT9099,DCO,REVENUE,2026,0.0,19494.58,0.0,0.0,-19494.58,fmifiit_fmioi,0.0,609250.48,0.0,-609250.48,1,1,REVENUE
3230837471,KNG,11,2026,0.0,1094.44,4263.04,0.0,-5357.48,fmifiit_fmioi,0.0,0.0,0.0,0.0,0,no_ps_link,11
A230574131,BGK,20,2026,0.0,11810.35,27395.35,0.0,-39205.7,fmifiit_fmioi,0.0,0.0,0.0,0.0,0,no_ps_link,20
261SWZ3000,HAR,50,2026,0.0,4.4,3175.98,138482.14,-138482.14,fmavct_kbfc,266986.88,134565.75,0.0,132421.13,8,2,50
633CRP7323,HAR,50,2026,0.0,640.0,0.0,0.0,-640.0,fmifiit_fmioi,0.0,0.0,0.0,0.0,0,no_ps_link,50
633CRP2123,HAR,50,2026,0.0,3547.5,0.0,0.0,-3547.5,fmifiit_fmioi,0.0,0.0,0.0,0.0,0,no_ps_link,50
633TFC7323,HAR,50,2026,0.0,2891.96,9351.1,0.0,-12243.06,fmifiit_fmioi,0.0,0.0,0.0,0.0,0,no_ps_link,50
633CRP1323,HAR,50,2026,0.0,714.4,0.0,0.0,-714.4,fmifiit_fmioi,0.0,0.0,0.0,0.0,0,no_ps_link,50
633CRP4123,HAR,50,2026,0.0,1006.4,750.0,0.0,-1756.4,fmifiit_fmioi,0.0,0.0,0.0,0.0,0,no_ps_link,50
631BAM9002,CPE,40,2026,0.0,45243.23,600387.75,0.0,-645630.98,fmifiit_fmioi,0.0,0.0,0.0,0.0,0,no_ps_link,40
3230872191,HAR,50,2026,0.0,325.0,0.0,0.0,-325.0,fmifiit_fmioi,0.0,0.0,0.0,0.0,0,no_ps_link,50
3210641082,UAI,10',2026,5.54,0.0,0.0,0.0,5.54,fmifiit_fmioi,0.0,0.0,0.0,0.0,0,no_ps_link,10'
A230542201,NDJ,40,2026,0.0,212.84,8255.64,0.0,-8468.48,fmifiit_fmioi,0.0,0.0,0.0,0.0,0,no_ps_link,40
3210651091,MIL,10',2026,714.65,6946.17,0.0,0.0,-6231.52,fmifiit_fmioi,0.0,0.0,0.0,0.0,0,no_ps_link,10'
503RAF2007,IOC,10',2026,103.28,5303.0,0.0,0.0,-5199.72,fmifiit_fmioi,649576.18,82559.42,0.0,567016.76,27,2,10'
3230855151,TEH,50,2026,0.0,117.0,17679.62,0.0,-17796.62,fmifiit_fmioi,0.0,0.0,0.0,0.0,0,no_ps_link,50
3320121041,DBS,40,2026,0.0,15078.7,1179182.66,0.0,-1194261.36,fmifiit_fmioi,0.0,0.0,0.0,0.0,0,no_ps_link,40
669ICT9002,BKI,40,2026,0.0,153531.13,3120070.78,0.0,-3273601.91,fmifiit_fmioi,0.0,0.0,0.0,0.0,0,no_ps_link,40
526MAG2000,NAI,50,2026,0.0,2154.27,63740.66,96158.49,-96158.49,fmavct_kbfc,6212086.17,17039527.48,0.0,-10827441.31,44,1,50
633CRP7346,POP,40,2026,0.0,4081.2,60504.4,0.0,-64585.6,fmifiit_fmioi,0.0,0.0,0.0,0.0,0,no_ps_link,40
633CRP4146,POP,20,2026,0.0,282.5,320.0,0.0,-602.5,fmifiit_fmioi,0.0,0.0,0.0,0.0,0,no_ps_link,20
235BIH5000,SAR,REVENUE,2026,780371.0,0.0,0.0,0.0,780371.0,fmifiit_fmioi,1287000.0,-773792.27,0.0,2060792.27,33,4,REVENUE
218GUA5000,GUC,REVENUE,2026,132727.0,0.0,0.0,0.0,132727.0,fmifiit_fmioi,1232669.16,34088.44,0.0,1198580.72,33,4,REVENUE
185GEF0006,GUC,50,2026,0.0,409.0,0.0,0.0,-409.0,fmifiit_fmioi,0.0,0.0,0.0,0.0,0,no_ps_link,50
A230542051,TNR,50,2026,0.0,202.34,0.0,0.0,-202.34,fmifiit_fmioi,0.0,0.0,0.0,0.0,0,no_ps_link,50
631PAV9000,CPE,REVENUE,2026,667.55,12797.33,0.0,0.0,-12129.78,fmifiit_fmioi,0.0,0.0,0.0,0.0,0,no_ps_link,REVENUE
632HQF9000,SEC,REVENUE,2026,0.0,591.19,0.0,0.0,-591.19,fmifiit_fmioi,0.0,0.0,0.0,0.0,0,no_ps_link,REVENUE
A230542071,BRV,40,2026,0.0,2678.57,2319.88,0.0,-4998.45,fmifiit_fmioi,0.0,0.0,0.0,0.0,0,no_ps_link,40
A230542071,BRV,50,2026,0.0,7512.41,21384.92,0.0,-28897.33,fmifiit_fmioi,0.0,0.0,0.0,0.0,0,no_ps_link,50
3210441091,SHS,30,2026,2506.4,1194.47,0.0,0.0,1311.93,fmifiit_fmioi,0.0,0.0,0.0,0.0,0,no_ps_link,30
OPF,UNESCO,50,2026,0.0,392035.22,0.0,0.0,-392035.22,fmifiit_fmioi,0.0,0.0,0.0,0.0,0,no_ps_link,50
727AFG1000,KAB,40,2026,0.0,4387.8,142418.32,53388.84,-53388.84,fmavct_kbfc,17580399.0,991612.42,41525.0,16547261.58,53,2,40
181GLO9000,BFM,REVENUE,2026,186297.71,0.0,0.0,0.0,186297.71,fmifiit_fmioi,0.0,-228710.85,0.0,228710.85,1,4,REVENUE
170GLO4042,MHM,REVENUE,2026,369037.33,0.0,0.0,0.0,369037.33,fmifiit_fmioi,495257.51,481929.62,0.0,13327.89,11,4,REVENUE
469GLO3002,HRS,REVENUE,2026,150000.0,0.0,0.0,0.0,150000.0,fmifiit_fmioi,177846.05,-136740.44,0.0,314586.49,1,4,REVENUE
181GLO3041,YSS,80,2026,0.0,799.77,0.0,5796.4,-5796.4,fmavct_kbfc,597081.65,23926.8,51246.44,521908.41,34,2,80
680REV9000,UNESCO,REVENUE,2026,2832283.8,7829136.23,0.0,0.0,-4996852.43,fmifiit_fmioi,0.0,-34136967.9,0.0,34136967.9,1,2,REVENUE
181GLO3042,ATD,80,2026,0.0,3067.45,0.0,0.0,-3067.45,fmifiit_fmioi,4870228.84,303515.69,24500.0,4542213.15,36,2,80
181GLO3043,ATD,80,2026,0.0,21495.56,0.0,0.0,-21495.56,fmifiit_fmioi,2519265.0,161910.64,0.0,2357354.36,33,2,80
182GLO4042,DCE,80,2026,0.0,10132.96,0.0,177.92,-177.92,fmavct_kbfc,8311291.24,303892.69,224892.4,7782506.15,39,2,80
191AIP2043,IOC,80,2026,0.0,8144.26,0.0,2585.04,-2585.04,fmavct_kbfc,614482.87,67899.12,0.0,546583.75,8,2,80
191EWS2043,IOC,80,2026,0.0,5518.97,0.0,47273.73,-47273.73,fmavct_kbfc,1317012.6,110479.99,4475.0,1202057.61,8,2,80
191ICD2042,IOC,80,2026,0.0,1555.63,0.0,6896.73,-6896.73,fmavct_kbfc,1074596.94,43407690.05,50000.0,-42383093.11,9,1,80
191ICD2043,IOC,80,2026,0.0,11687.55,0.0,12453.21,-12453.21,fmavct_kbfc,1800972.13,1555307.48,13440.0,232224.65,14,2,80
191ORS2043,IOC,80,2026,0.0,5720.0,0.0,784995.61,-784995.61,fmavct_kbfc,781705.35,59233.78,0.0,722471.57,9,2,80
191OSD2043,IOC,80,2026,0.0,11693.87,0.0,0.0,-11693.87,fmifiit_fmioi,2103462.31,781127.01,579.0,1321756.3,20,2,80
191RCG2042,IOC,80,2026,0.0,745.04,0.0,5157.54,-5157.54,fmavct_kbfc,611803.55,21361953.18,0.0,-20750149.63,11,1,80
191RCG2043,IOC,80,2026,0.0,4119.14,0.0,0.0,-4119.14,fmifiit_fmioi,1182773.4,27210860.64,2237.89,-26030325.13,11,1,80
193EWS2042,PRT,80,2026,0.0,8.65,0.0,2438.62,-2438.62,fmavct_kbfc,630320.56,942642.69,0.0,-312322.13,1,1,80
193EWS2043,PRT,80,2026,0.0,10904.51,0.0,915.83,-915.83,fmavct_kbfc,388784.0,-297207.67,0.0,685991.67,1,2,80
193OPS2043,BRE,80,2026,0.0,884.26,0.0,0.0,-884.26,fmifiit_fmioi,156475.94,-68361.28,0.0,224837.22,7,2,80
193UND2042,IOC,80,2026,0.0,6573.84,0.0,0.0,-6573.84,fmifiit_fmioi,4276891.19,2370996.37,0.0,1905894.82,11,2,80
193UND2043,IOC,80,2026,0.0,13891.2,0.0,0.0,-13891.2,fmifiit_fmioi,2936570.1,-121677.02,2000.0,3056247.12,12,2,80
196EAR4042,WHC,80,2026,0.0,18347.34,0.0,9461.12,-9461.12,fmavct_kbfc,20448720.09,3583388.04,435133.07,16430198.98,139,2,80
199GLO4042,LHE,80,2026,0.0,589.54,0.0,0.0,-589.54,fmifiit_fmioi,11567.85,8422.0,25266.0,-22120.15,1,1,80
199GLO4250,LHE,80,2026,0.0,263.07,0.0,66620.05,-66620.05,fmavct_kbfc,34770.39,3758.08,0.0,31012.31,1,2,80
199GLO4642,LHE,80,2026,0.0,105.0,0.0,1132.31,-1132.31,fmavct_kbfc,24075.66,1500.0,0.0,22575.66,1,2,80
199GLO4943,LHE,80,2026,0.0,3096.78,0.0,0.0,-3096.78,fmifiit_fmioi,67698.64,-28581.73,0.0,96280.37,1,2,80
199PER4143,LHE,80,2026,0.0,2999.89,0.0,56140.24,-56140.24,fmavct_kbfc,58500.0,-120569.07,0.0,179069.07,1,2,80
201AFG1001,KAB,80,2026,0.0,41923.96,0.0,260295.54,-260295.54,fmavct_kbfc,4941745.28,731232.23,0.0,4210513.05,10,2,80
201AFG1002,KAB,80,2026,0.0,41465.88,0.0,579884.49,-579884.49,fmavct_kbfc,18627081.21,224929.44,10784.0,18391367.77,42,2,80
201BGD1001,DHA,80,2026,0.0,13781.14,0.0,2089821.5,-2089821.5,fmavct_kbfc,9647985.09,44162771.48,23992487.86,-58507274.25,27,1,80
201CMR1004,YAO,80,2026,0.0,24162.24,0.0,232686.72,-232686.72,fmavct_kbfc,7262552.39,-304261.9,0.0,7566814.29,23,2,80
201GUA1001,GUC,80,2026,0.0,25764.82,0.0,11874.35,-11874.35,fmavct_kbfc,3998873.4,132599.82,6394.94,3859878.64,65,2,80
201LEB1002,BEI,80,2026,0.0,31733.09,0.0,158.76,-158.76,fmavct_kbfc,6900544.02,694126.85,3713.49,6202703.68,12,2,80
201SYR1000,BEI,80,2026,0.0,1862.59,0.0,0.0,-1862.59,fmifiit_fmioi,553560.0,1592.68,1685.29,550282.03,4,2,80
201ZIM1002,HAR,80,2026,0.0,36606.57,0.0,0.0,-36606.57,fmifiit_fmioi,6692558.65,-1311640.41,609.47,8003589.59,18,2,80
213GLO2018,IOC,80,2026,0.0,498.88,0.0,0.0,-498.88,fmifiit_fmioi,1215556.0,24956.8,0.0,1190599.2,34,2,80
213GLO2020,LIN,80,2026,0.0,4961.16,0.0,2782.77,-2782.77,fmavct_kbfc,2775208.38,-220340.68,0.0,2995549.06,44,2,80
213INT2004,HYD,80,2026,0.0,32617.0,0.0,1287.0,-1287.0,fmavct_kbfc,8195161.24,2013576.31,12518.58,6169066.35,98,2,80
213RAF2006,ABU,80,2026,0.0,1663.38,0.0,2550.55,-2550.55,fmavct_kbfc,127321.41,271123.0,0.0,-143801.59,1,1,80
213SAF2001,HAR,80,2026,0.0,6992.83,0.0,6889.5,-6889.5,fmavct_kbfc,1835058.18,248707.09,0.0,1586351.09,10,2,80
214MEX3000,MXC,80,2026,0.0,1635.61,0.0,45.87,-45.87,fmavct_kbfc,97352.02,115297.7,0.0,-17945.68,6,1,80
216CHI1000,STG,80,2026,0.0,700.35,0.0,0.0,-700.35,fmifiit_fmioi,57263.1,8595726.0,0.0,-8538462.9,5,1,80
216ZIM4000,HAR,80,2026,0.0,550.0,0.0,203.96,-203.96,fmavct_kbfc,2065765.08,225224.94,0.0,1840540.14,11,2,80
218BDI2000,YAO,80,2026,0.0,2937.75,0.0,2913.75,-2913.75,fmavct_kbfc,420560.74,298799.68,0.0,121761.06,8,2,80
218BDI5000,YAO,80,2026,0.0,4603.48,0.0,0.0,-4603.48,fmifiit_fmioi,1918239.24,-2969.91,155847.47,1765361.68,32,2,80
218BIH2001,SAR,80,2026,0.0,1730.59,0.0,9103.45,-9103.45,fmavct_kbfc,239437.38,-106290.6,4000.0,341727.98,8,2,80
218BRA2000,BRZ,80,2026,0.0,3788.42,0.0,0.0,-3788.42,fmifiit_fmioi,1847747.55,102377.32,45000.0,1700370.23,42,2,80
218BRA2001,BRZ,80,2026,0.0,4560.83,0.0,0.0,-4560.83,fmifiit_fmioi,7146885.4,203673.06,77000.0,6866212.34,21,2,80
218BRA2002,BRZ,80,2026,0.0,3303.41,0.0,4381.38,-4381.38,fmavct_kbfc,2382301.48,102723.77,0.0,2279577.71,6,2,80
218GUA5000,GUC,80,2026,0.0,6495.37,0.0,0.0,-6495.37,fmifiit_fmioi,1232669.16,34088.44,0.0,1198580.72,33,2,80
218HAI1000,POP,80,2026,0.0,43462.04,0.0,79677.0,-79677.0,fmavct_kbfc,15772429.92,4662578.1,3016093.18,8093758.64,28,2,80
218MAL4000,JAK,80,2026,0.0,424.35,0.0,0.0,-424.35,fmifiit_fmioi,285000.0,349314.55,0.0,-64314.55,17,1,80
218MAR2000,NAI,80,2026,0.0,4430.91,0.0,0.0,-4430.91,fmifiit_fmioi,1333629.16,404776.64,2400.0,926452.52,85,2,80
218MOZ1003,MAP,80,2026,0.0,8280.63,0.0,0.0,-8280.63,fmifiit_fmioi,8279309.95,6201988.18,1919631.48,157690.29,138,2,80
218PAL4000,RAM,80,2026,0.0,8531.02,0.0,56574.06,-56574.06,fmavct_kbfc,4515651.93,328395.8,32457.0,4154799.13,25,2,80
218RSS1000,NDL,80,2026,0.0,956.18,0.0,0.0,-956.18,fmifiit_fmioi,665747.68,190459.42,0.0,475288.26,101,2,80
218UZB1000,TAS,80,2026,0.0,18731.4,0.0,224.91,-224.91,fmavct_kbfc,11328822.42,928673372.22,6023860.62,-923368410.42,8,1,80
221CMB1001,PNP,80,2026,0.0,4869.43,0.0,71351.29,-71351.29,fmavct_kbfc,1403605.29,324149.18,47466.6,1031989.51,11,2,80
221JOR4000,AMN,80,2026,0.0,5492.67,0.0,25670.29,-25670.29,fmavct_kbfc,1346556.43,-94374.31,5952.3,1434978.44,47,2,80
221KEN2000,NAI,80,2026,0.0,9343.78,0.0,102379.2,-102379.2,fmavct_kbfc,9217393.92,12827091.52,221836.74,-3831534.34,27,1,80
221LIR1002,DAK,80,2026,0.0,2465.19,0.0,0.0,-2465.19,fmifiit_fmioi,113370.42,16219.45,13272.0,83878.97,3,2,80
221PHI5000,JAK,80,2026,0.0,1027.51,0.0,5877.87,-5877.87,fmavct_kbfc,65448.0,14678.65,0.0,50769.35,9,2,80
221PRC1001,BRV,80,2026,0.0,10269.65,0.0,281.22,-281.22,fmavct_kbfc,353483.3,969003.16,0.0,-615519.86,4,1,80
221PRC4000,BRV,80,2026,0.0,10026.98,0.0,1662.59,-1662.59,fmavct_kbfc,909745.8,13128.92,23202.35,873414.53,4,2,80
235BIH4002,SAR,80,2026,0.0,11980.81,0.0,0.0,-11980.81,fmifiit_fmioi,2763000.0,-339807.91,48173.46,3054634.45,33,2,80
235CMR5001,YAO,80,2026,0.0,1440.54,0.0,4413.02,-4413.02,fmavct_kbfc,354995.44,93599.91,12560.46,248835.07,42,2,80
235GBS1000,DAK,80,2026,0.0,1505.63,0.0,0.0,-1505.63,fmifiit_fmioi,538676.49,70250.71,4405.47,464020.31,33,2,80
235GBS5000,DAK,80,2026,0.0,4109.14,0.0,1731.0,-1731.0,fmavct_kbfc,1859756.48,720627.83,88966.08,1050162.57,34,2,80
235GUA1001,GUC,80,2026,0.0,5149.5,0.0,0.08,-0.08,fmavct_kbfc,1321126.8,415304.24,0.0,905822.56,119,2,80
235GUA1003,GUC,80,2026,0.0,5327.19,0.0,2183.52,-2183.52,fmavct_kbfc,1060185.0,215183.06,0.0,845001.94,49,2,80
235HAI1000,POP,80,2026,0.0,567.0,0.0,0.0,-567.0,fmifiit_fmioi,1387850.46,-100593.21,9729.17,1478714.5,41,2,80
235KYR5000,ATA,80,2026,0.0,270.61,0.0,34966.88,-34966.88,fmavct_kbfc,1043984.19,848240.72,0.0,195743.47,25,2,80
235KYR5001,ATA,80,2026,0.0,2400.22,0.0,3460.1,-3460.1,fmavct_kbfc,990000.0,129564.71,0.0,860435.29,41,2,80
235MAG2000,NAI,80,2026,0.0,8807.85,0.0,5693.68,-5693.68,fmavct_kbfc,1478490.25,2591323.29,173389.69,-1286222.73,60,1,80
235MAG5003,NAI,80,2026,0.0,4091.11,0.0,0.0,-4091.11,fmifiit_fmioi,1940741.0,1396790.83,47360.0,496590.17,54,2,80
235MLI1001,BAM,80,2026,0.0,8748.2,0.0,0.0,-8748.2,fmifiit_fmioi,955500.0,306536.36,238191.84,410771.8,41,2,80
235MNE4001,SAR,80,2026,0.0,5174.62,0.0,9235.22,-9235.22,fmavct_kbfc,1061100.0,-182319.1,29400.0,1214019.1,33,2,80
235RSS1001,JUB,80,2026,0.0,1650.9,0.0,0.0,-1650.9,fmifiit_fmioi,2295616.83,-72713.98,0.0,2368330.81,17,2,80
235RSS5000,JUB,80,2026,0.0,140.86,0.0,2237.34,-2237.34,fmavct_kbfc,1027315.5,58166.78,471.39,968677.33,12,2,80
235SRL3000,NDL,80,2026,0.0,2510.89,0.0,1188.81,-1188.81,fmavct_kbfc,1194412.0,5564228.65,29394.3,-4399210.95,16,1,80
251GLO2005,HYD,80,2026,0.0,4975.81,0.0,1815.16,-1815.16,fmavct_kbfc,1494977.39,-52922.61,0.0,1547900.0,60,2,80
257GLO1047,HAE,80,2026,0.0,11926.73,0.0,2554.22,-2554.22,fmavct_kbfc,8509532.72,44475433.99,2271832.25,-38237733.52,77,1,80
257GLO1048,HAE,80,2026,0.0,3276.83,0.0,4245.34,-4245.34,fmavct_kbfc,7904018.7,23170559.66,13300.0,-15279840.96,13,1,80
259RAS2000,JAK,80,2026,0.0,23073.67,0.0,335.05,-335.05,fmavct_kbfc,5272556.92,859047.38,28158.0,4385351.54,96,2,80
259ZAM1001,HAR,80,2026,0.0,4705.48,0.0,1024.4,-1024.4,fmavct_kbfc,2940965.72,1381636.9,0.0,1559328.82,59,2,80
261CMB5000,PNP,80,2026,0.0,546.3,0.0,6601.66,-6601.66,fmavct_kbfc,247126.74,28790.26,0.0,218336.48,8,2,80
261CMR3000,YAO,80,2026,0.0,4304.62,0.0,0.0,-4304.62,fmifiit_fmioi,634043.04,389284.28,0.0,244758.76,8,2,80
261PER1001,LIM,80,2026,0.0,1861.89,0.0,0.0,-1861.89,fmifiit_fmioi,373831.78,-138053.83,0.0,511885.61,8,2,80
261SWZ3000,HAR,80,2026,0.0,224.91,0.0,0.0,-224.91,fmifiit_fmioi,266986.88,134565.75,0.0,132421.13,8,2,80
261ZIM3001,HAR,80,2026,0.0,482.21,0.0,11788.5,-11788.5,fmavct_kbfc,678700.14,69367.69,0.0,609332.45,8,2,80
263JAM1000,KNG,80,2026,0.0,3382.06,0.0,0.0,-3382.06,fmifiit_fmioi,857760.38,2571581.66,0.0,-1713821.28,8,1,80
263KEN3000,NAI,80,2026,0.0,3256.33,0.0,87.3,-87.3,fmavct_kbfc,775000.0,4896852.8,1138500.0,-5260352.8,67,1,80
263KEN5000,NAI,80,2026,0.0,5020.85,0.0,0.0,-5020.85,fmifiit_fmioi,2018831.79,6500192.44,54966.68,-4536327.33,25,1,80
263ZIM2000,HAR,80,2026,0.0,3721.62,0.0,336.27,-336.27,fmavct_kbfc,1073248.62,147444.38,10000.0,915804.24,6,2,80
271AFG1002,KAB,80,2026,0.0,1592.65,0.0,0.0,-1592.65,fmifiit_fmioi,830669.32,70412.07,14000.0,746257.25,15,2,80
271AFG1003,KAB,80,2026,0.0,23148.18,0.0,3089.96,-3089.96,fmavct_kbfc,2660203.0,355589.12,121511.95,2183101.93,17,2,80
271AFG4005,KAB,80,2026,0.0,3871.91,0.0,49.18,-49.18,fmavct_kbfc,3080907.0,209006.4,0.0,2871900.6,17,2,80
271AFG5001,KAB,80,2026,0.0,1183.94,0.0,165.0,-165.0,fmavct_kbfc,1260440.53,80582.82,0.0,1179857.71,17,2,80
272GAB2000,LBV,80,2026,0.0,3020.13,0.0,0.0,-3020.13,fmifiit_fmioi,1399984.36,288597.37,0.0,1111386.99,11,2,80
273NEP2000,KAT,80,2026,0.0,1.33,0.0,1830.47,-1830.47,fmavct_kbfc,867619.0,-10651.47,0.0,878270.47,43,2,80
273RLA2000,EES,80,2026,0.0,1883.68,0.0,220091.57,-220091.57,fmavct_kbfc,1216842.0,27813.45,0.0,1189028.55,48,2,80
308GLO4142,DCE,80,2026,0.0,1443.88,0.0,3704.89,-3704.89,fmavct_kbfc,4940385.82,1755417.92,13200.0,3171767.9,48,2,80
308GLO4143,DCE,80,2026,0.0,15835.77,0.0,790.18,-790.18,fmavct_kbfc,5359695.35,-3206223.47,0.0,8565918.82,46,2,80
309INT1010,PEQ,80,2026,0.0,4607.29,0.0,125.0,-125.0,fmavct_kbfc,821439.23,68310.67,6.0,753122.56,2,2,80
310GLO4000,MCO,80,2026,0.0,3770.61,0.0,6287.0,-6287.0,fmavct_kbfc,1619867.01,-59297.97,0.0,1679164.98,25,2,80
354GLO5012,IPD,80,2026,0.0,5030.31,0.0,1015.32,-1015.32,fmavct_kbfc,4643498.01,355002.55,1538472.14,2750023.32,50,2,80
354GLO5013,IPD,80,2026,0.0,28298.02,0.0,107707.3,-107707.3,fmavct_kbfc,5626879.24,1491338.05,19244.0,4116297.19,44,2,80
355GLO5007,IPD,80,2026,0.0,1391.81,0.0,0.0,-1391.81,fmifiit_fmioi,773389.02,-161146.28,11490.0,923045.3,13,2,80
401NHF1091,HED,80,2026,0.0,25.51,0.0,0.0,-25.51,fmifiit_fmioi,2987.73,-82337.23,0.0,85324.96,1,2,80
402EGY4001,MCO,80,2026,0.0,1001.35,0.0,10648.69,-10648.69,fmavct_kbfc,1103157.11,1639510.95,117997.84,-654351.68,6,1,80
402EGY4006,CAI,80,2026,0.0,603.29,0.0,22389.43,-22389.43,fmavct_kbfc,421865.9,3926936.22,0.0,-3505070.32,7,1,80
403GLO1000,PLS,80,2026,0.0,1249.76,0.0,70776.34,-70776.34,fmavct_kbfc,770953.24,144842.69,0.0,626110.55,3,2,80
406CUB0001,HAV,80,2026,0.0,2688.67,0.0,489.61,-489.61,fmavct_kbfc,50000.0,31733.4,0.0,18266.6,1,2,80
406GLO0029,CAB,80,2026,0.0,1070.17,0.0,2614.24,-2614.24,fmavct_kbfc,242991.0,-197357.58,0.0,440348.58,1,2,80
406GLO0031,ASU,80,2026,0.0,599.38,0.0,2195.1,-2195.1,fmavct_kbfc,60000.0,7968.58,814.44,51216.98,1,2,80
406GLO0032,UNC,80,2026,0.0,5732.64,0.0,5411.66,-5411.66,fmavct_kbfc,212160.0,51478.7,0.0,160681.3,1,2,80
406GLO0087,CAB,80,2026,0.0,920.62,0.0,3964.58,-3964.58,fmavct_kbfc,369873.0,70945.8,0.0,298927.2,1,2,80
406GLO0091,UNC,80,2026,0.0,1602.68,0.0,6694.4,-6694.4,fmavct_kbfc,26589.0,14680.05,0.0,11908.95,1,2,80
406GLO0092,PAX,80,2026,0.0,12863.73,0.0,8980.72,-8980.72,fmavct_kbfc,229716.0,128485.34,0.0,101230.66,1,2,80
406GLO0093,BRU,80,2026,0.0,3363.01,0.0,3888.01,-3888.01,fmavct_kbfc,80000.0,28642.6,0.0,51357.4,1,2,80
406GLO2050,LIN,80,2026,0.0,288.27,0.0,6265.33,-6265.33,fmavct_kbfc,93458.0,55286.18,0.0,38171.82,1,2,80
406GLO2052,EES,80,2026,0.0,2041.8,0.0,14320.66,-14320.66,fmavct_kbfc,140186.92,16745.36,0.0,123441.56,1,2,80
406GLO5001,UAI,80,2026,0.0,3438.84,0.0,7816.46,-7816.46,fmavct_kbfc,49641.59,-18719.82,0.0,68361.41,1,2,80
406JAM0001,KNG,80,2026,0.0,10324.94,0.0,34400.23,-34400.23,fmavct_kbfc,180000.0,15804355.93,361.19,-15624717.12,1,1,80
406MOR3000,RAB,80,2026,0.0,2488.71,0.0,0.0,-2488.71,fmifiit_fmioi,200000.0,35666.49,0.0,164333.51,1,2,80
406PAL1000,RAM,80,2026,0.0,7447.92,0.0,2713.29,-2713.29,fmavct_kbfc,150000.0,123185.69,0.0,26814.31,1,2,80
406RAB5001,CAI,80,2026,0.0,617.67,0.0,1684911.67,-1684911.67,fmavct_kbfc,38516.76,10790.19,218.05,27508.52,1,2,80
406RER0001,NYO,80,2026,0.0,3116.91,0.0,0.0,-3116.91,fmifiit_fmioi,80000.0,24709.39,0.0,55290.61,1,2,80
406SEN3000,DAK,80,2026,0.0,2261.22,0.0,0.0,-2261.22,fmifiit_fmioi,150000.0,81093.93,0.0,68906.07,1,2,80
406SRL1000,NDL,80,2026,0.0,2905.0,0.0,43177.05,-43177.05,fmavct_kbfc,60000.0,-22700.0,0.0,82700.0,1,2,80
408FOE5042,FEJ,80,2026,0.0,20359.25,0.0,0.0,-20359.25,fmifiit_fmioi,18056134.44,34757821.06,372596.01,-17074282.63,208,1,80
408FOE5043,FEJ,80,2026,0.0,53010.65,0.0,306397.68,-306397.68,fmavct_kbfc,8704890.82,15339157.44,1600.0,-6635866.62,204,1,80
408MAS5042,MDE,80,2026,0.0,11090.31,0.0,665.61,-665.61,fmavct_kbfc,3442251.46,2352257.89,189941.33,900052.24,41,2,80
408MIL5042,MIL,80,2026,0.0,3727.49,0.0,29753.73,-29753.73,fmavct_kbfc,1253963.07,791604.8,15621.0,446737.27,128,2,80
410GLO1041,IPS,80,2026,0.0,154.75,0.0,0.0,-154.75,fmifiit_fmioi,5063636.28,89265600.99,0.0,-84201964.71,40,1,80
410GLO1042,HAE,80,2026,0.0,40763.98,0.0,0.0,-40763.98,fmifiit_fmioi,58283891.52,272460927.4,3550744.0,-217727779.88,41,1,80
410GLO1043,HAE,80,2026,0.0,155459.1,0.0,5000.0,-5000.0,fmavct_kbfc,32127236.88,139530900.34,288544.38,-107692207.84,37,1,80
412INT0001,AFR,80,2026,0.0,5301.82,0.0,34439.04,-34439.04,fmavct_kbfc,1134123.5,1013581.51,0.0,120541.99,8,2,80
412RAF0029,AFR,80,2026,0.0,1591.42,0.0,1257918.67,-1257918.67,fmavct_kbfc,426150.12,8557291.13,45835.0,-8176976.01,6,1,80
422ARG0005,IEP,80,2026,0.0,1824.39,0.0,81752.61,-81752.61,fmavct_kbfc,293605.21,-22605066.25,0.0,22898671.46,1,2,80
424GLO4142,EPR,80,2026,0.0,13237.0,0.0,37403.26,-37403.26,fmavct_kbfc,21308107.26,20411866.06,172676.89,723564.31,164,2,80
424GLO4143,EPR,80,2026,0.0,20876.84,0.0,38511.69,-38511.69,fmavct_kbfc,6686203.7,-55453.94,15740.0,6725917.64,127,2,80
428GLO2042,EES,80,2026,0.0,731.44,0.0,43935.32,-43935.32,fmavct_kbfc,926515.12,231779.35,0.0,694735.77,4,2,80
439GLO2042,EES,80,2026,0.0,4747.08,0.0,29190.1,-29190.1,fmavct_kbfc,3918308.64,3664987.43,4699017.57,-4445696.36,12,1,80
439GLO2043,EES,80,2026,0.0,25153.42,0.0,48288.81,-48288.81,fmavct_kbfc,5142673.48,-694252.25,15489.82,5821435.91,23,2,80
441GLO0056,CRP,80,2026,0.0,19688.05,0.0,40967.5,-40967.5,fmavct_kbfc,1001467.8,296182.28,0.0,705285.52,2,2,80
448INT2213,TWA,80,2026,0.0,7958.27,0.0,30224.68,-30224.68,fmavct_kbfc,9115462.68,947758.72,0.0,8167703.96,39,2,80
448INT2411,TWA,80,2026,0.0,59734.88,0.0,10110.42,-10110.42,fmavct_kbfc,31888749.61,4566439.46,19303.58,27303006.57,62,2,80
448INT2412,TWA,80,2026,0.0,5089.64,0.0,253787.85,-253787.85,fmavct_kbfc,6908362.96,8157.31,15000.0,6885205.65,27,2,80
448INT2413,TWA,80,2026,0.0,16723.2,0.0,0.0,-16723.2,fmifiit_fmioi,16311224.0,1124398.69,0.0,15186825.31,34,2,80
448INT2611,TWA,80,2026,0.0,68741.45,0.0,32107.7,-32107.7,fmavct_kbfc,12322000.0,-1430728.66,0.0,13752728.66,43,2,80
448INT2612,TWA,80,2026,0.0,14633.27,0.0,32172.09,-32172.09,fmavct_kbfc,2682800.0,-241070.59,0.0,2923870.59,32,2,80
448INT2613,TWA,80,2026,0.0,18386.96,0.0,27063.92,-27063.92,fmavct_kbfc,5655572.0,549628060.07,0.0,-543972488.07,34,1,80
456GLO4042,MHM,80,2026,0.0,648.83,0.0,8248.59,-8248.59,fmavct_kbfc,27807.0,175699.77,0.0,-147892.77,6,1,80
459GLO1003,GEM,80,2026,0.0,6925.74,0.0,6917.7,-6917.7,fmavct_kbfc,28394163.85,2146180.38,2500.0,26245483.47,49,2,80
459GLO1004,GEM,80,2026,0.0,133747.14,0.0,28613.25,-28613.25,fmavct_kbfc,18170304.12,-8255741.93,12250.0,26413796.05,23,2,80
463GLO1000,TAI,80,2026,0.0,1113.41,0.0,41058.96,-41058.96,fmavct_kbfc,453034.4,9994.05,2000.0,441040.35,5,2,80
467GLO1015,EEO,80,2026,0.0,18959.3,0.0,17469.81,-17469.81,fmavct_kbfc,9970839.93,758455.8,0.0,9212384.13,24,2,80
467GLO1016,EEO,80,2026,40.23,69331.95,0.0,35800.45,-35760.22,fmavct_kbfc,51902437.3,33266538.4,8161392.34,10474506.56,263,2,80
469GLO1000,HED,80,2026,0.0,2570.61,0.0,0.0,-2570.61,fmifiit_fmioi,789349.38,74417.32,0.0,714932.06,2,2,80
469GLO1001,BAS,80,2026,0.0,5295.85,0.0,22317.65,-22317.65,fmavct_kbfc,680710.41,-351374.17,0.0,1032084.58,2,2,80
469GLO1003,BAS,80,2026,0.0,4002.75,0.0,27845.24,-27845.24,fmavct_kbfc,682983.99,-439461.05,0.0,1122445.04,2,2,80
469GLO1004,HED,80,2026,0.0,6302.65,0.0,0.0,-6302.65,fmifiit_fmioi,1116583.0,-325864.8,0.0,1442447.8,2,2,80
469GLO1007,IPS,80,2026,0.0,5535.28,0.0,18150.09,-18150.09,fmavct_kbfc,726775.63,-440479.63,0.0,1167255.26,1,2,80
469GLO1008,GCP,80,2026,0.0,16798.46,0.0,47354.53,-47354.53,fmavct_kbfc,637559.63,159941.59,0.0,477618.04,1,2,80
469GLO2002,BES,80,2026,0.0,34783.16,0.0,0.0,-34783.16,fmifiit_fmioi,2568467.98,481508.89,3020.0,2083939.09,1,2,80
469GLO2003,EES,80,2026,0.0,615.48,0.0,41506.68,-41506.68,fmavct_kbfc,265357.15,10100.22,0.0,255256.93,1,2,80
469GLO2005,PCB,80,2026,0.0,6798.23,0.0,12331.23,-12331.23,fmavct_kbfc,3059160.2,422970.05,0.0,2636190.15,6,2,80
469GLO2006,SCI,80,2026,0.0,6472.16,0.0,38629.33,-38629.33,fmavct_kbfc,1581263.1,123682.43,0.0,1457580.67,1,2,80
469GLO3002,HRS,80,2026,0.0,1303.28,0.0,73162.86,-73162.86,fmavct_kbfc,177846.05,-136740.44,0.0,314586.49,1,2,80
469GLO3004,SRP,80,2026,0.0,2043.31,0.0,71241.88,-71241.88,fmavct_kbfc,77422.83,21699.0,0.0,55723.83,1,2,80
469GLO3007,BIO,80,2026,0.0,6243.72,0.0,45289.2,-45289.2,fmavct_kbfc,906451.38,60055.24,0.0,846396.14,1,2,80
469GLO4000,ITH,80,2026,0.0,3132.47,0.0,17838.99,-17838.99,fmavct_kbfc,727173.25,105948.08,0.0,621225.17,1,2,80
473LEB1001,BEI,80,2026,0.0,13787.66,0.0,0.0,-13787.66,fmifiit_fmioi,1237659.82,142258.06,1287.94,1094113.82,4,2,80
473LEB4001,BEI,80,2026,0.0,2005.64,0.0,702939.05,-702939.05,fmavct_kbfc,312590.16,-77734.58,3712.0,386612.74,6,2,80
473LIB2000,RAB,80,2026,0.0,2171.07,0.0,14667.17,-14667.17,fmavct_kbfc,817756.0,-63662.87,27750.0,853668.87,12,2,80
473PAL0001,RAM,80,2026,0.0,5170.44,0.0,90311.27,-90311.27,fmavct_kbfc,307300.52,-26334.36,0.0,333634.88,2,2,80
473PAL1000,RAM,80,2026,0.0,10721.05,0.0,11.66,-11.66,fmavct_kbfc,2588146.46,-230072.74,35120.0,2783099.2,8,2,80
473SYR4001,EPR,80,2026,0.0,912.86,0.0,6027.49,-6027.49,fmavct_kbfc,1798242.06,-636332.0,17250.0,2417324.06,10,2,80
473UKR0002,PAX,80,2026,0.0,8872.84,0.0,0.0,-8872.84,fmifiit_fmioi,259234.45,103364.82,7295.98,148573.65,1,2,80
473UKR0003,UNC,80,2026,0.0,1383.51,0.0,366.69,-366.69,fmavct_kbfc,53120.95,-80730.44,0.0,133851.39,1,2,80
473UKR1000,E30,80,2026,0.0,21521.68,0.0,3848.02,-3848.02,fmavct_kbfc,13921829.06,248558.81,6569.0,13666701.25,7,2,80
473UKR2000,PBS,80,2026,0.0,1268.42,0.0,12157.22,-12157.22,fmavct_kbfc,40412.15,-16575.67,12000.0,44987.82,1,2,80
473UKR4001,DCE,80,2026,0.0,13799.93,0.0,0.0,-13799.93,fmifiit_fmioi,1292958.61,-304383.67,11.08,1597331.2,6,2,80
473UKR4002,EPR,80,2026,0.0,19390.81,0.0,0.0,-19390.81,fmifiit_fmioi,627673.11,217286.55,10104.36,400282.2,1,2,80
473UKR5000,FEJ,80,2026,0.0,9748.57,0.0,0.0,-9748.57,fmifiit_fmioi,186915.89,120224.6,0.0,66691.29,1,2,80
474GLO1004,TED,80,2026,0.0,7032.71,0.0,2840.17,-2840.17,fmavct_kbfc,7994203.68,1151022.08,7106.5,6836075.1,27,2,80
475RLA1041,STG,80,2026,0.0,16483.4,0.0,0.0,-16483.4,fmifiit_fmioi,2175072.35,177953174.92,1692909.0,-177471011.57,1,1,80
477GLO3000,YOU,80,2026,0.0,5247.8,0.0,12500.69,-12500.69,fmavct_kbfc,5822338.75,71953.73,16830.0,5733555.02,43,2,80
495GLO1041,EME,80,2026,0.0,3583.83,0.0,0.0,-3583.83,fmifiit_fmioi,4012443.84,733767.32,4341.09,3274335.43,6,2,80
495GLO1042,IGE,80,2026,0.0,7184.69,0.0,0.0,-7184.69,fmifiit_fmioi,2282725.4,839279.44,4000.0,1439445.96,2,2,80
495GLO1043,PSU,80,2026,0.0,16483.61,0.0,2466.21,-2466.21,fmavct_kbfc,6728545.85,5731455.37,105130.38,891960.1,12,2,80
495GLO1044,YLS,80,2026,0.0,8409.04,0.0,0.0,-8409.04,fmifiit_fmioi,2873424.09,3507464.86,618391.21,-1252431.98,6,1,80
495GLO1045,TED,80,2026,0.0,724.89,0.0,0.0,-724.89,fmifiit_fmioi,583987.48,728971.73,17000.0,-161984.25,8,1,80
495GLO1047,SDG,80,2026,0.0,9108.38,0.0,130785.0,-130785.0,fmavct_kbfc,2354258.8,2140271.31,13152.12,200835.37,4,2,80
495GLO1048,TAI,80,2026,0.0,2466.83,0.0,138069.0,-138069.0,fmavct_kbfc,1274226.72,895747.38,20307.84,358171.5,5,2,80
495GLO1049,FLI,80,2026,0.0,1597.57,0.0,32512.0,-32512.0,fmavct_kbfc,1447404.64,499700.96,0.0,947703.68,2,2,80
495GLO1053,YLS,80,2026,0.0,863.78,0.0,107168.0,-107168.0,fmavct_kbfc,143736.44,-64559.33,0.0,208295.77,2,2,80
495GLO1055,HED,80,2026,0.0,6021.56,0.0,0.0,-6021.56,fmifiit_fmioi,1885578.5,-708597.01,69923.0,2524252.51,9,2,80
495GLO1057,EME,80,2026,0.0,9867.34,0.0,0.0,-9867.34,fmifiit_fmioi,1087172.36,-405590.33,0.0,1492762.69,3,2,80
495GLO1059,SDG,80,2026,0.0,32974.46,0.0,1848.77,-1848.77,fmavct_kbfc,6393372.98,-3342430.0,11900.0,9723902.98,7,2,80
495GLO1062,FLI,80,2026,0.0,11246.9,0.0,0.0,-11246.9,fmifiit_fmioi,1961877.88,-994115.45,12416.0,2943577.33,5,2,80
495GLO3006,MTF,80,2026,0.0,1679.92,0.0,0.0,-1679.92,fmifiit_fmioi,58176.0,15750.5,0.0,42425.5,1,2,80
495GLO4243,CPD,80,2026,0.0,5001.87,0.0,0.0,-5001.87,fmifiit_fmioi,11948.6,639106.69,0.0,-627158.09,1,1,80
498GLO4000,ICD,80,2026,0.0,6116.38,0.0,0.0,-6116.38,fmifiit_fmioi,672270.29,-378727.3,0.0,1050997.59,4,2,80
499GLO1000,EEO,80,2026,0.0,4259.34,0.0,0.0,-4259.34,fmifiit_fmioi,1895820.65,7981589.7,2960752.74,-9046521.79,30,1,80
500AFG4000,KAB,80,2026,0.0,476.61,0.0,0.0,-476.61,fmifiit_fmioi,148533.62,19509.25,7503.6,121520.77,10,2,80
501PER4001,LIM,80,2026,0.0,1021.94,0.0,0.0,-1021.94,fmifiit_fmioi,50916.97,7527.3,0.0,43389.67,1,2,80
501RAF1002,HAR,80,2026,0.0,7469.58,0.0,0.0,-7469.58,fmifiit_fmioi,14331920.45,9041369.03,122171.35,5168380.07,28,2,80
501RSS4000,JUB,80,2026,0.0,505.47,0.0,0.0,-505.47,fmifiit_fmioi,74216.76,58721.28,0.0,15495.48,1,2,80
501RSS4001,JUB,80,2026,0.0,1060.69,0.0,0.0,-1060.69,fmifiit_fmioi,66944.95,11705.4,5940.0,49299.55,1,2,80
501UZB5002,TAS,80,2026,0.0,14489.74,0.0,0.0,-14489.74,fmifiit_fmioi,2377578.92,1309495651.14,19230140.0,-1326348212.22,5,1,80
503GLO4004,DCE,80,2026,0.0,9043.17,0.0,0.0,-9043.17,fmifiit_fmioi,7147264.51,318403.6,0.0,6828860.91,79,2,80
503RAF1003,HAR,80,2026,0.0,272745.01,0.0,0.0,-272745.01,fmifiit_fmioi,108793346.9,882751967.13,52092982.41,-826051602.64,178,1,80
503RAF2007,IOC,80,2026,0.0,3490.0,0.0,0.0,-3490.0,fmifiit_fmioi,649576.18,82559.42,0.0,567016.76,27,2,80
503ZAM1002,HAR,80,2026,0.0,124465.71,0.0,2300.0,-2300.0,fmavct_kbfc,13901995.49,23368116.99,561890.55,-10028012.05,29,1,80
504MLW1001,HAR,80,2026,0.0,13481.5,0.0,0.0,-13481.5,fmifiit_fmioi,5569071.31,148751683.36,47970101.16,-191152713.21,24,1,80
504MOR5000,RAB,80,2026,0.0,2052.94,0.0,0.0,-2052.94,fmifiit_fmioi,555137.06,106524.32,0.0,448612.74,15,2,80
504NEP1000,KAT,80,2026,0.0,6894.57,0.0,0.0,-6894.57,fmifiit_fmioi,1772704.5,2406451.28,630287.56,-1264034.34,15,1,80
504PAL4007,RAM,80,2026,0.0,3739.69,0.0,0.0,-3739.69,fmifiit_fmioi,1325435.28,53955.67,0.0,1271479.61,26,2,80
505GLO4001,LHE,80,2026,0.0,24031.16,0.0,0.0,-24031.16,fmifiit_fmioi,2443376.34,2062034.38,60723.2,320618.76,80,2,80
505GLO4002,VNI,80,2026,0.0,25.6,0.0,0.0,-25.6,fmifiit_fmioi,626656.88,-313526.98,0.0,940183.86,5,2,80
505INT4001,WHC,80,2026,0.0,19315.94,0.0,0.0,-19315.94,fmifiit_fmioi,3414320.72,669402.15,0.0,2744918.57,7,2,80
505INT4002,DOH,80,2026,0.0,42805.97,0.0,0.0,-42805.97,fmifiit_fmioi,10136867.63,970015.23,16401.0,9150451.4,28,2,80
505RAB5000,DHE,80,2026,0.0,11590.38,0.0,0.0,-11590.38,fmifiit_fmioi,7780445.33,303819.31,855.29,7475770.73,26,2,80
505RAF4001,WHC,80,2026,0.0,11661.47,0.0,0.0,-11661.47,fmifiit_fmioi,3124998.55,93700.88,6216.31,3025081.36,33,2,80
505RLA4000,WHC,80,2026,0.0,20186.55,0.0,0.0,-20186.55,fmifiit_fmioi,4424648.19,2793251.65,0.0,1631396.54,36,2,80
505SAU0001,CPE,80,2026,0.0,22672.44,0.0,0.0,-22672.44,fmifiit_fmioi,4654576.14,-579721.85,6131.0,5228166.99,5,2,80
505SAU3000,SPR,80,2026,0.0,21644.98,0.0,0.0,-21644.98,fmifiit_fmioi,5485368.72,-509926.57,24175.0,5971120.29,13,2,80
507GLO1037,PLS,80,2026,0.0,10490.11,0.0,0.0,-10490.11,fmifiit_fmioi,473114.1,554887.79,0.0,-81773.69,1,1,80
507GLO1041,UNE,80,2026,0.0,285.88,0.0,0.0,-285.88,fmifiit_fmioi,92346.93,-96145.0,0.0,188491.93,1,2,80
507GLO1042,UNE,80,2026,0.0,30845.39,0.0,0.0,-30845.39,fmifiit_fmioi,1151874.5,-818869.4,5000.0,1965743.9,1,2,80
507INT1005,UNE,80,2026,0.0,36.94,0.0,0.0,-36.94,fmifiit_fmioi,2152425.27,-1298936.49,0.0,3451361.76,1,2,80
507RAF2000,TWA,80,2026,0.0,47257.82,0.0,0.0,-47257.82,fmifiit_fmioi,13571848.84,-442961.83,0.0,14014810.67,8,2,80
512QAT4001,DOH,80,2026,0.0,19734.94,0.0,0.0,-19734.94,fmifiit_fmioi,2100154.69,1619248.47,2000.0,478906.22,2,2,80
513BEL2000,OSE,80,2026,0.0,2186.83,0.0,0.0,-2186.83,fmifiit_fmioi,183480.0,23307.26,209.0,159963.74,8,2,80
513GLO2050,HYD,80,2026,0.0,8394.01,0.0,0.0,-8394.01,fmifiit_fmioi,1794774.47,86527.5,5320.0,1702926.97,12,2,80
513GLO2052,IOC,80,2026,0.0,15775.99,0.0,0.0,-15775.99,fmifiit_fmioi,3854961.72,221107.31,0.0,3633854.41,21,2,80
513GLO4019,WHC,80,2026,0.0,4634.21,0.0,0.0,-4634.21,fmifiit_fmioi,550458.0,44567.45,0.0,505890.55,6,2,80
513INT2009,HYD,80,2026,0.0,1262.5,0.0,0.0,-1262.5,fmifiit_fmioi,775975.73,13288.59,800.0,761887.14,7,2,80
513INT4002,WHC,80,2026,0.0,2172.93,0.0,0.0,-2172.93,fmifiit_fmioi,1268136.0,-273868.5,0.0,1542004.5,9,2,80
513RAF2042,IOC,80,2026,0.0,2862.21,0.0,0.0,-2862.21,fmifiit_fmioi,1174402.0,1460754.64,1296.0,-287648.64,12,1,80
513RAF2043,HAR,80,2026,0.0,3023.29,0.0,0.0,-3023.29,fmifiit_fmioi,464516.0,247427.08,0.0,217088.92,5,2,80
513RAF2045,EES,80,2026,0.0,2807.55,0.0,0.0,-2807.55,fmifiit_fmioi,137614.68,1274988.0,106000.0,-1243373.32,5,1,80
513RAF4016,WHC,80,2026,0.0,6997.35,0.0,0.0,-6997.35,fmifiit_fmioi,711586.08,73527.19,0.0,638058.89,13,2,80
513RLA2041,EES,80,2026,0.0,11446.98,0.0,0.0,-11446.98,fmifiit_fmioi,1719294.0,700316.09,3109.42,1015868.49,10,2,80
514RLA1045,STG,80,2026,0.0,6365.36,0.0,0.0,-6365.36,fmifiit_fmioi,1841210.0,3564349.38,0.0,-1723139.38,12,1,80
514RLA2004,SJO,80,2026,0.0,8477.55,0.0,59871.03,-59871.03,fmavct_kbfc,1968087.0,10715803.12,0.0,-8747716.12,27,1,80
514RLA2007,MTD,80,2026,0.0,3765.04,0.0,2324633.48,-2324633.48,fmavct_kbfc,546972.0,480724.79,15570.0,50677.21,5,2,80
514RLA4006,UCH,80,2026,0.0,16626.17,0.0,1238728.7,-1238728.7,fmavct_kbfc,835501.44,9156780.62,0.0,-8321279.18,8,1,80
514UKR4000,CHP,80,2026,0.0,10483.62,0.0,225478.83,-225478.83,fmavct_kbfc,6770756.44,175150.82,1947.8,6593657.82,39,2,80
517DRC2003,KNS,80,2026,0.0,26284.86,0.0,15000.0,-15000.0,fmavct_kbfc,9109910.92,116138.04,246372.32,8747400.56,34,2,80
518GLO4001,WHC,80,2026,0.0,1427.58,0.0,250.0,-250.0,fmavct_kbfc,248788.96,41491.9,0.0,207297.06,3,2,80
519GLO4000,WHC,80,2026,0.0,1014.16,0.0,262315.14,-262315.14,fmavct_kbfc,1257685.53,664046.01,24333.0,569306.52,95,2,80
519GLO4003,WHC,80,2026,0.0,2927.08,0.0,5899.9,-5899.9,fmavct_kbfc,227275.39,65459.58,0.0,161815.81,3,2,80
519GLO4005,WHC,80,2026,0.0,10634.13,0.0,630.13,-630.13,fmavct_kbfc,795496.0,1325491.21,4000.0,-533995.21,9,1,80
520BDI1000,YAO,80,2026,0.0,14085.61,0.0,462.43,-462.43,fmavct_kbfc,4095000.18,4340172.91,1706110.2,-1951282.93,34,1,80
520DRC1000,KNS,80,2026,0.0,46371.13,0.0,1.25,-1.25,fmavct_kbfc,14647564.0,450509.0,27143.71,14169911.29,109,2,80
520GLO2007,IOC,80,2026,0.0,5765.9,0.0,449.04,-449.04,fmavct_kbfc,489482.48,43196.26,0.0,446286.22,10,2,80
520GLO4010,WHC,80,2026,0.0,1591.68,0.0,1394.81,-1394.81,fmavct_kbfc,358491.22,4300.0,14000.0,340191.22,5,2,80
520RAF1015,DAK,80,2026,0.0,70001.14,0.0,1791.67,-1791.67,fmavct_kbfc,16399988.04,11045756.29,235652.15,5118579.6,13,2,80
523GLO1003,GCP,80,2026,0.0,11586.52,0.0,208.33,-208.33,fmavct_kbfc,2055776.0,18875284.03,6172000.0,-22991508.03,9,1,80
525AFG1001,KAB,80,2026,0.0,85252.53,0.0,0.0,-85252.53,fmifiit_fmioi,20213745.86,342789.94,16278.65,19854677.27,26,2,80
525GLO1003,IPS,80,2026,0.0,14879.8,0.0,2329.28,-2329.28,fmavct_kbfc,2861345.24,324997.19,8000.0,2528348.05,10,2,80
525GLO1004,IGE,80,2026,0.0,12658.98,0.0,6503.19,-6503.19,fmavct_kbfc,2571202.82,29970932.29,147419.24,-27547148.71,14,1,80
525GLO1005,IGE,80,2026,0.0,9904.4,0.0,27206.13,-27206.13,fmavct_kbfc,1491068.82,7677673.63,735264.96,-6921869.77,15,1,80
525GLO2002,PBS,80,2026,0.0,7727.91,0.0,8.69,-8.69,fmavct_kbfc,1080504.0,3337642.91,6500.0,-2263638.91,13,1,80
525JOR1001,AMN,80,2026,0.0,21057.74,0.0,11907.24,-11907.24,fmavct_kbfc,5785487.7,-2427757.31,80464.0,8132781.01,7,2,80
526CMB5001,PNP,80,2026,0.0,8562.02,0.0,9537.3,-9537.3,fmavct_kbfc,5499531.0,104617.06,13489.0,5381424.94,53,2,80
526GLO1007,SDG,80,2026,0.0,4829.65,0.0,333.33,-333.33,fmavct_kbfc,289590.0,-57306.93,0.0,346896.93,2,2,80
526GLO2004,HYD,80,2026,0.0,12876.7,0.0,1456.51,-1456.51,fmavct_kbfc,2915485.78,46995087.95,6776548.0,-50856150.17,20,1,80
526GLO2012,EES,80,2026,0.0,1957.82,0.0,317.52,-317.52,fmavct_kbfc,1429329.3,25671.66,0.0,1403657.64,10,2,80
526GLO2013,HYD,80,2026,0.0,9427.24,0.0,27748771.83,-27748771.83,fmavct_kbfc,447453.0,-300543.87,2000.0,745996.87,2,2,80
526GLO4011,DCE,80,2026,0.0,7151.35,0.0,8635346.55,-8635346.55,fmavct_kbfc,592321.57,-565833.6,0.0,1158155.17,1,2,80
526GLO4013,WHC,80,2026,0.0,2949.57,0.0,1865025.77,-1865025.77,fmavct_kbfc,278400.0,-272903.99,0.0,551303.99,1,2,80
526GLO5000,DHE,80,2026,0.0,4005.85,0.0,280000.0,-280000.0,fmavct_kbfc,317889.9,-76039.17,0.0,393929.07,4,2,80
526INT4004,DCE,80,2026,0.0,8803.96,0.0,34.34,-34.34,fmavct_kbfc,668289.9,1467271.84,0.0,-798981.94,5,1,80
526IRA1000,TEH,80,2026,0.0,18883.72,0.0,240.38,-240.38,fmavct_kbfc,8647120.66,211962402.62,43800.0,-203359081.96,99,1,80
526IRQ1000,BAG,80,2026,0.0,63530.57,0.0,64112.78,-64112.78,fmavct_kbfc,16700468.56,5718580237.46,178685049.81,-5880564818.71,53,1,80
526MAG2000,NAI,80,2026,0.0,32689.75,0.0,31002.82,-31002.82,fmavct_kbfc,6212086.17,17039527.48,0.0,-10827441.31,44,1,80
526MOR5000,RAB,80,2026,0.0,1604.88,0.0,583.33,-583.33,fmavct_kbfc,615754.25,145464.7,0.0,470289.55,8,2,80
526PER4000,LIM,80,2026,0.0,13562.79,0.0,2002.46,-2002.46,fmavct_kbfc,4083932.0,316655.7,2840.0,3764436.3,14,2,80
526RAF1007,PLS,80,2026,0.0,70712.11,0.0,685944.01,-685944.01,fmavct_kbfc,16590387.48,74369545.51,16032901.17,-73812059.2,60,1,80
526RAF1008,PLS,80,2026,0.0,2562.54,0.0,3592.23,-3592.23,fmavct_kbfc,411936.98,-137844.53,0.0,549781.51,2,2,80
526RAF1009,FLI,80,2026,0.0,37592.12,0.0,358.02,-358.02,fmavct_kbfc,5750396.0,212648109.72,444374.24,-207342087.96,19,1,80
526RAF2001,EES,80,2026,0.0,2443.49,0.0,4107.67,-4107.67,fmavct_kbfc,151497.26,17939.43,8500.0,125057.83,3,2,80
526RAF4000,WHC,80,2026,0.0,6752.43,0.0,389.2,-389.2,fmavct_kbfc,1818093.42,-540610.98,10645.0,2348059.4,6,2,80
526RAS1036,BGK,80,2026,0.0,6385.78,0.0,1682.83,-1682.83,fmavct_kbfc,1625915.0,1188970.74,0.0,436944.26,7,2,80
526RAS1037,BGK,80,2026,0.0,2397.26,0.0,500.0,-500.0,fmavct_kbfc,1099264.5,-137770.87,0.0,1237035.37,5,2,80
526RAS4023,WHC,80,2026,0.0,932.75,0.0,88391.78,-88391.78,fmavct_kbfc,493166.07,455502.12,692600.0,-654936.05,2,1,80
526RAS4027,WHC,80,2026,0.0,6730.25,0.0,970.4,-970.4,fmavct_kbfc,591529.0,1079714.88,550375.0,-1038560.88,2,1,80
526RAS4028,WHC,80,2026,0.0,14898.2,0.0,416.67,-416.67,fmavct_kbfc,4114936.0,-1502134.1,0.0,5617070.1,9,2,80
526RAS4029,WHC,80,2026,0.0,5637.01,0.0,14000.0,-14000.0,fmavct_kbfc,856426.72,6798.11,0.0,849628.61,7,2,80
526TLS1001,JAK,80,2026,0.0,20621.76,0.0,11625.24,-11625.24,fmavct_kbfc,16058296.08,18474616.05,2201291.28,-4617611.25,25,1,80
527RAF4000,WHC,80,2026,0.0,6572.77,0.0,573551.13,-573551.13,fmavct_kbfc,1125443.76,38214690.45,2232500.48,-39321747.17,55,1,80
533GLO1002,ESD,80,2026,0.0,12370.83,0.0,14136.0,-14136.0,fmavct_kbfc,1977272.0,196801.57,3000.0,1777470.43,11,2,80
534AFG4006,KAB,80,2026,0.0,37519.7,0.0,8389762.44,-8389762.44,fmavct_kbfc,6993976.02,523261.76,10028.06,6460686.2,15,2,80
534GLO4003,VNI,80,2026,0.0,700.92,0.0,497181.31,-497181.31,fmavct_kbfc,1079330.8,5382.62,0.0,1073948.18,7,2,80
534IRQ1002,BAG,80,2026,0.0,11310.28,0.0,15864.0,-15864.0,fmavct_kbfc,3660987.92,7198661404.98,0.0,-7195000417.06,5,1,80
534IRQ1003,BAG,80,2026,0.0,6092.56,0.0,360.42,-360.42,fmavct_kbfc,3801924.41,53145941.0,63997529.35,-113341545.94,17,1,80
534JOR4005,AMN,80,2026,0.0,35050.12,0.0,106005.02,-106005.02,fmavct_kbfc,3640684.99,1279270.95,23745.0,2337669.04,22,2,80
534LEB4002,BEI,80,2026,0.0,31116.31,0.0,14542.24,-14542.24,fmavct_kbfc,8049498.9,8638704.19,1684.55,-590889.84,18,1,80
534PAK1001,ISB,80,2026,0.0,13597.91,0.0,30597.48,-30597.48,fmavct_kbfc,1990212.7,28003308.01,33471923.6,-59485018.91,5,1,80
534SUD1001,KHA,80,2026,0.0,12189.39,0.0,77888.14,-77888.14,fmavct_kbfc,1947878.94,56747608.33,122075680.8,-176875410.19,8,1,80
537CMB4004,PNP,80,2026,0.0,1537.45,0.0,2023.0,-2023.0,fmavct_kbfc,218466.06,11277.66,0.0,207188.4,1,2,80
537GLO0001,BSP,80,2026,0.0,7671.51,0.0,4399.17,-4399.17,fmavct_kbfc,506911.0,-546985.95,0.0,1053896.95,1,2,80
537GLO2000,DRR,80,2026,0.0,8467.4,0.0,375.0,-375.0,fmavct_kbfc,751607.0,3626304.87,879581.0,-3754278.87,13,1,80
537GLO3000,BIO,80,2026,0.0,318.2,0.0,139.93,-139.93,fmavct_kbfc,307310.64,660534.9,7529.0,-360753.26,1,1,80
537GLO4000,WHC,80,2026,0.0,7821.33,0.0,866.66,-866.66,fmavct_kbfc,608806.15,1850739.75,11388.0,-1253321.6,6,1,80
537INT2000,DRR,80,2026,0.0,6310.38,0.0,19916.43,-19916.43,fmavct_kbfc,758990.0,1493541.56,49500.0,-784051.56,3,1,80
537RAF4004,LHE,80,2026,0.0,12759.49,0.0,72709.93,-72709.93,fmavct_kbfc,804112.63,179464.29,128.37,624519.97,6,2,80
537RAF4005,HAR,80,2026,0.0,1849.76,0.0,92.03,-92.03,fmavct_kbfc,803213.0,-290277.25,7005.0,1086485.25,22,2,80
537RAF4006,NAI,80,2026,0.0,3221.32,0.0,30.8,-30.8,fmavct_kbfc,412844.03,30613.98,0.0,382230.05,1,2,80
537RAF5001,DHE,80,2026,0.0,7441.86,0.0,27018.47,-27018.47,fmavct_kbfc,831598.0,301380.59,0.0,530217.41,4,2,80
537RAS4002,BGK,80,2026,0.0,9318.22,0.0,1060.03,-1060.03,fmavct_kbfc,458715.0,168776.42,18754.0,271184.58,1,2,80
537SEN4000,DAK,80,2026,0.0,2903.9,0.0,43.05,-43.05,fmavct_kbfc,559633.0,-554298.7,0.0,1113931.7,1,2,80
537URT4000,WHC,80,2026,0.0,2595.84,0.0,42.22,-42.22,fmavct_kbfc,350252.92,17293.45,20484.0,312475.47,4,2,80
538GLO5000,FOE,80,2026,0.0,42208.54,0.0,3539.74,-3539.74,fmavct_kbfc,10347636.69,-97226.61,34074.33,10410788.97,12,2,80
538GLO5002,UAI,80,2026,0.0,12235.08,0.0,296346.32,-296346.32,fmavct_kbfc,2482078.38,-277569.75,42325.74,2717322.39,7,2,80
538JOR1000,AMN,80,2026,0.0,25075.51,0.0,17168.75,-17168.75,fmavct_kbfc,8423045.36,3769311.08,39780.0,4613954.28,5,2,80
538RLA1000,STG,80,2026,0.0,2442.94,0.0,1855.02,-1855.02,fmavct_kbfc,925064.61,15650000.0,0.0,-14724935.39,30,1,80
542RSS5000,JUB,80,2026,0.0,40677.01,0.0,54262.14,-54262.14,fmavct_kbfc,7194127.83,593328.95,1615073.49,4985725.39,17,2,80
543GLO0001,ADM,80,2026,0.0,13082.11,0.0,655.15,-655.15,fmavct_kbfc,3140888.74,105392.55,0.0,3035496.19,21,2,80
545RAF2000,DAK,80,2026,0.0,48651.47,0.0,11279.13,-11279.13,fmavct_kbfc,3182652.0,9003652.44,25761262.6,-31582263.04,29,1,80
546GLO2009,SCI,80,2026,0.0,4236.45,0.0,26.92,-26.92,fmavct_kbfc,1181331.72,412715.67,344.67,768271.38,6,2,80
546GLO2011,DRR,80,2026,0.0,7124.84,0.0,0.0,-7124.84,fmifiit_fmioi,465041.0,-183594.77,0.0,648635.77,5,2,80
547RAF1001,HAR,80,2026,0.0,25465.79,0.0,29268.49,-29268.49,fmavct_kbfc,10179193.77,13381768.3,117902.58,-3320477.11,62,1,80
549AFG5001,FEJ,80,2026,0.0,23518.42,0.0,34478.01,-34478.01,fmavct_kbfc,9637092.38,358438.1,360.0,9278294.28,52,2,80
549BEL3000,BIO,80,2026,0.0,7893.98,0.0,1332.01,-1332.01,fmavct_kbfc,826612.32,181633.95,631.0,644347.37,1,2,80
549CMR4000,YAO,80,2026,0.0,11047.41,0.0,10736.92,-10736.92,fmavct_kbfc,4461182.24,405328.79,25069.0,4030784.45,21,2,80
549ELS1000,SJO,80,2026,0.0,12124.66,0.0,1336.63,-1336.63,fmavct_kbfc,3046185.24,68849.86,0.0,2977335.38,10,2,80
549FRA1000,HAE,80,2026,0.0,6696.93,0.0,36653.57,-36653.57,fmavct_kbfc,669911.57,-113063.95,0.0,782975.52,1,2,80
549GBS1000,DAK,80,2026,0.0,21215.96,0.0,0.0,-21215.96,fmifiit_fmioi,6111935.44,439135.78,40781.31,5632018.35,66,2,80
549GLO1003,GEM,80,2026,0.0,9865.37,0.0,1.87,-1.87,fmavct_kbfc,6937525.68,460012.45,2000.0,6475513.23,11,2,80
549GLO2017,IOC,80,2026,0.0,19066.23,0.0,252.31,-252.31,fmavct_kbfc,2211221.0,151351.24,0.0,2059869.76,9,2,80
549GLO3003,BIO,80,2026,0.0,57568.75,0.0,1560.32,-1560.32,fmavct_kbfc,15569847.65,16916006.07,216407.09,-1562565.51,40,1,80
549GLO3004,IRD,80,2026,0.0,3728.6,0.0,0.0,-3728.6,fmifiit_fmioi,692493.96,54482.89,9639.25,628371.82,24,2,80
549GLO4003,DCE,80,2026,0.0,32118.33,0.0,0.0,-32118.33,fmifiit_fmioi,15320339.61,5503709.41,241230.05,9575400.15,43,2,80
549GLO5002,FEJ,80,2026,0.0,27403.92,0.0,3641.92,-3641.92,fmavct_kbfc,2809653.36,2336061.6,2119418.96,-1645827.2,9,1,80
549GLO5003,FEJ,80,2026,0.0,41094.99,0.0,105.68,-105.68,fmavct_kbfc,11662599.56,514295635.31,190427316.03,-693060351.78,71,1,80
549GRE3000,MTF,80,2026,0.0,9675.0,0.0,37119.25,-37119.25,fmavct_kbfc,774945.98,75447.82,34414.0,665084.16,1,2,80
549INT2008,IOC,80,2026,0.0,21415.04,0.0,0.0,-21415.04,fmifiit_fmioi,3888772.56,307071.51,16684.98,3565016.07,30,2,80
549IRE1000,TED,80,2026,0.0,7498.81,0.0,568.9,-568.9,fmavct_kbfc,566848.26,-104089.97,3500.0,667438.23,1,2,80
549IRQ1004,BAG,80,2026,0.0,55995.63,0.0,333.5,-333.5,fmavct_kbfc,25828978.22,492130056.19,85166024.2,-551467102.17,51,1,80
549IRQ1005,BAG,80,2026,0.0,19258.52,0.0,48945.02,-48945.02,fmavct_kbfc,5242433.44,97121910.34,87523985.37,-179403462.27,32,1,80
549IRQ4003,BAG,80,2026,0.0,72506.72,0.0,4321.73,-4321.73,fmavct_kbfc,23103761.31,7458616567.27,294278648.3,-7729791454.26,26,1,80
549MOV4000,VNI,80,2026,0.0,3164.67,0.0,149.51,-149.51,fmavct_kbfc,654730.46,-153686.98,0.0,808417.44,11,2,80
549NIR1000,ABU,80,2026,0.0,17169.02,0.0,569.28,-569.28,fmavct_kbfc,3751739.12,71642923.38,20910599.5,-88801783.76,47,1,80
549PAL4002,RAM,80,2026,0.0,5122.54,0.0,137.5,-137.5,fmavct_kbfc,2546058.62,105962.6,0.0,2440096.02,13,2,80
549RAF1000,DAK,80,2026,0.0,20460.14,0.0,733.98,-733.98,fmavct_kbfc,15403258.18,8502640.27,165009.62,6735608.29,29,2,80
549RAF1001,EPS,80,2026,0.0,7236.9,0.0,1457.29,-1457.29,fmavct_kbfc,6804700.5,-607732.07,7500.0,7404932.57,35,2,80
549RAF2004,NAI,80,2026,0.0,9082.37,0.0,10191.43,-10191.43,fmavct_kbfc,1429008.2,3663144.52,0.0,-2234136.32,35,1,80
549RAF4002,HAR,80,2026,0.0,16782.58,0.0,41.67,-41.67,fmavct_kbfc,3658335.89,-655545.47,521.73,4313359.63,33,2,80
549RER1001,EDU,80,2026,0.0,15863.07,0.0,66554.35,-66554.35,fmavct_kbfc,5079722.16,311220.83,5500.0,4763001.33,18,2,80
549RER1002,TAI,80,2026,0.0,8249.32,0.0,6864.0,-6864.0,fmavct_kbfc,2257839.12,39879.73,5860.0,2212099.39,9,2,80
549RER2014,IOC,80,2026,0.0,12084.84,0.0,13659.45,-13659.45,fmavct_kbfc,1406323.5,76310.72,0.0,1330012.78,19,2,80
549RER2015,IOC,80,2026,0.0,11459.23,0.0,573.59,-573.59,fmavct_kbfc,1216956.32,-1859.28,0.0,1218815.6,21,2,80
549RER2016,IOC,80,2026,0.0,3953.39,0.0,23110.6,-23110.6,fmavct_kbfc,395355.0,12892.88,0.0,382462.12,9,2,80
549RER2017,IOC,80,2026,0.0,9040.59,0.0,702601.88,-702601.88,fmavct_kbfc,920740.0,47925.9,0.0,872814.1,26,2,80
549RER2018,BRU,80,2026,0.0,19409.69,0.0,2563.02,-2563.02,fmavct_kbfc,1565177.68,98864.74,12.0,1466300.94,35,2,80
549RER2019,BRU,80,2026,0.0,8284.64,0.0,4801.14,-4801.14,fmavct_kbfc,928577.24,40180.69,1269.56,887126.99,22,2,80
549RER2020,BRU,80,2026,0.0,4878.24,0.0,334482.8,-334482.8,fmavct_kbfc,616180.74,-24601.64,0.0,640782.38,13,2,80
549RER2021,IOC,80,2026,0.0,11840.0,0.0,5035.97,-5035.97,fmavct_kbfc,1887924.36,-543555.43,0.0,2431479.79,33,2,80
549RER3003,BIO,80,2026,0.0,242.34,0.0,19.47,-19.47,fmavct_kbfc,1209811.56,92726.81,0.0,1117084.75,4,2,80
549RER3004,RPF,80,2026,0.0,16686.41,0.0,1578.03,-1578.03,fmavct_kbfc,5481378.88,252888.39,50491.7,5177998.79,6,2,80
549RER4009,VNI,80,2026,0.0,40741.06,0.0,77914.04,-77914.04,fmavct_kbfc,11787094.36,-540263.02,81836.0,12245521.38,47,2,80
549RER4010,SAR,80,2026,0.0,4168.45,0.0,3130.26,-3130.26,fmavct_kbfc,877442.23,60099.26,5000.0,812342.97,8,2,80
549RER5005,VNI,80,2026,0.0,24233.42,0.0,48.82,-48.82,fmavct_kbfc,8441586.01,-547364.86,20074.0,8968876.87,16,2,80
549TAJ1000,ATA,80,2026,0.0,124146.32,0.0,7916.67,-7916.67,fmavct_kbfc,20931353.13,6712230.72,24158.89,14194963.52,60,2,80
549UKR5000,DHE,80,2026,0.0,34746.92,0.0,0.0,-34746.92,fmifiit_fmioi,5903958.0,-1997447.51,93.3,7901312.21,10,2,80
549UZB1000,TAS,80,2026,0.0,58806.03,0.0,693.98,-693.98,fmavct_kbfc,11372596.54,5061475341.25,101199927.0,-5151302671.71,8,1,80
549YEM4001,DOH,80,2026,0.0,179094.33,0.0,25744.21,-25744.21,fmavct_kbfc,50192380.98,3448865.67,702917.78,46040597.53,21,2,80
551GLO0030,BSP,80,2026,0.0,647.77,0.0,18172.72,-18172.72,fmavct_kbfc,325882.72,-80173.42,1010.38,405045.76,1,2,80
553INT4007,ITH,80,2026,0.0,4919.48,0.0,1906.36,-1906.36,fmavct_kbfc,750093.34,496932.23,5289.0,247872.11,4,2,80
555RAS2025,JAK,80,2026,0.0,4373.82,0.0,18528.08,-18528.08,fmavct_kbfc,364306.43,2538858.79,1745844.0,-3920396.36,1,1,80
555RAS2027,JAK,80,2026,0.0,687.06,0.0,16928.16,-16928.16,fmavct_kbfc,317718.0,897471.02,0.0,-579753.02,14,1,80
556GLO5001,DHE,80,2026,0.0,11583.24,0.0,458.62,-458.62,fmavct_kbfc,4123087.62,1861461.5,18000.0,2243626.12,35,2,80
556GLO5002,DHE,80,2026,0.0,6813.04,0.0,0.0,-6813.04,fmifiit_fmioi,1146977.8,59264.16,1421465.45,-333751.81,6,1,80
559GLO1043,HED,80,2026,0.0,497.07,0.0,401.77,-401.77,fmavct_kbfc,91742.5,-48261.21,0.0,140003.71,1,2,80
559GLO1044,GCP,80,2026,0.0,3219.66,0.0,132332.03,-132332.03,fmavct_kbfc,565000.0,2500.0,0.0,562500.0,9,2,80
560GLO0001,DBS,80,2026,0.0,16481.44,0.0,23000.0,-23000.0,fmavct_kbfc,10892174.0,90641.98,79751.09,10721780.93,6,2,80
560IRQ4000,BAG,80,2026,0.0,2126.39,0.0,228466.86,-228466.86,fmavct_kbfc,56701869.09,2042881901.8,0.0,-1986180032.71,19,1,80
567AFG4000,KAB,80,2026,0.0,63979.59,0.0,189.26,-189.26,fmavct_kbfc,7881565.36,849895.79,52487.71,6979181.86,15,2,80
567AFG4001,KAB,80,2026,0.0,5328.0,0.0,51.19,-51.19,fmavct_kbfc,852201.84,-290799.98,0.0,1143001.82,14,2,80
567GHA2000,HYD,80,2026,0.0,13856.8,0.0,48705.44,-48705.44,fmavct_kbfc,2079623.0,-66835.66,212977.0,1933481.66,23,2,80
567IRA2000,TEH,80,2026,0.0,2327.25,0.0,2500.0,-2500.0,fmavct_kbfc,2634293.57,18945101.04,0.0,-16310807.47,14,1,80
567KEN2000,NAI,80,2026,0.0,41133.93,0.0,1184.42,-1184.42,fmavct_kbfc,2725043.13,5225251.13,6809.3,-2507017.3,28,1,80
567TUR2000,VNI,80,2026,0.0,16.38,0.0,0.27,-0.27,fmavct_kbfc,1887314.0,11320.45,0.0,1875993.55,15,2,80
567UKR1001,EME,80,2026,0.0,5924.29,0.0,16.67,-16.67,fmavct_kbfc,13599967.88,284155.1,311282.36,13004530.42,10,2,80
567UKR4001,EPR,80,2026,0.0,55918.51,0.0,6607.71,-6607.71,fmavct_kbfc,23244318.92,3168898.18,180171.57,19895249.17,76,2,80
567UKR5001,FEJ,80,2026,0.0,1651.19,0.0,2902.08,-2902.08,fmavct_kbfc,9287967.0,308605.12,0.0,8979361.88,19,2,80
570GHA1000,ACR,80,2026,0.0,19016.03,0.0,40.2,-40.2,fmavct_kbfc,2992730.34,523707.18,103453.41,2365569.75,46,2,80
570GLO0028,CPE,80,2026,0.0,9564.17,0.0,43064.0,-43064.0,fmavct_kbfc,1212662.39,-259841.41,0.0,1472503.8,9,2,80
570GLO0029,BSP,80,2026,0.0,6666.16,0.0,7423.9,-7423.9,fmavct_kbfc,967981.29,45347.64,0.0,922633.65,12,2,80
570GLO1032,FLI,80,2026,0.0,18913.06,0.0,3943.11,-3943.11,fmavct_kbfc,3353626.27,1470221.91,2500000.0,-616595.64,18,1,80
570GLO1033,E30,80,2026,0.0,2875.95,0.0,8177.76,-8177.76,fmavct_kbfc,395851.16,3822384.73,0.0,-3426533.57,6,1,80
570GLO1035,EDP,80,2026,0.0,20241.12,0.0,260.23,-260.23,fmavct_kbfc,4128440.37,7305823.33,124683.52,-3302066.48,18,1,80
570GLO1036,TED,80,2026,0.0,22365.46,0.0,2778.46,-2778.46,fmavct_kbfc,1559633.02,211208.33,0.0,1348424.69,5,2,80
570GLO1037,ITE,80,2026,0.0,821.34,0.0,0.0,-821.34,fmifiit_fmioi,137597.49,816760.39,0.0,-679162.9,1,1,80
570GLO2013,PCB,80,2026,0.0,675.26,0.0,139750.43,-139750.43,fmavct_kbfc,549908.59,1034476.47,2400.0,-486967.88,1,1,80
570GLO2029,EES,80,2026,0.0,18748.02,0.0,256198.64,-256198.64,fmavct_kbfc,3549322.27,1940768.66,90619.67,1517933.94,19,2,80
570GLO2030,VNI,80,2026,0.0,19819.33,0.0,23340.19,-23340.19,fmavct_kbfc,11767056.68,-808671.55,650.0,12575078.23,22,2,80
570GLO2033,CPH,80,2026,0.0,691.39,0.0,3191.67,-3191.67,fmavct_kbfc,1080346.62,23540.48,0.0,1056806.14,9,2,80
570GLO2034,VNI,80,2026,0.0,5287.38,0.0,3915.24,-3915.24,fmavct_kbfc,655853.0,-22037.61,0.0,677890.61,16,2,80
570GLO2035,IOC,80,2026,0.0,6326.14,0.0,164.61,-164.61,fmavct_kbfc,858684.0,54111.63,0.0,804572.37,16,2,80
570GLO2041,IOC,80,2026,0.0,11871.35,0.0,54683.16,-54683.16,fmavct_kbfc,2031998.72,74663.44,0.0,1957335.28,18,2,80
570GLO2042,IOC,80,2026,0.0,8351.92,0.0,3479.16,-3479.16,fmavct_kbfc,1440000.0,47383.56,4048.2,1388568.24,21,2,80
570GLO2045,PBS,80,2026,0.0,1035.6,0.0,1660.42,-1660.42,fmavct_kbfc,698956.0,4200.0,0.0,694756.0,7,2,80
570GLO2046,IOC,80,2026,0.0,22246.4,0.0,1025.0,-1025.0,fmavct_kbfc,620000.0,162543.04,300.0,457156.96,1,2,80
570GLO3018,INC,80,2026,0.0,2234.3,0.0,670.89,-670.89,fmavct_kbfc,732673.56,-114806.94,0.0,847480.5,8,2,80
570GLO3021,SPR,80,2026,0.0,1514.32,0.0,0.01,-0.01,fmavct_kbfc,366972.0,24210.76,0.0,342761.24,4,2,80
570GLO3024,MTF,80,2026,0.0,3957.4,0.0,383351.59,-383351.59,fmavct_kbfc,917431.2,-419660.58,0.0,1337091.78,6,2,80
570GLO3025,NDL,80,2026,0.0,5198.72,0.0,133.33,-133.33,fmavct_kbfc,734422.0,2894067.96,20000.0,-2179645.96,4,1,80
570GLO3026,IRD,80,2026,0.0,21503.21,0.0,123.65,-123.65,fmavct_kbfc,10035900.0,292589.42,0.0,9743310.58,17,2,80
570GLO3027,BIO,80,2026,0.0,61339.32,0.0,32812.06,-32812.06,fmavct_kbfc,2907113.5,-1029740.38,294890.0,3641963.88,8,2,80
570GLO3028,YOU,80,2026,0.0,43224.78,0.0,13288.73,-13288.73,fmavct_kbfc,6671444.28,1676287.0,98500.0,4896657.28,8,2,80
570GLO3029,MTF,80,2026,0.0,3615.39,0.0,151.26,-151.26,fmavct_kbfc,1890000.0,17423.81,1461.6,1871114.59,10,2,80
570GLO3030,MTF,80,2026,0.0,4744.07,0.0,15165.33,-15165.33,fmavct_kbfc,371486.86,33823.06,0.0,337663.8,2,2,80
570GLO4029,CPD,80,2026,0.0,2314.99,0.0,436.83,-436.83,fmavct_kbfc,2821330.46,22980408.6,36257.53,-20195335.67,21,1,80
570GLO5018,UAI,80,2026,0.0,8069.86,0.0,3309.39,-3309.39,fmavct_kbfc,1101513.0,737602.2,0.0,363910.8,6,2,80
570GLO5020,BRZ,80,2026,0.0,2667.01,0.0,1125.0,-1125.0,fmavct_kbfc,183486.24,43367.5,3725.0,136393.74,1,2,80
570GLO5021,MIL,80,2026,0.0,2659.36,0.0,9644.04,-9644.04,fmavct_kbfc,91743.0,12541.39,0.0,79201.61,1,2,80
570INT1008,ITE,80,2026,0.0,1069.26,0.0,7971.99,-7971.99,fmavct_kbfc,494813.73,2017435.41,0.0,-1522621.68,1,1,80
570INT1009,ITE,80,2026,0.0,3924.98,0.0,3470.95,-3470.95,fmavct_kbfc,193086.16,2637846.42,0.0,-2444760.26,5,1,80
570IRQ1001,BAG,80,2026,0.0,43.41,0.0,127.38,-127.38,fmavct_kbfc,167992.44,2630657.73,0.0,-2462665.29,35,1,80
570IRQ4002,BAG,80,2026,0.0,13994.31,0.0,22201.58,-22201.58,fmavct_kbfc,9867167.69,79340590.82,69165415.75,-138638838.88,62,1,80
570IVC1000,ABJ,80,2026,0.0,4075.87,0.0,4901.05,-4901.05,fmavct_kbfc,804748.44,440555.69,25068.64,339124.11,8,2,80
570MEX1003,MXC,80,2026,0.0,6399.99,0.0,30486.71,-30486.71,fmavct_kbfc,689248.76,747462.33,0.0,-58213.57,10,1,80
570MEX2001,MXC,80,2026,0.0,8610.47,0.0,4083.33,-4083.33,fmavct_kbfc,1793988.0,455835.86,94473.72,1243678.42,29,2,80
570MEX4000,MXC,80,2026,0.0,5232.75,0.0,6565.08,-6565.08,fmavct_kbfc,1331998.42,2923956.5,15638.35,-1607596.43,5,1,80
570MEX4002,MXC,80,2026,0.0,10296.34,0.0,17442.47,-17442.47,fmavct_kbfc,1599081.7,492970.26,105849.23,1000262.21,36,2,80
570MLI4002,BAM,80,2026,0.0,8400.15,0.0,12200.0,-12200.0,fmavct_kbfc,1247049.32,846630.76,17584.4,382834.16,54,2,80
570MON2000,BEJ,80,2026,0.0,8517.56,0.0,3547.74,-3547.74,fmavct_kbfc,1376146.77,126218353.44,23463.28,-124865669.95,1,1,80
570MOR1001,RAB,80,2026,0.0,51595.02,0.0,1900.0,-1900.0,fmavct_kbfc,4581252.86,2042209.4,280534.5,2258508.96,13,2,80
570PER1004,LIM,80,2026,0.0,21818.07,0.0,18901.35,-18901.35,fmavct_kbfc,2479710.7,66787.82,940.46,2411982.42,1,2,80
570PER1006,LIM,80,2026,0.0,7187.39,0.0,6800.98,-6800.98,fmavct_kbfc,2814776.61,139636.39,1062.0,2674078.22,36,2,80
570PER1007,LIM,80,2026,0.0,29311.2,0.0,6321.6,-6321.6,fmavct_kbfc,1292488.67,438244.38,35360.0,818884.29,1,2,80
570RAB1013,ITE,80,2026,0.0,3699.73,0.0,1000.0,-1000.0,fmavct_kbfc,185096.2,2814019.44,0.0,-2628923.24,1,1,80
570RAB2000,BEI,80,2026,0.0,3413.72,0.0,108.54,-108.54,fmavct_kbfc,458623.84,25538.0,18660.5,414425.34,5,2,80
570RAF0003,PAX,80,2026,0.0,5034.58,0.0,5693.68,-5693.68,fmavct_kbfc,642155.96,-166675.38,0.0,808831.34,4,2,80
570RAF2002,NAI,80,2026,0.0,3075.86,0.0,52.0,-52.0,fmavct_kbfc,392697.24,1953286.34,500354.0,-2060943.1,11,1,80
570RAS1008,BGK,80,2026,0.0,23864.02,0.0,4237.74,-4237.74,fmavct_kbfc,2752292.0,10427928.3,11971800.2,-19647436.5,6,1,80
570RAS4006,BGK,80,2026,0.0,4524.92,0.0,23097.2,-23097.2,fmavct_kbfc,899200.2,-45085.44,0.0,944285.64,7,2,80
570RAS4008,JAK,80,2026,0.0,4416.92,0.0,25229.21,-25229.21,fmavct_kbfc,351091.78,1724997.69,0.0,-1373905.91,4,1,80
570RLA1016,STG,80,2026,0.0,8907.86,0.0,5175.7,-5175.7,fmavct_kbfc,1002295.68,10938206.71,0.0,-9935911.03,44,1,80
570RLA1017,SJO,80,2026,0.0,9170.1,0.0,2400.0,-2400.0,fmavct_kbfc,169899.07,1259450.1,0.0,-1089551.03,1,1,80
570RLA2001,EES,80,2026,0.0,27854.63,0.0,11702.4,-11702.4,fmavct_kbfc,11460664.48,1341798.03,30302.0,10088564.45,36,2,80
570RSS1000,JUB,80,2026,0.0,46094.8,0.0,3000.0,-3000.0,fmavct_kbfc,5769764.29,330053.06,65960.5,5373750.73,9,2,80
570TUN4000,RAB,80,2026,0.0,4874.23,0.0,5564.37,-5564.37,fmavct_kbfc,182330.26,374105.04,24500.0,-216274.78,1,1,80
570TUN4001,RAB,80,2026,0.0,4006.15,0.0,124.19,-124.19,fmavct_kbfc,275229.0,128126.77,410.0,146692.23,1,2,80
570VIE4003,HAN,80,2026,0.0,8627.46,0.0,2976.38,-2976.38,fmavct_kbfc,777548.69,17740886.49,0.0,-16963337.8,1,1,80
580GLO0002,HRM,80,2026,0.0,6964.76,0.0,3704.47,-3704.47,fmavct_kbfc,461416.41,118652.2,0.0,342764.21,1,2,80
580GLO0003,CPE,80,2026,0.0,37493.89,0.0,3.9,-3.9,fmavct_kbfc,10891335.44,760046.01,100.0,10131189.43,8,2,80
580GLO1001,ITE,80,2026,0.0,7325.46,0.0,25241.88,-25241.88,fmavct_kbfc,1027038.36,8132296.59,0.0,-7105258.23,7,1,80
580GLO1004,IGE,80,2026,0.0,15136.41,0.0,1.22,-1.22,fmavct_kbfc,1926549.78,117643122.96,27384.31,-115743957.49,21,1,80
580GLO1006,ITE,80,2026,0.0,2124.21,0.0,26976.48,-26976.48,fmavct_kbfc,50540.08,1323147.41,0.0,-1272607.33,1,1,80
580GLO2003,PBS,80,2026,0.0,8801.96,0.0,39123.2,-39123.2,fmavct_kbfc,328875.8,-221412.45,0.0,550288.25,1,2,80
580GLO4002,WHC,80,2026,0.0,7171.45,0.0,472.96,-472.96,fmavct_kbfc,389384.0,-101579.15,0.0,490963.15,1,2,80
580GLO4003,BEJ,80,2026,0.0,1849.4,0.0,925.24,-925.24,fmavct_kbfc,229733.37,22108.65,0.0,207624.72,7,2,80
580INT1000,EDU,80,2026,0.0,62227.64,0.0,10841.33,-10841.33,fmavct_kbfc,4580634.09,1675760.88,932451.66,1972421.55,13,2,80
580INT1001,YLS,80,2026,0.0,7280.13,0.0,84594.75,-84594.75,fmavct_kbfc,1866000.0,184407.76,65833.94,1615758.3,27,2,80
580RAF1006,ESC,80,2026,0.0,29040.98,0.0,13244.2,-13244.2,fmavct_kbfc,13204000.92,177878364.93,250127.83,-164924491.84,33,1,80
580RAF4000,WHC,80,2026,0.0,9471.71,0.0,6038.24,-6038.24,fmavct_kbfc,683288.0,185673.41,0.0,497614.59,1,2,80
580RAF4001,WHC,80,2026,0.0,4831.03,0.0,49.18,-49.18,fmavct_kbfc,928271.2,39527.96,0.0,888743.24,6,2,80
585RAS1027,BGK,80,2026,0.0,5647.32,0.0,308.09,-308.09,fmavct_kbfc,514614.83,5456483.43,0.0,-4941868.6,7,1,80
650RER0002,VNI,80,2026,0.0,16831.23,0.0,28.81,-28.81,fmavct_kbfc,1858088.39,261824.7,0.0,1596263.69,3,2,80
650RER0003,VNI,80,2026,0.0,39.92,0.0,689.41,-689.41,fmavct_kbfc,14421.39,4171.62,0.0,10249.77,1,2,80
650RER2003,VNI,80,2026,0.0,870.89,0.0,37210.31,-37210.31,fmavct_kbfc,155574.0,8981.74,0.0,146592.26,7,2,80
650RER4000,VNI,80,2026,0.0,79.43,0.0,171031.82,-171031.82,fmavct_kbfc,326139.7,15247.23,1328.0,309564.47,61,2,80
650RER4003,VNI,80,2026,0.0,65.69,0.0,11695.75,-11695.75,fmavct_kbfc,155574.0,896.2,0.0,154677.8,5,2,80
650RER6000,VNI,80,2026,0.0,2157.64,0.0,167710.4,-167710.4,fmavct_kbfc,1188110.15,-372779.26,33.87,1560855.54,37,2,80
662UNE1000,UNE,80,2026,0.0,31407.89,0.0,16512.77,-16512.77,fmavct_kbfc,2196089.67,27175.06,233.9,2168680.71,1,2,80
664LIB0001,BFC,80,2026,0.0,7133.69,0.0,20485.24,-20485.24,fmavct_kbfc,497752.71,4409.79,0.0,493342.92,1,2,80
665GLO2000,HYD,80,2026,0.0,44696.92,0.0,151700.0,-151700.0,fmavct_kbfc,4750147.94,1344381.75,9361.9,3396404.29,1,2,80
700CMR1004,YAO,80,2026,0.0,15097.31,0.0,7332.96,-7332.96,fmavct_kbfc,1420918.0,476521.08,0.0,944396.92,18,2,80
701RAS1000,API,80,2026,0.0,30148.54,0.0,0.0,-30148.54,fmifiit_fmioi,4008608.88,-268019.1,1512.04,4275115.94,7,2,80
702GAB1001,LBV,80,2026,0.0,4423.65,0.0,23020.5,-23020.5,fmavct_kbfc,247583.4,134135.46,123891.5,-10443.56,26,1,80
702RSS1000,JUB,80,2026,0.0,45181.76,0.0,649.34,-649.34,fmavct_kbfc,19256448.41,-610460.32,45020.42,19821888.31,65,2,80
703UZB1000,TAS,80,2026,0.0,10777.95,0.0,3042.88,-3042.88,fmavct_kbfc,2705250.0,182412747.81,48.38,-179707546.19,10,1,80
728HAI2000,POP,80,2026,0.0,95765.02,0.0,22360.3,-22360.3,fmavct_kbfc,29961057.9,12589917.34,127472.07,17243668.49,75,2,80
728RAS2002,ATA,80,2026,0.0,26145.81,0.0,400.99,-400.99,fmavct_kbfc,20502932.24,20036768.46,113814.0,352349.78,80,2,80
728RAS2003,JAK,80,2026,0.0,906.84,0.0,34212.0,-34212.0,fmavct_kbfc,1336166.13,665341.46,0.0,670824.67,95,2,80
801GLO2000,IOC,80,2026,0.0,6057.85,0.0,14.7,-14.7,fmavct_kbfc,274185.68,-105133.58,0.0,379319.26,1,2,80
804GLO1019,ESD,80,2026,0.0,5013.75,0.0,8540.98,-8540.98,fmavct_kbfc,265375.0,49246.61,0.0,216128.39,1,2,80
804GLO5003,DHE,80,2026,0.0,7292.09,0.0,35377.2,-35377.2,fmavct_kbfc,193184.0,31112.77,94.32,161976.91,1,2,80
804RAS4000,WHC,80,2026,0.0,5329.22,0.0,105258.44,-105258.44,fmavct_kbfc,224650.0,-270036.69,0.0,494686.69,1,2,80
808GLO1011,SDG,80,2026,0.0,5908.76,0.0,3249.68,-3249.68,fmavct_kbfc,271617.0,56010.27,0.0,215606.73,1,2,80
808GLO4005,LHE,80,2026,0.0,7437.64,0.0,474.11,-474.11,fmavct_kbfc,321309.0,-7652.12,0.0,328961.12,1,2,80
809GLO3000,BIO,80,2026,0.0,6068.95,0.0,52906.1,-52906.1,fmavct_kbfc,303618.7,-50761.3,0.0,354380.0,1,2,80
809RAF1002,HED,80,2026,0.0,5780.67,0.0,44067.13,-44067.13,fmavct_kbfc,214336.0,-272933.68,0.0,487269.68,1,2,80
809RAF4000,NAI,80,2026,0.0,1513.41,0.0,133.41,-133.41,fmavct_kbfc,196466.4,-160760.56,84.2,357142.76,1,2,80
809RAF5000,HAR,80,2026,0.0,4156.77,0.0,3230.55,-3230.55,fmavct_kbfc,307491.0,-97191.06,0.0,404682.06,1,2,80
810GLO1019,HED,80,2026,0.0,5959.34,0.0,165342.04,-165342.04,fmavct_kbfc,256168.0,59268.35,0.0,196899.65,1,2,80
810GLO4006,WHC,80,2026,0.0,2012.79,0.0,222485.17,-222485.17,fmavct_kbfc,297001.0,-297169.61,0.0,594170.61,1,2,80
810GLO4007,EPR,80,2026,0.0,4397.3,0.0,33556.94,-33556.94,fmavct_kbfc,298258.0,-310388.73,276.0,608370.73,1,2,80
810RAF4000,NAI,80,2026,0.0,6321.82,0.0,44823.29,-44823.29,fmavct_kbfc,326354.0,49177.36,21000.0,256176.64,1,2,80
811GLO2000,IOC,80,2026,0.0,5908.76,0.0,61.32,-61.32,fmavct_kbfc,265767.0,68096.44,0.0,197670.56,1,2,80
811GLO3001,BIO,80,2026,0.0,5748.6,0.0,30.64,-30.64,fmavct_kbfc,120722.0,28722.32,0.0,91999.68,1,2,80
811GLO5000,FEJ,80,2026,0.0,84.64,0.0,1647.41,-1647.41,fmavct_kbfc,273840.95,54371.13,0.0,219469.82,1,2,80
819RER4000,WHC,80,2026,0.0,6068.95,0.0,8134.45,-8134.45,fmavct_kbfc,310279.0,57549.06,0.0,252729.94,1,2,80
821GLO0008,BFM,80,2026,0.0,716.55,0.0,20000.0,-20000.0,fmavct_kbfc,246378.29,69785.33,0.0,176592.96,1,2,80
821GLO0009,UIS,80,2026,0.0,5316.4,0.0,83043.53,-83043.53,fmavct_kbfc,249586.61,51585.97,0.0,198000.64,1,2,80
821GLO1002,DAK,80,2026,0.0,100.21,0.0,49893.0,-49893.0,fmavct_kbfc,264086.97,51386.59,0.0,212700.38,1,2,80
821GLO1004,SDG,80,2026,0.0,6517.88,0.0,14322.79,-14322.79,fmavct_kbfc,287578.57,63810.0,0.0,223768.57,1,2,80
821GLO1005,ICB,80,2026,0.0,5839.94,0.0,268010.7,-268010.7,fmavct_kbfc,279382.14,57811.47,0.0,221570.67,1,2,80
821GLO1006,NAI,80,2026,0.0,8221.2,0.0,14758.22,-14758.22,fmavct_kbfc,150591.0,50975.16,0.0,99615.84,1,2,80
821GLO1007,CAI,80,2026,0.0,7264.16,0.0,2000.0,-2000.0,fmavct_kbfc,129633.0,44362.18,4955.27,80315.55,1,2,80
821GLO2002,HYD,80,2026,0.0,3431.25,0.0,22625.7,-22625.7,fmavct_kbfc,242914.01,75440.72,0.0,167473.29,1,2,80
821GLO2003,ADI,80,2026,0.0,6166.49,0.0,50.2,-50.2,fmavct_kbfc,298633.93,67089.1,0.0,231544.83,1,2,80
821GLO3002,SSG,80,2026,0.0,4594.93,0.0,3066.74,-3066.74,fmavct_kbfc,224173.98,17716.16,0.0,206457.82,1,2,80
821GLO3003,ICD,80,2026,0.0,5908.76,0.0,1404.95,-1404.95,fmavct_kbfc,283429.75,56010.27,0.0,227419.48,1,2,80
821GLO4002,CAI,80,2026,0.0,5319.74,0.0,526.76,-526.76,fmavct_kbfc,233896.43,48741.02,0.0,185155.41,1,2,80
821GLO4003,DAK,80,2026,0.0,7779.32,0.0,86852.63,-86852.63,fmavct_kbfc,275276.09,71898.76,0.0,203377.33,1,2,80
821GLO4004,KAT,80,2026,0.0,7374.93,0.0,7821.07,-7821.07,fmavct_kbfc,130675.0,41389.28,0.0,89285.72,1,2,80
821GLO4005,DOH,80,2026,0.0,7932.48,0.0,73534.02,-73534.02,fmavct_kbfc,153545.0,47349.81,0.0,106195.19,1,2,80
821RAS2000,BGK,80,2026,0.0,2927.5,0.0,1333.33,-1333.33,fmavct_kbfc,273504.08,69562.3,0.0,203941.78,1,2,80
821RAS4000,WHC,80,2026,0.0,3929.76,0.0,46.8,-46.8,fmavct_kbfc,217858.22,16124.7,0.0,201733.52,1,2,80
823GLO0004,BFM,80,2026,0.0,848.07,0.0,31873.06,-31873.06,fmavct_kbfc,139808.57,-116020.86,0.0,255829.43,2,2,80
823GLO0005,HRM,80,2026,0.0,6122.58,0.0,83471.67,-83471.67,fmavct_kbfc,211740.0,24806.99,9929.72,177003.29,2,2,80
823GLO1001,ESD,80,2026,0.0,3864.77,0.0,8932.29,-8932.29,fmavct_kbfc,115508.89,24402.51,0.0,91106.38,2,2,80
901LIB2004,PCB,80,2026,0.0,76.05,0.0,100585.17,-100585.17,fmavct_kbfc,1339684.72,845.01,0.0,1338839.71,8,2,80
907LEB4000,BEI,80,2026,0.0,6.5,0.0,48619.44,-48619.44,fmavct_kbfc,47670.48,6050.0,0.0,41620.48,1,2,80
917URU1001,IES,80,2026,0.0,34565.88,0.0,31852.0,-31852.0,fmavct_kbfc,1280064.61,266164.26,0.02,1013900.33,1,2,80
922IND1000,NDL,80,2026,0.0,15872.15,0.0,44365.28,-44365.28,fmavct_kbfc,2895916.5,-45717287.12,591622.29,48021581.33,7,2,80
922IND4006,NDL,80,2026,0.0,10751.94,0.0,42020.0,-42020.0,fmavct_kbfc,950875.72,-69582129.62,5792911.0,64740094.34,1,2,80
927CMR5001,YAO,80,2026,0.0,25997.57,0.0,1790317.01,-1790317.01,fmavct_kbfc,6914313.88,635575.47,116428.97,6162309.44,32,2,80
938MOR4003,RAB,80,2026,0.0,864.58,0.0,4563915.2,-4563915.2,fmavct_kbfc,239533.52,64513.97,1062.0,173957.55,1,2,80
938MOR4004,RAB,80,2026,0.0,17133.37,0.0,35600.49,-35600.49,fmavct_kbfc,1928331.7,2790175.5,250290.62,-1112134.42,1,1,80
938MOR4005,RAB,80,2026,0.0,3667.91,0.0,44.7,-44.7,fmavct_kbfc,129484.96,343406.99,12300.0,-226222.03,1,1,80
941THA1003,BGK,80,2026,0.0,5775.45,0.0,257.26,-257.26,fmavct_kbfc,744297.16,1249187.04,0.0,-504889.88,6,1,80
BGD1004532,DHA,80,2026,0.0,16323.76,0.0,416.67,-416.67,fmavct_kbfc,981306.0,9219812.67,83819.86,-8322326.53,18,1,80
GLO0119833,PCB,80,2026,0.0,6385.76,0.0,166.67,-166.67,fmavct_kbfc,3267507.6,150438.86,4000.0,3113068.74,38,2,80
GLO0129237,IOC,80,2026,0.0,30538.7,0.0,466.67,-466.67,fmavct_kbfc,10831292.28,545123.17,0.0,10286169.11,47,2,80
KUW1385366,DOH,80,2026,0.0,8435.59,0.0,4606.67,-4606.67,fmavct_kbfc,630000.93,131746.77,0.0,498254.16,16,2,80
NIR1001324,ABU,80,2026,0.0,17698.24,0.0,833.33,-833.33,fmavct_kbfc,2654087.76,256641922.83,0.0,-253987835.07,34,1,80
RAS0122395,ATA,80,2026,0.0,27519.45,0.0,1041.67,-1041.67,fmavct_kbfc,14462278.35,116058916.4,155317.0,-101751955.05,44,1,80
RER0115716,VNI,80,2026,0.0,19223.99,0.0,208.33,-208.33,fmavct_kbfc,10552473.9,205967.28,1023.0,10345483.62,47,2,80
RSS1000165,JUB,80,2026,0.0,1257.88,0.0,366.67,-366.67,fmavct_kbfc,1669872.75,36174.98,15271.61,1618426.16,18,2,80
196EAR4043,WHC,80,2026,0.0,50948.25,0.0,8095.09,-8095.09,fmavct_kbfc,8535922.58,-12482883.45,133348.35,20885457.68,128,2,80
221LEB5000,BEI,80,2026,0.0,5748.15,0.0,0.0,-5748.15,fmifiit_fmioi,875740.0,-120679.42,14089.45,982329.97,37,2,80
406GLO3008,HAR,80,2026,0.0,2008.77,0.0,6686.07,-6686.07,fmavct_kbfc,100000.0,-1906.8,0.0,101906.8,1,2,80
570MLI4001,BAM,80,2026,0.0,6623.78,0.0,311.14,-311.14,fmavct_kbfc,1588094.7,869398.6,0.0,718696.1,39,2,80
185GEF0004,UNESCO,50,2026,43718.18,87436.36,0.0,0.0,-43718.18,fmifiit_fmioi,0.0,0.0,0.0,0.0,0,no_ps_link,50
727AFG1001,KAB,80,2026,31471.81,0.0,0.0,17530.34,13941.47,fmavct_kbfc,0.0,0.0,0.0,0.0,1,4,80
727JOR1001,AMN,80,2026,1183.35,0.0,0.0,105550.92,-104367.57,fmavct_kbfc,0.0,-38500.0,0.0,38500.0,1,2,80
727MYA1003,BGK,80,2026,295666.91,0.0,0.0,24146.82,271520.09,fmavct_kbfc,0.0,0.0,0.0,0.0,1,4,80
727MYA1004,BGK,80,2026,17444.76,0.0,0.0,91997.45,-74552.69,fmavct_kbfc,0.0,0.0,0.0,0.0,1,2,80
727PAK1001,ISB,80,2026,5820.41,0.0,0.0,178944.95,-173124.54,fmavct_kbfc,0.0,-93170.0,0.0,93170.0,1,2,80
727PAL1003,RAM,80,2026,13639.78,0.0,0.0,211070.92,-197431.14,fmavct_kbfc,0.0,0.0,0.0,0.0,1,2,80
727PRC1011,BRV,80,2026,7222.66,0.0,0.0,131.9,7090.76,fmavct_kbfc,0.0,0.0,0.0,0.0,1,4,80
727PRC1013,BRV,80,2026,2979.71,0.0,0.0,29224.76,-26245.05,fmavct_kbfc,0.0,0.0,0.0,0.0,1,2,80
727RAF1003,BAM,80,2026,2520.88,0.0,0.0,1852.79,668.09,fmavct_kbfc,0.0,0.0,0.0,0.0,1,4,80
727SAM1000,API,80,2026,2991.45,0.0,0.0,321585.43,-318593.98,fmavct_kbfc,0.0,-14000.0,0.0,14000.0,1,2,80
727SUD1001,KHA,80,2026,14507.49,0.0,0.0,8932.99,5574.5,fmavct_kbfc,0.0,0.0,0.0,0.0,1,4,80
727BDI1005,YAO,80,2026,113906.16,0.0,0.0,8755.73,105150.43,fmavct_kbfc,0.0,0.0,0.0,0.0,1,4,80
727UKR1001,E30,80,2026,226757.04,0.0,0.0,1112.15,225644.89,fmavct_kbfc,0.0,0.0,0.0,0.0,1,4,80
727BGD1003,DHA,80,2026,2808.07,0.0,0.0,250292.48,-247484.41,fmavct_kbfc,0.0,0.0,0.0,0.0,1,2,80
727CHD1011,YAO,80,2026,90306.92,0.0,0.0,18930.82,71376.1,fmavct_kbfc,0.0,0.0,0.0,0.0,1,4,80
727CMB1009,PNP,80,2026,71399.99,0.0,0.0,77.54,71322.45,fmavct_kbfc,0.0,-883386.0,0.0,883386.0,1,4,80
727DRC1003,KNS,80,2026,10223.22,0.0,0.0,8904.34,1318.88,fmavct_kbfc,0.0,0.0,0.0,0.0,1,4,80
727GLO1008,ESD,80,2026,38495.92,0.0,0.0,211609.64,-173113.72,fmavct_kbfc,0.0,-52038.0,0.0,52038.0,1,2,80
727IVC1005,ABJ,80,2026,686204.88,0.0,0.0,27185.36,659019.52,fmavct_kbfc,0.0,0.0,0.0,0.0,1,4,80
631BAM9004,CPE,80,2026,6030.55,0.0,0.0,452284.08,-446253.53,fmavct_kbfc,0.0,0.0,0.0,0.0,0,no_ps_link,80
680REV9000,CAB,REVENUE,2026,14081625.03,0.0,0.0,0.0,14081625.03,fmifiit_fmioi,0.0,-34136967.9,0.0,34136967.9,1,4,REVENUE
632HQF9007,CLD,80,2026,43769.86,0.0,0.0,632246.72,-588476.86,fmavct_kbfc,0.0,0.0,0.0,0.0,0,no_ps_link,80
632HQF9008,SSM,80,2026,46191.68,0.0,0.0,9111.34,37080.34,fmavct_kbfc,0.0,0.0,0.0,0.0,0,no_ps_link,80
632HQF9009,OPS,80,2026,51233.98,0.0,0.0,1912.26,49321.72,fmavct_kbfc,0.0,0.0,0.0,0.0,0,no_ps_link,80
632HQF9010,CLD,80,2026,65771.11,0.0,0.0,12991.82,52779.29,fmavct_kbfc,0.0,0.0,0.0,0.0,0,no_ps_link,80
632HQF9010,CPC,80,2026,626.92,0.0,0.0,13858.76,-13231.84,fmavct_kbfc,0.0,0.0,0.0,0.0,0,no_ps_link,80
632HQF9010,DCS,80,2026,6451.38,0.0,0.0,6260.52,190.86,fmavct_kbfc,0.0,0.0,0.0,0.0,0,no_ps_link,80
632HQF9011,PAX,80,2026,5494.37,0.0,0.0,1503.96,3990.41,fmavct_kbfc,0.0,0.0,0.0,0.0,0,no_ps_link,80
632HQF9012,SSM,80,2026,11893.33,0.0,0.0,24113.9,-12220.57,fmavct_kbfc,0.0,0.0,0.0,0.0,0,no_ps_link,80
632HQF9018,HRM,80,2026,2774.81,0.0,0.0,250.97,2523.84,fmavct_kbfc,0.0,0.0,0.0,0.0,0,no_ps_link,80
639IOS9001,IOS,80,2026,2215.57,0.0,0.0,11711.81,-9496.24,fmavct_kbfc,68094.06,0.0,0.0,68094.06,9,2,80
640CDL9000,TCD,80,2026,3862.71,0.0,0.0,9254.27,-5391.56,fmavct_kbfc,0.0,0.0,0.0,0.0,0,no_ps_link,80
631BAM9005,CPE,80,2026,2826.11,0.0,0.0,988.33,1837.78,fmavct_kbfc,0.0,0.0,0.0,0.0,0,no_ps_link,80
631PAV9000,CPE,80,2026,91.77,0.0,0.0,10694.31,-10602.54,fmavct_kbfc,0.0,0.0,0.0,0.0,0,no_ps_link,80
632HQF9000,OPS,80,2026,146800.02,0.0,0.0,1.79,146798.23,fmavct_kbfc,0.0,0.0,0.0,0.0,0,no_ps_link,80
632HQF9002,AEO,80,2026,6409.34,0.0,0.0,17865.73,-11456.39,fmavct_kbfc,0.0,0.0,0.0,0.0,0,no_ps_link,80
727CMR1004,YAO,80,2026,1323.82,0.0,0.0,14900.64,-13576.82,fmavct_kbfc,0.0,-7030.94,0.0,7030.94,1,2,80
3210651021,UAI,11,2026,0.0,346.83,42550.56,0.0,-42897.39,fmifiit_fmioi,0.0,0.0,0.0,0.0,0,no_ps_link,11
633CRP1132,KAB,20,2026,0.0,11524.0,84782.5,0.0,-96306.5,fmifiit_fmioi,0.0,0.0,0.0,0.0,0,no_ps_link,20
A230583061,KHA,11,2026,212.3,200992.31,0.0,0.0,-200780.01,fmifiit_fmioi,0.0,0.0,0.0,0.0,0,no_ps_link,11
633CRP7312,BGK,50,2026,0.0,1863.73,12730.09,0.0,-14593.82,fmifiit_fmioi,0.0,0.0,0.0,0.0,0,no_ps_link,50
727SAM1003,API,TC,2026,1080.4,40932.19,222988.6,41898.41,-40818.01,fmavct_kbfc,1726314.0,18219.42,2732.22,1705362.36,17,2,10'|11|13|20|40|50
3230855121,NDL,20,2026,0.0,199.78,485943.49,0.0,-486143.27,fmifiit_fmioi,0.0,0.0,0.0,0.0,0,no_ps_link,20
A230574081,JAK,20,2026,0.0,6382.96,53983.89,0.0,-60366.85,fmifiit_fmioi,0.0,0.0,0.0,0.0,0,no_ps_link,20
633CRP1128,ISB,20,2026,0.0,9886.33,41581.08,0.0,-51467.41,fmifiit_fmioi,0.0,0.0,0.0,0.0,0,no_ps_link,20
268ZAM1001,HAR,TC,2026,0.0,69161.64,88238.47,4500.0,-4500.0,fmavct_kbfc,489900.0,711851.32,0.0,-221951.32,60,1,20|30|50
A230542191,NAI,20,2026,0.0,293.66,2564.98,0.0,-2858.64,fmifiit_fmioi,0.0,0.0,0.0,0.0,0,no_ps_link,20
637FOR7336,KNS,40,2026,0.0,54.0,8657.96,0.0,-8711.96,fmifiit_fmioi,0.0,0.0,0.0,0.0,0,no_ps_link,40
3210241051,PBS,40,2026,0.0,45383.64,61690.84,0.0,-107074.48,fmifiit_fmioi,0.0,0.0,0.0,0.0,0,no_ps_link,40
495GLO4242,UCH,TC,2026,0.0,3403.26,163210.44,2155.75,-2155.75,fmavct_kbfc,377692.02,-788814.92,0.0,1166506.94,4,2,11
3210294021,NDL,50,2026,0.0,216.22,0.0,0.0,-216.22,fmifiit_fmioi,0.0,0.0,0.0,0.0,0,no_ps_link,50
A230544011,ATA,40,2026,0.0,50549.24,101221.34,0.0,-151770.58,fmifiit_fmioi,0.0,0.0,0.0,0.0,0,no_ps_link,40
A230574141,ATA,20,2026,0.0,250.0,38801.44,0.0,-39051.44,fmifiit_fmioi,0.0,0.0,0.0,0.0,0,no_ps_link,20
3230835012,ATA,20,2026,0.0,4036.19,25636.24,0.0,-29672.43,fmifiit_fmioi,0.0,0.0,0.0,0.0,0,no_ps_link,20
680DBS4106,DBS,40,2026,1323.57,4443.78,4210.19,0.0,-7330.4,fmifiit_fmioi,0.0,0.0,0.0,0.0,0,no_ps_link,40
3210411062,IRD,40,2026,0.0,57.59,0.0,0.0,-57.59,fmifiit_fmioi,0.0,0.0,0.0,0.0,0,no_ps_link,40
A230573021,CAI,20,2026,0.0,22056.72,80430.92,0.0,-102487.64,fmifiit_fmioi,0.0,0.0,0.0,0.0,0,no_ps_link,20
3230834061,RAB,20,2026,0.0,1187.72,72983.5,0.0,-74171.22,fmifiit_fmioi,0.0,0.0,0.0,0.0,0,no_ps_link,20
3230854071,RAB,20,2026,0.0,11310.03,465033.22,0.0,-476343.25,fmifiit_fmioi,0.0,0.0,0.0,0.0,0,no_ps_link,20
633TFC7323,HAR,11,2026,0.0,12590.0,109380.0,0.0,-121970.0,fmifiit_fmioi,0.0,0.0,0.0,0.0,0,no_ps_link,11
3210423051,RAB,40,2026,0.0,5.02,3558.42,0.0,-3563.44,fmifiit_fmioi,0.0,0.0,0.0,0.0,0,no_ps_link,40
633CRP4148,RAB,50,2026,0.0,480.43,0.0,0.0,-480.43,fmifiit_fmioi,0.0,0.0,0.0,0.0,0,no_ps_link,50
633CRP5448,RAB,50,2026,0.0,307.82,0.0,0.0,-307.82,fmifiit_fmioi,0.0,0.0,0.0,0.0,0,no_ps_link,50
3230834061,RAB,50,2026,0.0,427.46,46095.28,0.0,-46522.74,fmifiit_fmioi,0.0,0.0,0.0,0.0,0,no_ps_link,50
3230854081,RAM,40,2026,0.0,1498.0,7140.0,0.0,-8638.0,fmifiit_fmioi,0.0,0.0,0.0,0.0,0,no_ps_link,40
A230544131,PNP,20,2026,0.0,12020.4,38466.03,0.0,-50486.43,fmifiit_fmioi,0.0,0.0,0.0,0.0,0,no_ps_link,20
3210143031,CAI,10',2026,0.0,714.6,0.0,0.0,-714.6,fmifiit_fmioi,0.0,0.0,0.0,0.0,0,no_ps_link,10'
633CRP1416,CAI,10',2026,14.48,80.75,0.0,0.0,-66.27,fmifiit_fmioi,0.0,0.0,0.0,0.0,0,no_ps_link,10'
A230574041,PNP,20,2026,0.0,9914.95,27946.65,0.0,-37861.6,fmifiit_fmioi,0.0,0.0,0.0,0.0,0,no_ps_link,20
3210425021,KNG,50,2026,0.0,831.63,0.0,0.0,-831.63,fmifiit_fmioi,0.0,0.0,0.0,0.0,0,no_ps_link,50
3210453051,RAB,20,2026,0.0,216.62,48543.96,0.0,-48760.58,fmifiit_fmioi,0.0,0.0,0.0,0.0,0,no_ps_link,20
3210513061,RAB,50,2026,0.0,62.97,0.0,0.0,-62.97,fmifiit_fmioi,0.0,0.0,0.0,0.0,0,no_ps_link,50
3210225101,KNG,30,2026,0.0,447.32,0.0,0.0,-447.32,fmifiit_fmioi,0.0,0.0,0.0,0.0,0,no_ps_link,30
526GLO2012,EES,30,2026,0.0,952.68,0.0,7915.19,-7915.19,fmavct_kbfc,1429329.3,25671.66,0.0,1403657.64,10,2,30
218PAL4000,RAM,50,2026,100.52,2736.56,21839.07,11167.88,-11067.36,fmavct_kbfc,4515651.93,328395.8,32457.0,4154799.13,25,2,50
3310611011,OPS,20,2026,0.0,9756.16,472412.02,0.0,-482168.18,fmifiit_fmioi,0.0,0.0,0.0,0.0,0,no_ps_link,20
727UKR1000,E30,40,2026,0.0,57790.58,3928888.78,2970.16,-2970.16,fmavct_kbfc,47833715.08,6414728.91,109682.42,41309303.75,59,2,40
513UKR4000,MHM,TC,2026,0.0,14072.0,109198.0,0.0,-123270.0,fmifiit_fmioi,673761.32,10558.0,0.0,663203.32,7,2,40
235CMR3003,YAO,20,2026,0.0,68823.45,2553856.24,850.0,-850.0,fmavct_kbfc,6069820.86,1707380.87,2506.5,4359933.49,57,2,20
448INT2211,TWA,TC,2026,0.0,104262.98,874826.81,23371.87,-23371.87,fmavct_kbfc,5862553.42,2206706.67,765.0,3655081.75,66,2,20|30
309INT1010,PEQ,20,2026,0.0,7548.56,161241.96,66.21,-66.21,fmavct_kbfc,821439.23,68310.67,6.0,753122.56,2,2,20
3230851011,SSM,50,2026,0.0,2165.85,0.0,0.0,-2165.85,fmifiit_fmioi,0.0,0.0,0.0,0.0,0,no_ps_link,50
3310611011,OPS,40,2026,0.0,4654.98,35020.78,0.0,-39675.76,fmifiit_fmioi,0.0,0.0,0.0,0.0,0,no_ps_link,40
3210143032,CAI,11,2026,0.0,3011.0,12044.0,0.0,-15055.0,fmifiit_fmioi,0.0,0.0,0.0,0.0,0,no_ps_link,11
523HAI1000,POP,TC,2026,0.0,41031.91,139905.18,384.08,-384.08,fmavct_kbfc,294290.5,1168606.54,0.0,-874316.04,19,1,11|40|50
728HAI2000,POP,40,2026,0.0,99714.54,794159.79,393.05,-393.05,fmavct_kbfc,29961057.9,12589917.34,127472.07,17243668.49,75,2,40
310GLO4000,MCO,11,2026,0.0,18694.21,386081.84,306.28,-306.28,fmavct_kbfc,1619867.01,-59297.97,0.0,1679164.98,25,2,11
3310711011,SSM,20,2026,0.0,8762.32,1058152.0,0.0,-1066914.32,fmifiit_fmioi,0.0,0.0,0.0,0.0,0,no_ps_link,20
3320111011,OPS,20,2026,0.0,296838.37,6119309.1,0.0,-6416147.47,fmifiit_fmioi,0.0,0.0,0.0,0.0,0,no_ps_link,20
A310711011,SEC,20,2026,0.0,108920.9,319130.37,0.0,-428051.27,fmifiit_fmioi,0.0,0.0,0.0,0.0,0,no_ps_link,20
680ADM3106,AEO,11,2026,0.0,3025.0,74908.0,0.0,-77933.0,fmifiit_fmioi,0.0,0.0,0.0,0.0,0,no_ps_link,11
680BSP3204,BSP,11,2026,0.0,3025.0,177122.06,0.0,-180147.06,fmifiit_fmioi,0.0,0.0,0.0,0.0,0,no_ps_link,11
175GLO4043,UCH,TC,2026,0.0,7772.15,13920.0,15664.77,-15664.77,fmavct_kbfc,200000.0,3954.08,0.0,196045.92,5,2,10'|11
633CRP7322,HAN,10',2026,0.0,1128.68,0.0,0.0,-1128.68,fmifiit_fmioi,0.0,0.0,0.0,0.0,0,no_ps_link,10'
3210184111,ISB,20,2026,0.0,8026.67,48693.76,0.0,-56720.43,fmifiit_fmioi,0.0,0.0,0.0,0.0,0,no_ps_link,20
3210123061,ISB,20,2026,0.0,2349.74,20363.8,0.0,-22713.54,fmifiit_fmioi,0.0,0.0,0.0,0.0,0,no_ps_link,20
570RAS4006,BGK,40,2026,0.0,2779.76,23923.06,1755.53,-1755.53,fmavct_kbfc,899200.2,-45085.44,0.0,944285.64,7,2,40
633CRP7312,BGK,40,2026,0.0,710.6,25563.98,0.0,-26274.58,fmifiit_fmioi,0.0,0.0,0.0,0.0,0,no_ps_link,40
633CRP7320,DOH,50,2026,0.0,1448.36,3970.12,0.0,-5418.48,fmifiit_fmioi,0.0,0.0,0.0,0.0,0,no_ps_link,50
3210163082,DOH,20,2026,0.0,1755.83,3509.74,0.0,-5265.57,fmifiit_fmioi,0.0,0.0,0.0,0.0,0,no_ps_link,20
A230572131,LBV,40,2026,0.0,214.96,0.0,0.0,-214.96,fmifiit_fmioi,0.0,0.0,0.0,0.0,0,no_ps_link,40
3230874051,BGK,10',2026,145.23,8893.71,0.0,0.0,-8748.48,fmifiit_fmioi,0.0,0.0,0.0,0.0,0,no_ps_link,10'
537CMB4004,PNP,50,2026,0.0,818.32,2101.33,601.67,-601.67,fmavct_kbfc,218466.06,11277.66,0.0,207188.4,1,2,50
RAS0122395,ATA,40,2026,0.0,4791.59,80752.12,14166.66,-14166.66,fmavct_kbfc,14462278.35,116058916.4,155317.0,-101751955.05,44,1,40
A230574021,TAS,50,2026,0.0,80.04,286.16,0.0,-366.2,fmifiit_fmioi,0.0,0.0,0.0,0.0,0,no_ps_link,50
501UZB5002,TAS,20,2026,0.0,57248.85,483768.63,0.0,-541017.48,fmifiit_fmioi,2377578.92,1309495651.14,19230140.0,-1326348212.22,5,1,20
633CRP7313,BRU,20,2026,0.0,1039.82,3202.6,0.0,-4242.42,fmifiit_fmioi,0.0,0.0,0.0,0.0,0,no_ps_link,20
3230835131,NDL,13,2026,0.0,1167.68,0.0,0.0,-1167.68,fmifiit_fmioi,0.0,0.0,0.0,0.0,0,no_ps_link,13
GEF_IPSAS,UNESCO,11,2026,0.0,2265004.3,0.0,0.0,-2265004.3,fmifiit_fmioi,0.0,0.0,0.0,0.0,0,no_ps_link,11
GEF_IPSAS,UNESCO,10',2026,0.0,1641489.48,0.0,0.0,-1641489.48,fmifiit_fmioi,0.0,0.0,0.0,0.0,0,no_ps_link,10'
OPF,UNESCO,11,2026,0.0,401241.35,0.0,0.0,-401241.35,fmifiit_fmioi,0.0,0.0,0.0,0.0,0,no_ps_link,11
OPF,UNESCO,10',2026,0.0,615678.79,0.0,0.0,-615678.79,fmifiit_fmioi,0.0,0.0,0.0,0.0,0,no_ps_link,10'
OPF,UNESCO,13,2026,0.0,415296.13,0.0,0.0,-415296.13,fmifiit_fmioi,0.0,0.0,0.0,0.0,0,no_ps_link,13
PFF,UNESCO,11,2026,0.0,1401186.34,0.0,0.0,-1401186.34,fmifiit_fmioi,0.0,0.0,0.0,0.0,0,no_ps_link,11
PFF,UNESCO,10',2026,0.0,1307966.04,0.0,0.0,-1307966.04,fmifiit_fmioi,0.0,0.0,0.0,0.0,0,no_ps_link,10'
PFF,UNESCO,13,2026,0.0,738872.73,0.0,0.0,-738872.73,fmifiit_fmioi,0.0,0.0,0.0,0.0,0,no_ps_link,13
3210414022,NDL,20,2026,0.0,1966.71,10806.96,0.0,-12773.67,fmifiit_fmioi,0.0,0.0,0.0,0.0,0,no_ps_link,20
3210454021,NDL,20,2026,0.0,387.83,4214.68,0.0,-4602.51,fmifiit_fmioi,0.0,0.0,0.0,0.0,0,no_ps_link,20
3210494021,NDL,20,2026,0.0,48.47,8642.02,0.0,-8690.49,fmifiit_fmioi,0.0,0.0,0.0,0.0,0,no_ps_link,20
191AIP2042,IOC,TC,2026,0.0,29170.19,70864.12,69933.15,-69933.15,fmavct_kbfc,398634.14,24095.0,0.0,374539.14,5,2,11
A230573031,KHA,20,2026,0.0,13080.0,49860.12,0.0,-62940.12,fmifiit_fmioi,0.0,0.0,0.0,0.0,0,no_ps_link,20
567UKR1000,E30,PC,2026,22.5,463.65,0.0,16414.13,-16391.63,fmavct_kbfc,7387916.69,1868560.11,0.0,5519356.58,11,2,10'
3210282081,HAR,10',2026,68.79,8286.26,0.0,0.0,-8217.47,fmifiit_fmioi,0.0,0.0,0.0,0.0,0,no_ps_link,10'
A230543081,RAM,50,2026,171.95,4657.61,15890.13,0.0,-20375.79,fmifiit_fmioi,0.0,0.0,0.0,0.0,0,no_ps_link,50
406GLO3009,MTF,REVENUE,2026,18960.0,0.0,0.0,0.0,18960.0,fmifiit_fmioi,17720.0,-11562.0,0.0,29282.0,1,4,REVENUE
520CMB4004,PNP,10',2026,0.0,325.01,0.0,26114.81,-26114.81,fmavct_kbfc,94735.96,12339.66,0.0,82396.3,1,2,10'
537CMB4003,PNP,PC,2026,0.0,6159.07,17157.8,250.0,-250.0,fmavct_kbfc,77981.65,-80638.73,0.0,158620.38,1,2,10'|11
GEF_IPSAS,UNESCO,50,2026,0.0,307861.18,0.0,0.0,-307861.18,fmifiit_fmioi,0.0,0.0,0.0,0.0,0,no_ps_link,50
GEF_IPSAS,UNESCO,40,2026,0.0,442605.76,0.0,0.0,-442605.76,fmifiit_fmioi,0.0,0.0,0.0,0.0,0,no_ps_link,40
GEF_IPSAS,UNESCO,30,2026,0.0,122605.49,0.0,0.0,-122605.49,fmifiit_fmioi,0.0,0.0,0.0,0.0,0,no_ps_link,30
OPF,UNESCO,40,2026,0.0,669739.04,0.0,0.0,-669739.04,fmifiit_fmioi,0.0,0.0,0.0,0.0,0,no_ps_link,40
580GLO0003,CPE,20,2026,0.0,78924.04,253057.97,1897.4,-1897.4,fmavct_kbfc,10891335.44,760046.01,100.0,10131189.43,8,2,20
INT0128886,IOC,20,2026,0.0,171154.76,2077693.0,833.33,-833.33,fmavct_kbfc,5467877.64,335681.45,15262.24,5116933.95,45,2,20
2210511081,WHC,11,2026,0.0,3000.0,10000.0,0.0,-13000.0,fmifiit_fmioi,0.0,0.0,0.0,0.0,0,no_ps_link,11
MBF,MBF,REVENUE,2026,0.0,16973.78,0.0,0.0,-16973.78,fmifiit_fmioi,0.0,0.0,0.0,0.0,0,no_ps_link,REVENUE
662UNE1000,UNE,20,2026,0.0,17943.06,292860.93,1101.33,-1101.33,fmavct_kbfc,2196089.67,27175.06,233.9,2168680.71,1,2,20
3210222021,DAK,10',2026,0.0,133.01,0.0,0.0,-133.01,fmifiit_fmioi,0.0,0.0,0.0,0.0,0,no_ps_link,10'
191OSD2042,IOC,TC,2026,0.0,59000.0,296989.3,6367.45,-6367.45,fmavct_kbfc,1249317.12,108064.21,14106.0,1127146.91,17,2,11
3210452071,ABJ,10',2026,0.0,665.05,0.0,0.0,-665.05,fmifiit_fmioi,0.0,0.0,0.0,0.0,0,no_ps_link,10'
2210551013,DCE,11,2026,0.0,20891.96,188479.68,0.0,-209371.64,fmifiit_fmioi,0.0,0.0,0.0,0.0,0,no_ps_link,11
3230633131,KNG,10',2026,0.0,21052.23,0.0,0.0,-21052.23,fmifiit_fmioi,0.0,0.0,0.0,0.0,0,no_ps_link,10'
2210121013,E30,11,2026,0.0,12651.42,32268.0,0.0,-44919.42,fmifiit_fmioi,0.0,0.0,0.0,0.0,0,no_ps_link,11
633CRP1491,HED,30,2026,0.0,323.38,0.0,0.0,-323.38,fmifiit_fmioi,0.0,0.0,0.0,0.0,0,no_ps_link,30
633CRP7304,ADI,30,2026,0.0,102.08,0.0,0.0,-102.08,fmifiit_fmioi,0.0,0.0,0.0,0.0,0,no_ps_link,30
A230573041,AMN,50,2026,0.0,715.28,3656.03,0.0,-4371.31,fmifiit_fmioi,0.0,0.0,0.0,0.0,0,no_ps_link,50
473UKR0002,PAX,40,2026,0.0,17232.24,44393.52,3440.23,-3440.23,fmavct_kbfc,259234.45,103364.82,7295.98,148573.65,1,2,40
3210131022,GCP,30,2026,0.0,1973.38,0.0,0.0,-1973.38,fmifiit_fmioi,0.0,0.0,0.0,0.0,0,no_ps_link,30
473UKR0002,PAX,20,2026,0.0,13836.69,51696.73,79636.24,-79636.24,fmavct_kbfc,259234.45,103364.82,7295.98,148573.65,1,2,20
3210315051,NDL,10',2026,0.0,627.92,0.0,0.0,-627.92,fmifiit_fmioi,0.0,0.0,0.0,0.0,0,no_ps_link,10'
A230545101,STG,40,2026,0.0,1310.21,5841.38,0.0,-7151.59,fmifiit_fmioi,0.0,0.0,0.0,0.0,0,no_ps_link,40
3210641022,DPT,20,2026,0.0,10.49,0.0,0.0,-10.49,fmifiit_fmioi,0.0,0.0,0.0,0.0,0,no_ps_link,20
3210641022,DPT,50,2026,626.92,485.92,0.0,0.0,141.0,fmifiit_fmioi,0.0,0.0,0.0,0.0,0,no_ps_link,50
3210556011,MTD,11,2026,0.0,2400.0,34830.92,0.0,-37230.92,fmifiit_fmioi,0.0,0.0,0.0,0.0,0,no_ps_link,11
170GLO4042,MHM,TC,2026,0.0,1795.0,187805.44,199943.06,-199943.06,fmavct_kbfc,495257.51,481929.62,0.0,13327.89,11,2,11|20
422ARG0005,IEP,20,2026,0.0,15887.33,17955.3,118460.61,-118460.61,fmavct_kbfc,293605.21,-22605066.25,0.0,22898671.46,1,2,20
633TFC7316,CAI,11,2026,0.0,11000.0,22000.0,0.0,-33000.0,fmifiit_fmioi,0.0,0.0,0.0,0.0,0,no_ps_link,11
633CRP7346,POP,20,2026,0.0,18457.2,88574.74,0.0,-107031.94,fmifiit_fmioi,0.0,0.0,0.0,0.0,0,no_ps_link,20
495GLO1060,ESD,TC,2026,26598.76,92513.94,83096.21,0.0,-149011.39,fmifiit_fmioi,1599216.86,-863480.18,1900.0,2460797.04,5,2,10'|11|13|20|50
511IES5515,IES,11,2026,22077.45,3030.99,183225.2,0.0,-164178.74,fmifiit_fmioi,0.0,0.0,0.0,0.0,0,no_ps_link,11
3110111031,GBS,40,2026,0.0,0.0,14849.3,0.0,-14849.3,fmifiit_fmioi,0.0,0.0,0.0,0.0,0,no_ps_link,40
3210221021,HYD,11,2026,0.0,7000.0,56658.0,0.0,-63658.0,fmifiit_fmioi,0.0,0.0,0.0,0.0,0,no_ps_link,11
3210536041,HAV,10',2026,0.0,124.0,0.0,0.0,-124.0,fmifiit_fmioi,0.0,0.0,0.0,0.0,0,no_ps_link,10'
3210556051,HAV,10',2026,0.0,223.2,0.0,0.0,-223.2,fmifiit_fmioi,0.0,0.0,0.0,0.0,0,no_ps_link,10'
633CRP4124,HAV,10',2026,0.0,409.2,0.0,0.0,-409.2,fmifiit_fmioi,0.0,0.0,0.0,0.0,0,no_ps_link,10'
728HAI2000,POP,20,2026,0.0,1001797.28,11535309.72,159617.3,-159617.3,fmavct_kbfc,29961057.9,12589917.34,127472.07,17243668.49,75,2,20
511IES5515,IES,20,2026,10628.79,15813.5,54076.86,0.0,-59261.57,fmifiit_fmioi,0.0,0.0,0.0,0.0,0,no_ps_link,20
2210131032,IPS,50,2026,0.0,761.21,1523.3,0.0,-2284.51,fmifiit_fmioi,0.0,0.0,0.0,0.0,0,no_ps_link,50
A230546031,NYO,20,2026,0.0,15995.51,25902.61,0.0,-41898.12,fmifiit_fmioi,0.0,0.0,0.0,0.0,0,no_ps_link,20
3210234021,KNG,10',2026,0.0,10517.22,0.0,0.0,-10517.22,fmifiit_fmioi,0.0,0.0,0.0,0.0,0,no_ps_link,10'
3230837121,SJO,10',2026,12.27,939.19,0.0,0.0,-926.92,fmifiit_fmioi,0.0,0.0,0.0,0.0,0,no_ps_link,10'
A230544021,API,50,2026,0.0,12075.56,22765.41,0.0,-34840.97,fmifiit_fmioi,0.0,0.0,0.0,0.0,0,no_ps_link,50
A230544021,API,20,2026,0.0,5023.22,6244.69,0.0,-11267.91,fmifiit_fmioi,0.0,0.0,0.0,0.0,0,no_ps_link,20
633CRP7346,POP,50,2026,0.0,2458.31,12724.6,0.0,-15182.91,fmifiit_fmioi,0.0,0.0,0.0,0.0,0,no_ps_link,50
261ZIM3001,HAR,20,2026,0.0,2130.52,226839.02,0.0,-228969.54,fmifiit_fmioi,678700.14,69367.69,0.0,609332.45,8,2,20
633CRP4111,BEJ,10',2026,64.7,360.55,0.0,0.0,-295.85,fmifiit_fmioi,0.0,0.0,0.0,0.0,0,no_ps_link,10'
633CRP7311,BEJ,10',2026,151.44,2859.33,0.0,0.0,-2707.89,fmifiit_fmioi,0.0,0.0,0.0,0.0,0,no_ps_link,10'
3210544092,SUV,10',2026,0.0,29430.73,0.0,0.0,-29430.73,fmifiit_fmioi,0.0,0.0,0.0,0.0,0,no_ps_link,10'
519GLO4004,WHC,TC,2026,259.26,26230.92,385341.68,8459.8,-8200.54,fmavct_kbfc,828996.0,2007855.66,53000.0,-1231859.66,9,1,10'|11|13|20|50
3230841791,KNS,30,2026,0.0,1895.0,0.0,0.0,-1895.0,fmifiit_fmioi,0.0,0.0,0.0,0.0,0,no_ps_link,30
A230544041,BEJ,40,2026,0.0,63040.76,215052.84,0.0,-278093.6,fmifiit_fmioi,0.0,0.0,0.0,0.0,0,no_ps_link,40
2230862011,BEJ,40,2026,0.0,7590.48,15180.96,0.0,-22771.44,fmifiit_fmioi,0.0,0.0,0.0,0.0,0,no_ps_link,40
3210231011,SDS,40,2026,0.0,4439.8,32522.88,0.0,-36962.68,fmifiit_fmioi,0.0,0.0,0.0,0.0,0,no_ps_link,40
2230835052,BEJ,40,2026,0.0,994.74,1366.84,0.0,-2361.58,fmifiit_fmioi,0.0,0.0,0.0,0.0,0,no_ps_link,40
633TFC7316,CAI,10',2026,10.93,1212.38,0.0,0.0,-1201.45,fmifiit_fmioi,0.0,0.0,0.0,0.0,0,no_ps_link,10'
3210543051,CAI,20,2026,0.0,979.93,44955.96,0.0,-45935.89,fmifiit_fmioi,0.0,0.0,0.0,0.0,0,no_ps_link,20
810GLO1018,EME,PC,2026,0.0,5944.49,0.0,211632.94,-211632.94,fmavct_kbfc,79230.0,26480.43,0.0,52749.57,1,2,10'|11
3210211231,EES,11,2026,0.0,13959.3,107418.7,0.0,-121378.0,fmifiit_fmioi,0.0,0.0,0.0,0.0,0,no_ps_link,11
2210141082,E30,10',2026,0.0,534.37,0.0,0.0,-534.37,fmifiit_fmioi,0.0,0.0,0.0,0.0,0,no_ps_link,10'
570KEN1001,ITE,PC,2026,0.0,21600.0,87400.0,88189.09,-88189.09,fmavct_kbfc,45822.48,8000.0,0.0,37822.48,1,2,11
633CRP2150,SJO,10',2026,137.79,0.0,0.0,0.0,137.79,fmifiit_fmioi,0.0,0.0,0.0,0.0,0,no_ps_link,10'
633CRP7320,DOH,10',2026,75.07,5414.04,0.0,0.0,-5338.97,fmifiit_fmioi,0.0,0.0,0.0,0.0,0,no_ps_link,10'
3230872091,BAM,10',2026,20.64,994.0,0.0,0.0,-973.36,fmifiit_fmioi,0.0,0.0,0.0,0.0,0,no_ps_link,10'
633CRP1818,DAR,10',2026,2.64,1255.29,0.0,0.0,-1252.65,fmifiit_fmioi,0.0,0.0,0.0,0.0,0,no_ps_link,10'
3230874111,DHA,10',2026,159.66,4723.71,0.0,0.0,-4564.05,fmifiit_fmioi,0.0,0.0,0.0,0.0,0,no_ps_link,10'
633CRP2190,EES,10',2026,463.97,8349.33,0.0,0.0,-7885.36,fmifiit_fmioi,0.0,0.0,0.0,0.0,0,no_ps_link,10'
2210144033,BGK,30,2026,57.35,0.0,0.0,0.0,57.35,fmifiit_fmioi,0.0,0.0,0.0,0.0,0,no_ps_link,30
633CRP7333,KAT,11,2026,8.72,0.0,1927.14,0.0,-1918.42,fmifiit_fmioi,0.0,0.0,0.0,0.0,0,no_ps_link,11
3210183061,DOH,10',2026,112.18,4558.35,0.0,0.0,-4446.17,fmifiit_fmioi,0.0,0.0,0.0,0.0,0,no_ps_link,10'
3210563021,DOH,10',2026,10.66,104.88,0.0,0.0,-94.22,fmifiit_fmioi,0.0,0.0,0.0,0.0,0,no_ps_link,10'
3210253021,DOH,10',2026,7.06,1440.81,0.0,0.0,-1433.75,fmifiit_fmioi,0.0,0.0,0.0,0.0,0,no_ps_link,10'
3210513051,DOH,10',2026,21.66,500.04,0.0,0.0,-478.38,fmifiit_fmioi,0.0,0.0,0.0,0.0,0,no_ps_link,10'
A230543041,CAI,50,2026,0.0,6789.62,31735.07,0.0,-38524.69,fmifiit_fmioi,0.0,0.0,0.0,0.0,0,no_ps_link,50
549RER2022,VNI,TC,2026,12.65,1165.89,0.0,883.33,-870.68,fmavct_kbfc,480004.82,15874.0,0.0,464130.82,31,2,10'
NIR1001324,ABU,30,2026,1799.22,31660.08,0.0,8333.34,-6534.12,fmavct_kbfc,2654087.76,256641922.83,0.0,-253987835.07,34,1,30
3210451051,SHS,30,2026,80.8,0.0,0.0,0.0,80.8,fmifiit_fmioi,0.0,0.0,0.0,0.0,0,no_ps_link,30
3230831051,DBS,40,2026,0.0,1827.67,797242.4,0.0,-799070.07,fmifiit_fmioi,0.0,0.0,0.0,0.0,0,no_ps_link,40
2210144062,BEJ,50,2026,0.0,1.73,0.0,0.0,-1.73,fmifiit_fmioi,0.0,0.0,0.0,0.0,0,no_ps_link,50
633CRP4111,BEJ,50,2026,0.0,92.23,0.0,0.0,-92.23,fmifiit_fmioi,0.0,0.0,0.0,0.0,0,no_ps_link,50
32101B2141,NAI,10',2026,56.01,1934.0,0.0,0.0,-1877.99,fmifiit_fmioi,0.0,0.0,0.0,0.0,0,no_ps_link,10'
3230874041,API,10',2026,26103.29,4961.06,0.0,0.0,21142.23,fmifiit_fmioi,0.0,0.0,0.0,0.0,0,no_ps_link,10'
3240114056,PPE,20,2026,0.0,31852.0,163408.0,0.0,-195260.0,fmifiit_fmioi,0.0,0.0,0.0,0.0,0,no_ps_link,20
3210513061,RAB,10',2026,103.4,8715.27,0.0,0.0,-8611.87,fmifiit_fmioi,0.0,0.0,0.0,0.0,0,no_ps_link,10'
680FIN4101,FIN,10',2026,450.9,3794.0,0.0,0.0,-3343.1,fmifiit_fmioi,0.0,0.0,0.0,0.0,0,no_ps_link,10'
680FIN4101,FIN,50,2026,3028.99,790.42,0.0,0.0,2238.57,fmifiit_fmioi,0.0,0.0,0.0,0.0,0,no_ps_link,50
633CRP2610,BEI,30,2026,0.0,1001.0,0.0,0.0,-1001.0,fmifiit_fmioi,0.0,0.0,0.0,0.0,0,no_ps_link,30
570RER2003,VNI,REVENUE,2026,299401.2,0.0,0.0,0.0,299401.2,fmifiit_fmioi,714013.7,-237606.24,0.0,951619.94,7,4,REVENUE
3210161031,EVA,10',2026,0.0,8385.88,0.0,0.0,-8385.88,fmifiit_fmioi,0.0,0.0,0.0,0.0,0,no_ps_link,10'
511IES4405,IES,11,2026,0.0,3074.0,206448.0,0.0,-209522.0,fmifiit_fmioi,0.0,0.0,0.0,0.0,0,no_ps_link,11
633CRP4658,YAO,20,2026,0.0,36544.16,88814.41,0.0,-125358.57,fmifiit_fmioi,0.0,0.0,0.0,0.0,0,no_ps_link,20
633CRP1610,BEI,20,2026,0.0,1180.12,102736.2,0.0,-103916.32,fmifiit_fmioi,0.0,0.0,0.0,0.0,0,no_ps_link,20
534LEB4002,BEI,20,2026,0.0,11538.92,37104.69,33004.36,-33004.36,fmavct_kbfc,8049498.9,8638704.19,1684.55,-590889.84,18,1,20
A230543031,BEI,20,2026,0.0,24221.88,47944.45,0.0,-72166.33,fmifiit_fmioi,0.0,0.0,0.0,0.0,0,no_ps_link,20
3230854071,RAB,50,2026,0.0,278.84,12712.84,0.0,-12991.68,fmifiit_fmioi,0.0,0.0,0.0,0.0,0,no_ps_link,50
3210651091,MIL,50,2026,0.0,6.95,0.0,0.0,-6.95,fmifiit_fmioi,0.0,0.0,0.0,0.0,0,no_ps_link,50
469GLO1004,HED,50,2026,4639.86,1194.18,0.0,6868.42,-2228.56,fmavct_kbfc,1116583.0,-325864.8,0.0,1442447.8,2,2,50
3210316121,IOC,50,2026,0.0,141.06,0.0,0.0,-141.06,fmifiit_fmioi,0.0,0.0,0.0,0.0,0,no_ps_link,50
3210171061,ASP,20,2026,0.0,16833.0,167332.0,0.0,-184165.0,fmifiit_fmioi,0.0,0.0,0.0,0.0,0,no_ps_link,20
3210141021,YLS,50,2026,0.0,186.2,0.0,0.0,-186.2,fmifiit_fmioi,0.0,0.0,0.0,0.0,0,no_ps_link,50
406GLO0089,ABV,TC,2026,0.0,191.62,0.0,6816.61,-6816.61,fmavct_kbfc,14000.0,160.0,0.0,13840.0,1,2,50
3210142091,NAI,11,2026,0.0,1600.0,186551.42,0.0,-188151.42,fmifiit_fmioi,0.0,0.0,0.0,0.0,0,no_ps_link,11
680OPS3001,OPS,10',2026,54.5,7897.78,0.0,0.0,-7843.28,fmifiit_fmioi,0.0,0.0,0.0,0.0,0,no_ps_link,10'
A320121011,DBS,20,2026,47739.15,297211.47,612754.84,0.0,-862227.16,fmifiit_fmioi,0.0,0.0,0.0,0.0,0,no_ps_link,20
A230561011,DBS,20,2026,58347.86,350468.91,725031.16,0.0,-1017152.21,fmifiit_fmioi,0.0,0.0,0.0,0.0,0,no_ps_link,20
3210621061,FEJ,50,2026,0.0,250.25,0.0,0.0,-250.25,fmifiit_fmioi,0.0,0.0,0.0,0.0,0,no_ps_link,50
A230542151,KNS,20,2026,0.0,15623.06,38636.12,0.0,-54259.18,fmifiit_fmioi,0.0,0.0,0.0,0.0,0,no_ps_link,20
2210634023,NDL,20,2026,0.0,4.24,0.0,0.0,-4.24,fmifiit_fmioi,0.0,0.0,0.0,0.0,0,no_ps_link,20
633CRP4107,ATA,50,2026,0.0,74.1,1533.8,0.0,-1607.9,fmifiit_fmioi,0.0,0.0,0.0,0.0,0,no_ps_link,50
A320121011,DBS,40,2026,206207.49,190388.19,748269.84,0.0,-732450.54,fmifiit_fmioi,0.0,0.0,0.0,0.0,0,no_ps_link,40
A230561011,DBS,40,2026,252031.37,226880.82,482483.16,0.0,-457332.61,fmifiit_fmioi,0.0,0.0,0.0,0.0,0,no_ps_link,40
3210114022,BGK,40,2026,0.0,937.0,17378.44,0.0,-18315.44,fmifiit_fmioi,0.0,0.0,0.0,0.0,0,no_ps_link,40
3210212081,YAO,20,2026,0.0,8900.0,104704.86,0.0,-113604.86,fmifiit_fmioi,0.0,0.0,0.0,0.0,0,no_ps_link,20
32102A2051,YAO,20,2026,0.0,1840.0,24207.3,0.0,-26047.3,fmifiit_fmioi,0.0,0.0,0.0,0.0,0,no_ps_link,20
A230544031,BGK,50,2026,0.0,12010.74,16871.5,0.0,-28882.24,fmifiit_fmioi,0.0,0.0,0.0,0.0,0,no_ps_link,50
580RAF4000,WHC,20,2026,0.0,12436.46,24872.92,369.9,-369.9,fmavct_kbfc,683288.0,185673.41,0.0,497614.59,1,2,20
702CHD1000,YAO,20,2026,0.0,113.65,303458.92,3025.68,-3025.68,fmavct_kbfc,1090253.7,418162.11,2918.42,669173.17,33,2,20
3210511091,AGI,50,2026,0.0,0.0,27038.41,0.0,-27038.41,fmifiit_fmioi,0.0,0.0,0.0,0.0,0,no_ps_link,50
3210541041,AGI,50,2026,0.0,0.0,10248.64,0.0,-10248.64,fmifiit_fmioi,0.0,0.0,0.0,0.0,0,no_ps_link,50
632HQF9013,DBS,TC,2026,0.0,51180.95,391954.12,50808.47,-50808.47,fmavct_kbfc,0.0,0.0,0.0,0.0,0,no_ps_link,20|50
537RAF4004,LHE,20,2026,0.0,52928.62,156817.15,65410.96,-65410.96,fmavct_kbfc,804112.63,179464.29,128.37,624519.97,6,2,20
637FOR7323,HAR,20,2026,0.0,34211.63,118283.98,0.0,-152495.61,fmifiit_fmioi,0.0,0.0,0.0,0.0,0,no_ps_link,20
633CRP3591,SHS,30,2026,0.0,761.31,0.0,0.0,-761.31,fmifiit_fmioi,0.0,0.0,0.0,0.0,0,no_ps_link,30
235CMR3003,YAO,PC,2026,43121.2,25710.32,384826.88,115733.12,-72611.92,fmavct_kbfc,6069820.86,1707380.87,2506.5,4359933.49,57,2,10'|11|13
A230544081,ISB,40,2026,0.0,568701.91,384914.89,0.0,-953616.8,fmifiit_fmioi,0.0,0.0,0.0,0.0,0,no_ps_link,40
3230855101,KAB,20,2026,0.0,4939.0,726830.3,0.0,-731769.3,fmifiit_fmioi,0.0,0.0,0.0,0.0,0,no_ps_link,20
938MOR4004,RAB,50,2026,0.0,2841.25,7200.84,6389.41,-6389.41,fmavct_kbfc,1928331.7,2790175.5,250290.62,-1112134.42,1,1,50
633CRP1717,DAK,40,2026,0.0,1260.28,10066.9,0.0,-11327.18,fmifiit_fmioi,0.0,0.0,0.0,0.0,0,no_ps_link,40
196RES4042,WHC,TC,2026,0.0,14386.43,200356.79,776.87,-776.87,fmavct_kbfc,498585.7,51442.09,15413450.0,-14966306.39,10,1,11|20
633CRP1343,NDL,50,2026,0.0,77.27,666.86,0.0,-744.13,fmifiit_fmioi,0.0,0.0,0.0,0.0,0,no_ps_link,50
549GLO4003,DCE,30,2026,0.0,14933.94,0.0,0.25,-0.25,fmavct_kbfc,15320339.61,5503709.41,241230.05,9575400.15,43,2,30
3230873052,BEI,10',2026,0.0,9160.73,0.0,0.0,-9160.73,fmifiit_fmioi,0.0,0.0,0.0,0.0,0,no_ps_link,10'
3230633091,BEI,10',2026,2300.65,4539.78,0.0,0.0,-2239.13,fmifiit_fmioi,0.0,0.0,0.0,0.0,0,no_ps_link,10'
534PAL4001,RAM,40,2026,0.0,9010.0,80017.34,895834.85,-895834.85,fmavct_kbfc,384249.48,12250.0,15500.0,356499.48,15,2,40
650RER0001,VNI,20,2026,0.0,107.78,125983.78,211969.08,-211969.08,fmavct_kbfc,161261.61,-77328.57,0.0,238590.18,1,2,20
A230545101,STG,20,2026,0.0,20549.71,77710.39,0.0,-98260.1,fmifiit_fmioi,0.0,0.0,0.0,0.0,0,no_ps_link,20
3210624021,NDL,10',2026,0.0,908.99,0.0,0.0,-908.99,fmifiit_fmioi,0.0,0.0,0.0,0.0,0,no_ps_link,10'
3230841451,GLO,10',2026,0.0,1323.6,0.0,0.0,-1323.6,fmifiit_fmioi,0.0,0.0,0.0,0.0,0,no_ps_link,10'
3230621072,BSP,10',2026,0.0,4237.79,0.0,0.0,-4237.79,fmifiit_fmioi,0.0,0.0,0.0,0.0,0,no_ps_link,10'
3230841561,BSP,20,2026,0.0,57958.42,200354.3,0.0,-258312.72,fmifiit_fmioi,0.0,0.0,0.0,0.0,0,no_ps_link,20
3210241012,PBS,40,2026,21996.63,0.0,0.0,0.0,21996.63,fmifiit_fmioi,0.0,0.0,0.0,0.0,0,no_ps_link,40
A210316011,IOC,40,2026,1114.05,0.0,0.0,0.0,1114.05,fmifiit_fmioi,0.0,0.0,0.0,0.0,0,no_ps_link,40
3210631061,MDE,40,2026,1041.67,0.0,324.02,0.0,717.65,fmifiit_fmioi,0.0,0.0,0.0,0.0,0,no_ps_link,40
3210641012,DHE,50,2026,330.64,0.0,0.0,0.0,330.64,fmifiit_fmioi,0.0,0.0,0.0,0.0,0,no_ps_link,50
3210641072,UAI,50,2026,620.64,0.0,0.0,0.0,620.64,fmifiit_fmioi,0.0,0.0,0.0,0.0,0,no_ps_link,50
3210153031,RAB,50,2026,0.0,159.6,5639.96,0.0,-5799.56,fmifiit_fmioi,0.0,0.0,0.0,0.0,0,no_ps_link,50
3210223011,RAB,50,2026,0.0,101.9,5167.4,0.0,-5269.3,fmifiit_fmioi,0.0,0.0,0.0,0.0,0,no_ps_link,50
3210653091,RAB,50,2026,0.0,79.8,2024.02,0.0,-2103.82,fmifiit_fmioi,0.0,0.0,0.0,0.0,0,no_ps_link,50
3210685051,MTD,20,2026,0.0,653.56,0.0,0.0,-653.56,fmifiit_fmioi,0.0,0.0,0.0,0.0,0,no_ps_link,20
3210413051,RAB,50,2026,0.0,79.8,1294.72,0.0,-1374.52,fmifiit_fmioi,0.0,0.0,0.0,0.0,0,no_ps_link,50
3230853111,KNS,20,2026,0.0,1272.6,390500.68,0.0,-391773.28,fmifiit_fmioi,0.0,0.0,0.0,0.0,0,no_ps_link,20
633CRP7336,KNS,40,2026,0.0,741.0,5032.8,0.0,-5773.8,fmifiit_fmioi,0.0,0.0,0.0,0.0,0,no_ps_link,40
680HRM3107,HRM,50,2026,11086.25,0.0,0.0,0.0,11086.25,fmifiit_fmioi,0.0,0.0,0.0,0.0,0,no_ps_link,50
680ADM3110,AEO,50,2026,2127.04,0.0,0.0,0.0,2127.04,fmifiit_fmioi,0.0,0.0,0.0,0.0,0,no_ps_link,50
680DIG4101,CAB,20,2026,4700.95,2993.1,1167.19,0.0,540.66,fmifiit_fmioi,0.0,0.0,0.0,0.0,0,no_ps_link,20
520GLO2007,IOC,20,2026,2657.34,0.0,0.0,1280.36,1376.98,fmavct_kbfc,489482.48,43196.26,0.0,446286.22,10,4,20
A230573081,RAM,50,2026,0.0,589.69,1669.43,0.0,-2259.12,fmifiit_fmioi,0.0,0.0,0.0,0.0,0,no_ps_link,50
3210633101,SUV,20,2026,0.0,11000.0,50000.0,0.0,-61000.0,fmifiit_fmioi,0.0,0.0,0.0,0.0,0,no_ps_link,20
511IES5515,IES,30,2026,18370.02,36835.36,0.0,0.0,-18465.34,fmifiit_fmioi,0.0,0.0,0.0,0.0,0,no_ps_link,30
507ZAM1000,HAR,PC,2026,191.04,24767.85,47471.94,0.0,-72048.75,fmifiit_fmioi,110277.57,173623.79,0.0,-63346.22,1,1,10'|11
A230546031,NYO,50,2026,221.13,4343.82,1823.38,0.0,-5946.07,fmifiit_fmioi,0.0,0.0,0.0,0.0,0,no_ps_link,50
3230837122,SJO,40,2026,0.0,22918.07,366359.1,0.0,-389277.17,fmifiit_fmioi,0.0,0.0,0.0,0.0,0,no_ps_link,40
A230545121,SJO,40,2026,0.0,23325.12,74890.46,0.0,-98215.58,fmifiit_fmioi,0.0,0.0,0.0,0.0,0,no_ps_link,40
A230575101,SJO,50,2026,0.0,620.0,733.96,0.0,-1353.96,fmifiit_fmioi,0.0,0.0,0.0,0.0,0,no_ps_link,50
199CLS4143,LHE,TC,2026,0.0,10072.02,0.0,6800.7,-6800.7,fmavct_kbfc,143318.0,31466.81,0.0,111851.19,1,2,10'|13|50
A210521011,LHE,50,2026,4.38,357.35,0.0,0.0,-352.97,fmifiit_fmioi,0.0,0.0,0.0,0.0,0,no_ps_link,50
3210464021,NDL,20,2026,0.0,52.56,101508.46,0.0,-101561.02,fmifiit_fmioi,0.0,0.0,0.0,0.0,0,no_ps_link,20
3210134072,BEJ,13,2026,0.0,453.2,0.0,0.0,-453.2,fmifiit_fmioi,0.0,0.0,0.0,0.0,0,no_ps_link,13
537RAS5001,BGK,11,2026,6610.25,42192.13,216077.0,2328.22,4282.03,fmavct_kbfc,551559.0,2323994.17,0.0,-1772435.17,1,3,11
473PAL4000,RAM,TC,2026,0.0,128848.82,1071188.0,3858.35,-3858.35,fmavct_kbfc,1353091.85,-142108.13,25270.0,1469929.98,14,2,10'|13|20
3230872221,JUB,11,2026,0.0,518.0,0.0,0.0,-518.0,fmifiit_fmioi,0.0,0.0,0.0,0.0,0,no_ps_link,11
3210181021,EVA,10',2026,0.0,42936.66,0.0,0.0,-42936.66,fmifiit_fmioi,0.0,0.0,0.0,0.0,0,no_ps_link,10'
3210222211,JUB,11,2026,0.0,777.0,0.0,0.0,-777.0,fmifiit_fmioi,0.0,0.0,0.0,0.0,0,no_ps_link,11
A230544121,NDL,20,2026,0.0,23382.99,73058.57,0.0,-96441.56,fmifiit_fmioi,0.0,0.0,0.0,0.0,0,no_ps_link,20
3210624011,BGK,20,2026,0.0,307.23,39415.08,0.0,-39722.31,fmifiit_fmioi,0.0,0.0,0.0,0.0,0,no_ps_link,20
32106B4011,BGK,20,2026,0.0,944.42,43613.56,0.0,-44557.98,fmifiit_fmioi,0.0,0.0,0.0,0.0,0,no_ps_link,20
640SCF9000,SPI,11,2026,0.0,88484.92,0.0,0.0,-88484.92,fmifiit_fmioi,0.0,0.0,0.0,0.0,0,no_ps_link,11
A230542151,KNS,40,2026,0.0,3555.0,5914.0,0.0,-9469.0,fmifiit_fmioi,0.0,0.0,0.0,0.0,0,no_ps_link,40
633CRP5412,BGK,20,2026,0.0,17.58,0.0,0.0,-17.58,fmifiit_fmioi,0.0,0.0,0.0,0.0,0,no_ps_link,20
632HQF9000,URS,TC,2026,0.0,34134.25,333457.81,1419.57,-1419.57,fmavct_kbfc,0.0,0.0,0.0,0.0,0,no_ps_link,20|40
3210212371,JUB,11,2026,0.0,0.39,0.0,0.0,-0.39,fmifiit_fmioi,0.0,0.0,0.0,0.0,0,no_ps_link,11
633CRP1442,NAI,50,2026,0.0,918.08,8705.99,0.0,-9624.07,fmifiit_fmioi,0.0,0.0,0.0,0.0,0,no_ps_link,50
669ICT9001,BKI,50,2026,0.0,86846.32,1445115.43,0.0,-1531961.75,fmifiit_fmioi,0.0,0.0,0.0,0.0,0,no_ps_link,50
534SUD4000,KHA,40,2026,0.0,6622.99,113895.24,19265.52,-19265.52,fmavct_kbfc,1045472.65,24545471.9,0.0,-23499999.25,26,1,40
637FOR7318,DAR,REVENUE,2026,0.0,48552.16,0.0,0.0,-48552.16,fmifiit_fmioi,0.0,0.0,0.0,0.0,0,no_ps_link,REVENUE
570TUN4000,RAB,20,2026,0.0,12813.15,204427.78,206054.9,-206054.9,fmavct_kbfc,182330.26,374105.04,24500.0,-216274.78,1,1,20
570IVC1000,ABJ,30,2026,0.0,456.17,0.0,129128.67,-129128.67,fmavct_kbfc,804748.44,440555.69,25068.64,339124.11,8,2,30
2210141032,E30,30,2026,0.0,91.23,0.0,0.0,-91.23,fmifiit_fmioi,0.0,0.0,0.0,0.0,0,no_ps_link,30
505SAU3000,SPR,REVENUE,2026,821863.0,0.0,0.0,0.0,821863.0,fmifiit_fmioi,5485368.72,-509926.57,24175.0,5971120.29,13,4,REVENUE
505SAU0001,CPE,REVENUE,2026,1046080.0,0.0,0.0,0.0,1046080.0,fmifiit_fmioi,4654576.14,-579721.85,6131.0,5228166.99,5,4,REVENUE
495GLO4242,UCH,REVENUE,2026,149619.58,0.0,0.0,0.0,149619.58,fmifiit_fmioi,377692.02,-788814.92,0.0,1166506.94,4,4,REVENUE
495GLO4043,UCH,REVENUE,2026,87678.66,0.0,0.0,0.0,87678.66,fmifiit_fmioi,163885.34,-87678.66,0.0,251564.0,3,4,REVENUE
495GLO4643,CPD,REVENUE,2026,1300903.91,0.0,0.0,0.0,1300903.91,fmifiit_fmioi,1310100.36,-1174950.77,0.0,2485051.13,3,4,REVENUE
495GLO4243,CPD,REVENUE,2026,638962.99,0.0,0.0,0.0,638962.99,fmifiit_fmioi,11948.6,639106.69,0.0,-627158.09,1,3,REVENUE
637FOR7317,DAK,50,2026,53275.0,37314.3,322061.21,0.0,-306100.51,fmifiit_fmioi,0.0,0.0,0.0,0.0,0,no_ps_link,50
664LIB0001,BFC,40,2026,0.0,454487.35,6248.27,11574.67,-11574.67,fmavct_kbfc,497752.71,4409.79,0.0,493342.92,1,2,40
3210213041,BEI,10',2026,0.0,849.0,0.0,0.0,-849.0,fmifiit_fmioi,0.0,0.0,0.0,0.0,0,no_ps_link,10'
3210223052,BEI,10',2026,0.0,2633.54,0.0,0.0,-2633.54,fmifiit_fmioi,0.0,0.0,0.0,0.0,0,no_ps_link,10'
3210531011,EVA,10',2026,0.0,7638.52,0.0,0.0,-7638.52,fmifiit_fmioi,0.0,0.0,0.0,0.0,0,no_ps_link,10'
235GAM5001,DAK,20,2026,0.0,36445.11,1029109.26,1762.75,-1762.75,fmavct_kbfc,2069850.75,6672087.82,1799100.12,-6401337.19,34,1,20
3210142091,NAI,20,2026,0.0,1000.0,192513.66,0.0,-193513.66,fmifiit_fmioi,0.0,0.0,0.0,0.0,0,no_ps_link,20
A230542061,BAM,20,2026,0.0,9596.5,19730.06,0.0,-29326.56,fmifiit_fmioi,0.0,0.0,0.0,0.0,0,no_ps_link,20
GEF,HRM,50,2026,5663.68,0.0,0.0,0.0,5663.68,fmifiit_fmioi,0.0,0.0,0.0,0.0,0,no_ps_link,50
3310211011,HRM,50,2026,5663.68,0.0,0.0,0.0,5663.68,fmifiit_fmioi,0.0,0.0,0.0,0.0,0,no_ps_link,50
3210161011,EDP,20,2026,0.0,11000.0,73986.3,0.0,-84986.3,fmifiit_fmioi,0.0,0.0,0.0,0.0,0,no_ps_link,20
201RAF1004,NAI,TC,2026,14998.47,43521.9,296518.55,0.0,-325041.98,fmifiit_fmioi,372773.82,838292.0,20550.0,-486068.18,11,1,10'|11|20
185GEF0006,MTD,50,2026,0.0,713.04,0.0,0.0,-713.04,fmifiit_fmioi,0.0,0.0,0.0,0.0,0,no_ps_link,50
477GLO3000,YOU,REVENUE,2026,246000.0,0.0,0.0,0.0,246000.0,fmifiit_fmioi,5822338.75,71953.73,16830.0,5733555.02,43,4,REVENUE
511IES5515,IES,40,2026,13253.1,2316.92,4906.2,0.0,6029.98,fmifiit_fmioi,0.0,0.0,0.0,0.0,0,no_ps_link,40
3230831041,DBS,50,2026,0.0,57208.64,228834.56,0.0,-286043.2,fmifiit_fmioi,0.0,0.0,0.0,0.0,0,no_ps_link,50
633CRP7303,ACR,13,2026,0.0,3938.46,0.0,0.0,-3938.46,fmifiit_fmioi,0.0,0.0,0.0,0.0,0,no_ps_link,13
2230411084,RMS,20,2026,0.0,514.61,104000.0,0.0,-104514.61,fmifiit_fmioi,0.0,0.0,0.0,0.0,0,no_ps_link,20
3210551022,DCE,20,2026,2044.19,66713.79,217187.46,0.0,-281857.06,fmifiit_fmioi,0.0,0.0,0.0,0.0,0,no_ps_link,20
556GLO5001,DHE,20,2026,0.0,68589.91,615556.84,108251.54,-108251.54,fmavct_kbfc,4123087.62,1861461.5,18000.0,2243626.12,35,2,20
A230542131,JUB,40,2026,0.0,24975.01,49897.78,0.0,-74872.79,fmifiit_fmioi,0.0,0.0,0.0,0.0,0,no_ps_link,40
3210221171,HYD,20,2026,0.0,24300.0,107948.26,0.0,-132248.26,fmifiit_fmioi,0.0,0.0,0.0,0.0,0,no_ps_link,20
513UKR2000,HYD,TC,2026,0.0,43645.0,278224.06,0.0,-321869.06,fmifiit_fmioi,733944.96,29507.0,2069.0,702368.96,5,2,11|20
A230543041,CAI,40,2026,0.0,147.92,2931.07,0.0,-3078.99,fmifiit_fmioi,0.0,0.0,0.0,0.0,0,no_ps_link,40
526IRQ1000,BAG,40,2026,0.0,119070.83,2801333.83,87.18,-87.18,fmavct_kbfc,16700468.56,5718580237.46,178685049.81,-5880564818.71,53,1,40
PAN0102793,SJO,TC,2026,7002.84,44215.06,193400.0,416.67,6586.17,fmavct_kbfc,564624.0,9898.0,0.0,554726.0,7,4,10'|11
633CRP1350,SJO,20,2026,0.0,12191.53,26736.72,0.0,-38928.25,fmifiit_fmioi,0.0,0.0,0.0,0.0,0,no_ps_link,20
537CMB4004,PNP,40,2026,0.0,415.0,2073.14,141.42,-141.42,fmavct_kbfc,218466.06,11277.66,0.0,207188.4,1,2,40
534PAK1000,ISB,20,2026,0.0,65283.12,1098306.82,26668.51,-26668.51,fmavct_kbfc,1747884.61,45621224.86,338750.0,-44212090.25,115,1,20
A230544161,SUV,50,2026,0.0,1943.64,4371.47,0.0,-6315.11,fmifiit_fmioi,0.0,0.0,0.0,0.0,0,no_ps_link,50
3210444052,BEJ,10',2026,24.2,489.76,0.0,0.0,-465.56,fmifiit_fmioi,0.0,0.0,0.0,0.0,0,no_ps_link,10'
3210152081,NAI,20,2026,0.0,7200.05,179137.1,0.0,-186337.15,fmifiit_fmioi,0.0,0.0,0.0,0.0,0,no_ps_link,20
3230841731,ABU,11,2026,0.0,6887.97,36192.74,0.0,-43080.71,fmifiit_fmioi,0.0,0.0,0.0,0.0,0,no_ps_link,11
A230572011,KNS,50,2026,0.0,317.0,634.0,0.0,-951.0,fmifiit_fmioi,0.0,0.0,0.0,0.0,0,no_ps_link,50
633CRP1491,HED,20,2026,0.0,3251.49,6502.98,0.0,-9754.47,fmifiit_fmioi,0.0,0.0,0.0,0.0,0,no_ps_link,20
3210221121,IOS,10',2026,0.0,2110.78,0.0,0.0,-2110.78,fmifiit_fmioi,0.0,0.0,0.0,0.0,0,no_ps_link,10'
3210621121,IEO,10',2026,0.0,16455.84,0.0,0.0,-16455.84,fmifiit_fmioi,0.0,0.0,0.0,0.0,0,no_ps_link,10'
259RAF2000,NAI,TC,2026,21.54,44902.94,118148.86,418.76,-397.22,fmavct_kbfc,500370.0,1342836.1,0.0,-842466.1,21,1,10'|11|20|30|50
3210132011,DAK,20,2026,0.0,938.67,46165.14,0.0,-47103.81,fmifiit_fmioi,0.0,0.0,0.0,0.0,0,no_ps_link,20
633CRP4120,DOH,10',2026,9.96,432.28,0.0,0.0,-422.32,fmifiit_fmioi,0.0,0.0,0.0,0.0,0,no_ps_link,10'
633TFC7334,KHA,40,2026,0.0,860.6,1700.0,0.0,-2560.6,fmifiit_fmioi,0.0,0.0,0.0,0.0,0,no_ps_link,40
633CRP4412,BGK,10',2026,23.91,761.99,0.0,0.0,-738.08,fmifiit_fmioi,0.0,0.0,0.0,0.0,0,no_ps_link,10'
2210551013,DCE,20,2026,2152.07,5239.26,179851.76,0.0,-182938.95,fmifiit_fmioi,0.0,0.0,0.0,0.0,0,no_ps_link,20
633CRP1804,ADI,20,2026,0.0,725.36,1450.72,0.0,-2176.08,fmifiit_fmioi,0.0,0.0,0.0,0.0,0,no_ps_link,20
A210531011,DCE,30,2026,239.29,14579.3,0.0,0.0,-14340.01,fmifiit_fmioi,0.0,0.0,0.0,0.0,0,no_ps_link,30
257GLO1044,IPS,50,2026,1348.5,396.64,214.64,0.0,737.22,fmifiit_fmioi,1097987.68,390024.12,1283.0,706680.56,20,4,50
A310712011,SEC,50,2026,133.63,1764.57,3391.93,0.0,-5022.87,fmifiit_fmioi,0.0,0.0,0.0,0.0,0,no_ps_link,50
633CRP1110,BEI,10',2026,0.0,11.51,0.0,0.0,-11.51,fmifiit_fmioi,0.0,0.0,0.0,0.0,0,no_ps_link,10'
3210221141,SCI,11,2026,0.0,4000.0,121902.5,0.0,-125902.5,fmifiit_fmioi,0.0,0.0,0.0,0.0,0,no_ps_link,11
3230873081,CAI,10',2026,39.89,1410.11,0.0,0.0,-1370.22,fmifiit_fmioi,0.0,0.0,0.0,0.0,0,no_ps_link,10'
669ICT9003,BKI,REVENUE,2026,42134.77,23477.0,0.0,0.0,18657.77,fmifiit_fmioi,0.0,0.0,0.0,0.0,0,no_ps_link,REVENUE
633CRP7349,RAM,50,2026,93.53,87.59,669.24,0.0,-663.3,fmifiit_fmioi,0.0,0.0,0.0,0.0,0,no_ps_link,50
A210152011,HAR,40,2026,0.0,994.88,0.0,0.0,-994.88,fmifiit_fmioi,0.0,0.0,0.0,0.0,0,no_ps_link,40
3210583021,BEI,10',2026,0.0,30.1,0.0,0.0,-30.1,fmifiit_fmioi,0.0,0.0,0.0,0.0,0,no_ps_link,10'
637FOR7346,POP,REVENUE,2026,40000.0,0.0,0.0,0.0,40000.0,fmifiit_fmioi,0.0,0.0,0.0,0.0,0,no_ps_link,REVENUE
549RER1001,EDU,20,2026,0.0,96604.54,1441624.26,11500.49,-11500.49,fmavct_kbfc,5079722.16,311220.83,5500.0,4763001.33,18,2,20
A410111011,FIN,50,2026,1528469.62,0.0,0.0,0.0,1528469.62,fmifiit_fmioi,0.0,0.0,0.0,0.0,0,no_ps_link,50
A230572011,KNS,20,2026,0.0,19980.0,106565.72,0.0,-126545.72,fmifiit_fmioi,0.0,0.0,0.0,0.0,0,no_ps_link,20
526GLO2012,EES,20,2026,0.0,1300.0,185947.6,728.41,-728.41,fmavct_kbfc,1429329.3,25671.66,0.0,1403657.64,10,2,20
669ICT9000,BKI,REVENUE,2026,3105.81,119252.0,0.0,0.0,-116146.19,fmifiit_fmioi,0.0,0.0,0.0,0.0,0,no_ps_link,REVENUE
3230872042,ABU,20,2026,0.0,6772.56,30935.18,0.0,-37707.74,fmifiit_fmioi,0.0,0.0,0.0,0.0,0,no_ps_link,20
642ENV9000,ADM,20,2026,0.0,15891.5,676251.85,0.0,-692143.35,fmifiit_fmioi,0.0,0.0,0.0,0.0,0,no_ps_link,20
669ICT9001,BKI,REVENUE,2026,38800.35,104648.52,0.0,0.0,-65848.17,fmifiit_fmioi,0.0,0.0,0.0,0.0,0,no_ps_link,REVENUE
235RER4000,VNI,20,2026,0.0,22611.71,526358.72,0.0,-548970.43,fmifiit_fmioi,1579727.43,-169292.51,0.0,1749019.94,33,2,20
3210455031,KNG,10',2026,0.0,2917.66,0.0,0.0,-2917.66,fmifiit_fmioi,0.0,0.0,0.0,0.0,0,no_ps_link,10'
A230545121,SJO,20,2026,0.0,5526.74,11733.48,0.0,-17260.22,fmifiit_fmioi,0.0,0.0,0.0,0.0,0,no_ps_link,20
A230575021,BRZ,20,2026,0.0,48192.52,73291.29,0.0,-121483.81,fmifiit_fmioi,0.0,0.0,0.0,0.0,0,no_ps_link,20
A110111021,SCX,20,2026,0.0,30000.0,0.0,0.0,-30000.0,fmifiit_fmioi,0.0,0.0,0.0,0.0,0,no_ps_link,20
A230544041,BEJ,50,2026,0.0,6900.33,25938.57,0.0,-32838.9,fmifiit_fmioi,0.0,0.0,0.0,0.0,0,no_ps_link,50
2230835052,BEJ,50,2026,0.0,452.5,2873.37,0.0,-3325.87,fmifiit_fmioi,0.0,0.0,0.0,0.0,0,no_ps_link,50
2210224043,BEJ,11,2026,0.0,17007.0,150400.62,0.0,-167407.62,fmifiit_fmioi,0.0,0.0,0.0,0.0,0,no_ps_link,11
633CRP1442,NAI,40,2026,0.0,17.54,10593.36,0.0,-10610.9,fmifiit_fmioi,0.0,0.0,0.0,0.0,0,no_ps_link,40
A230546021,GLO,50,2026,66.34,1342.03,0.0,0.0,-1275.69,fmifiit_fmioi,0.0,0.0,0.0,0.0,0,no_ps_link,50
A230544011,ATA,50,2026,0.0,1133.4,2490.11,0.0,-3623.51,fmifiit_fmioi,0.0,0.0,0.0,0.0,0,no_ps_link,50
3230841641,RAM,10',2026,0.0,3356.57,0.0,0.0,-3356.57,fmifiit_fmioi,0.0,0.0,0.0,0.0,0,no_ps_link,10'
633CRP1148,RAB,20,2026,0.0,8623.62,45141.9,0.0,-53765.52,fmifiit_fmioi,0.0,0.0,0.0,0.0,0,no_ps_link,20
A110112011,SCX,20,2026,0.0,7892.78,15785.56,0.0,-23678.34,fmifiit_fmioi,0.0,0.0,0.0,0.0,0,no_ps_link,20
3210162051,NAI,20,2026,0.0,1500.0,110615.5,0.0,-112115.5,fmifiit_fmioi,0.0,0.0,0.0,0.0,0,no_ps_link,20
922IND4006,NDL,11,2026,8845.54,4928.48,76818.17,23641.22,-14795.68,fmavct_kbfc,950875.72,-69582129.62,5792911.0,64740094.34,1,2,11
3210651091,MIL,30,2026,131.74,5633.79,0.0,0.0,-5502.05,fmifiit_fmioi,0.0,0.0,0.0,0.0,0,no_ps_link,30
585RAS1027,BGK,50,2026,0.0,120.24,0.0,2316.98,-2316.98,fmavct_kbfc,514614.83,5456483.43,0.0,-4941868.6,7,1,50
428GLO2043,EES,TC,2026,6526.99,30937.43,18911.88,19368.58,-12841.59,fmavct_kbfc,226417.06,-313305.76,0.0,539722.82,5,2,10'|11|13|20|30|50
3230872231,KNS,10',2026,137.02,4065.6,0.0,0.0,-3928.58,fmifiit_fmioi,0.0,0.0,0.0,0.0,0,no_ps_link,10'
2210144033,BGK,10',2026,15.26,607.96,0.0,0.0,-592.7,fmifiit_fmioi,0.0,0.0,0.0,0.0,0,no_ps_link,10'
680DBS4103,DBS,50,2026,0.0,1319.08,0.0,0.0,-1319.08,fmifiit_fmioi,0.0,0.0,0.0,0.0,0,no_ps_link,50
680ADM3105,AEO,50,2026,0.0,1816.72,0.0,0.0,-1816.72,fmifiit_fmioi,0.0,0.0,0.0,0.0,0,no_ps_link,50
680ADM3105,AEO,40,2026,0.0,5440.02,17082.4,0.0,-22522.42,fmifiit_fmioi,0.0,0.0,0.0,0.0,0,no_ps_link,40
633CRP4510,BEI,11,2026,0.0,15.0,6274.15,0.0,-6289.15,fmifiit_fmioi,0.0,0.0,0.0,0.0,0,no_ps_link,11
3210533022,BEI,11,2026,0.0,7000.0,101500.0,0.0,-108500.0,fmifiit_fmioi,0.0,0.0,0.0,0.0,0,no_ps_link,11
3210533022,BEI,20,2026,0.0,113561.6,478878.75,0.0,-592440.35,fmifiit_fmioi,0.0,0.0,0.0,0.0,0,no_ps_link,20
INT0128886,IOC,PC,2026,27.2,56459.16,1344000.0,69573.83,-69546.63,fmavct_kbfc,5467877.64,335681.45,15262.24,5116933.95,45,2,10'|11
507RAF2000,TWA,50,2026,0.0,6532.77,302321.66,0.0,-308854.43,fmifiit_fmioi,13571848.84,-442961.83,0.0,14014810.67,8,2,50
3230876112,VNI,13,2026,0.0,2547.64,0.0,0.0,-2547.64,fmifiit_fmioi,0.0,0.0,0.0,0.0,0,no_ps_link,13
650RER0001,VNI,13,2026,0.0,1314.81,0.0,68128.4,-68128.4,fmavct_kbfc,161261.61,-77328.57,0.0,238590.18,1,2,13
A230572061,ACR,20,2026,0.0,16917.34,74245.13,0.0,-91162.47,fmifiit_fmioi,0.0,0.0,0.0,0.0,0,no_ps_link,20
3210566073,LIM,20,2026,0.0,17891.4,123869.43,0.0,-141760.83,fmifiit_fmioi,0.0,0.0,0.0,0.0,0,no_ps_link,20
3210445021,KNG,11,2026,0.0,980.0,11747.28,0.0,-12727.28,fmifiit_fmioi,0.0,0.0,0.0,0.0,0,no_ps_link,11
3210455031,KNG,11,2026,0.0,1205.0,53620.0,0.0,-54825.0,fmifiit_fmioi,0.0,0.0,0.0,0.0,0,no_ps_link,11
680ADM3109,AEO,13,2026,556.89,0.0,0.0,0.0,556.89,fmifiit_fmioi,0.0,0.0,0.0,0.0,0,no_ps_link,13
680ADM3106,AEO,13,2026,2920.96,0.0,0.0,0.0,2920.96,fmifiit_fmioi,0.0,0.0,0.0,0.0,0,no_ps_link,13
A210531011,DCE,13,2026,31807.22,601.41,0.0,0.0,31205.81,fmifiit_fmioi,0.0,0.0,0.0,0.0,0,no_ps_link,13
537GLO3001,BIO,PC,2026,195.88,61156.71,162032.35,131785.52,-131589.64,fmavct_kbfc,375263.18,-385733.48,51266.01,709730.65,1,2,10'|11|13
570MLI4002,BAM,20,2026,0.0,61439.16,466000.94,125.13,-125.13,fmavct_kbfc,1247049.32,846630.76,17584.4,382834.16,54,2,20
170GLO4043,ITR,REVENUE,2026,372690.17,0.0,0.0,0.0,372690.17,fmifiit_fmioi,849635.31,3762006.02,0.0,-2912370.71,11,3,REVENUE
456GLO4042,MHM,REVENUE,2026,167190.77,0.0,0.0,0.0,167190.77,fmifiit_fmioi,27807.0,175699.77,0.0,-147892.77,6,3,REVENUE
456GLO4043,ITR,REVENUE,2026,167190.77,0.0,0.0,0.0,167190.77,fmifiit_fmioi,213660.0,-167190.77,0.0,380850.77,6,4,REVENUE
199GLO4942,LHE,REVENUE,2026,75603.4,0.0,0.0,0.0,75603.4,fmifiit_fmioi,52215.49,87571.4,0.0,-35355.91,1,3,REVENUE
199GLO4943,LHE,REVENUE,2026,75603.4,0.0,0.0,0.0,75603.4,fmifiit_fmioi,67698.64,-28581.73,0.0,96280.37,1,4,REVENUE
199PER4142,LHE,REVENUE,2026,131767.05,0.0,0.0,0.0,131767.05,fmifiit_fmioi,391362.68,14541.06,0.0,376821.62,1,4,REVENUE
199PER4143,LHE,REVENUE,2026,161274.45,0.0,0.0,0.0,161274.45,fmifiit_fmioi,58500.0,-120569.07,0.0,179069.07,1,4,REVENUE
199MEM4142,LHE,TC,2026,0.0,2709.29,0.0,0.0,-2709.29,fmifiit_fmioi,154260.11,9153.7,0.0,145106.41,1,2,30
650RER6000,VNI,50,2026,0.0,45.29,0.0,154779.59,-154779.59,fmavct_kbfc,1188110.15,-372779.26,33.87,1560855.54,37,2,50
A210531011,DCE,50,2026,21091.68,533.64,0.0,0.0,20558.04,fmifiit_fmioi,0.0,0.0,0.0,0.0,0,no_ps_link,50
3210316011,OSE,50,2026,651.75,0.0,0.0,0.0,651.75,fmifiit_fmioi,0.0,0.0,0.0,0.0,0,no_ps_link,50
525GLO1003,IPS,50,2026,30236.12,0.0,4075.42,17572.88,12663.24,fmavct_kbfc,2861345.24,324997.19,8000.0,2528348.05,10,4,50
680BSP4201,BSP,50,2026,365.09,899.65,0.0,0.0,-534.56,fmifiit_fmioi,0.0,0.0,0.0,0.0,0,no_ps_link,50
3210546022,STG,20,2026,0.0,26062.05,101035.77,0.0,-127097.82,fmifiit_fmioi,0.0,0.0,0.0,0.0,0,no_ps_link,20
3210556022,STG,20,2026,0.0,9135.49,36039.57,0.0,-45175.06,fmifiit_fmioi,0.0,0.0,0.0,0.0,0,no_ps_link,20
2210511053,WHC,50,2026,258.68,0.0,0.0,0.0,258.68,fmifiit_fmioi,0.0,0.0,0.0,0.0,0,no_ps_link,50
495GLO1052,TED,TC,2026,4180.85,35110.97,111739.94,99400.0,-95219.15,fmavct_kbfc,1107376.0,-677436.34,0.0,1784812.34,4,2,10'|11|20|50
A110111041,GBS,50,2026,4986.31,0.0,0.0,0.0,4986.31,fmifiit_fmioi,0.0,0.0,0.0,0.0,0,no_ps_link,50
523INT4000,WHC,TC,2026,184.17,22648.65,71681.07,77.41,106.76,fmavct_kbfc,706571.0,-242660.79,0.0,949231.79,7,4,10'|11|20|30
537GLO4000,WHC,50,2026,1937.72,0.0,0.0,794.33,1143.39,fmavct_kbfc,608806.15,1850739.75,11388.0,-1253321.6,6,3,50
567MOR2000,RAB,TC,2026,0.0,532.0,0.0,49209.7,-49209.7,fmavct_kbfc,2329906.75,-274876.39,0.0,2604783.14,15,2,10'
469GLO4001,WHC,20,2026,0.0,6715.87,58951.88,57739.83,-57739.83,fmavct_kbfc,94428.15,-11549.44,0.0,105977.59,1,2,20
A320111021,ADM,50,2026,0.0,817079.34,2140450.47,0.0,-2957529.81,fmifiit_fmioi,0.0,0.0,0.0,0.0,0,no_ps_link,50
917URU1001,IES,REVENUE,2026,600000.0,0.0,0.0,0.0,600000.0,fmifiit_fmioi,1280064.61,266164.26,0.02,1013900.33,1,4,REVENUE
3210132101,MAP,10',2026,0.0,5453.06,0.0,0.0,-5453.06,fmifiit_fmioi,0.0,0.0,0.0,0.0,0,no_ps_link,10'
3210142201,MAP,10',2026,0.0,4883.94,0.0,0.0,-4883.94,fmifiit_fmioi,0.0,0.0,0.0,0.0,0,no_ps_link,10'
3230841021,NYO,50,2026,0.0,471.43,1087.78,0.0,-1559.21,fmifiit_fmioi,0.0,0.0,0.0,0.0,0,no_ps_link,50
A320111021,ADM,20,2026,0.0,472425.03,2520153.24,0.0,-2992578.27,fmifiit_fmioi,0.0,0.0,0.0,0.0,0,no_ps_link,20
A230545061,MXC,50,2026,0.0,1425.21,3567.5,0.0,-4992.71,fmifiit_fmioi,0.0,0.0,0.0,0.0,0,no_ps_link,50
3210131141,GCP,20,2026,0.0,13280.0,118078.94,0.0,-131358.94,fmifiit_fmioi,0.0,0.0,0.0,0.0,0,no_ps_link,20
A230545041,KNG,40,2026,1702.6,2913.6,3405.2,0.0,-4616.2,fmifiit_fmioi,0.0,0.0,0.0,0.0,0,no_ps_link,40
A230544041,BEJ,20,2026,0.0,8783.7,32514.12,0.0,-41297.82,fmifiit_fmioi,0.0,0.0,0.0,0.0,0,no_ps_link,20
570VIE4003,HAN,50,2026,0.0,207.18,2298.87,19782.19,-19782.19,fmavct_kbfc,777548.69,17740886.49,0.0,-16963337.8,1,1,50
2210144033,BGK,40,2026,0.0,269.04,2763.6,0.0,-3032.64,fmifiit_fmioi,0.0,0.0,0.0,0.0,0,no_ps_link,40
3210134042,BGK,40,2026,0.0,304.97,143.26,0.0,-448.23,fmifiit_fmioi,0.0,0.0,0.0,0.0,0,no_ps_link,40
633CRP4212,BGK,40,2026,0.0,269.04,0.0,0.0,-269.04,fmifiit_fmioi,0.0,0.0,0.0,0.0,0,no_ps_link,40
633CRP1132,KAB,10',2026,78.07,3622.57,0.0,0.0,-3544.5,fmifiit_fmioi,0.0,0.0,0.0,0.0,0,no_ps_link,10'
A230211011,GEN,10',2026,104.28,14785.03,0.0,0.0,-14680.75,fmifiit_fmioi,0.0,0.0,0.0,0.0,0,no_ps_link,10'
637FOR7310,BEI,40,2026,0.0,6116.0,9960.0,0.0,-16076.0,fmifiit_fmioi,0.0,0.0,0.0,0.0,0,no_ps_link,40
3310631011,HEQ,10',2026,130.21,6175.22,0.0,0.0,-6045.01,fmifiit_fmioi,0.0,0.0,0.0,0.0,0,no_ps_link,10'
3230836041,VNI,20,2026,0.0,2519.17,211779.28,0.0,-214298.45,fmifiit_fmioi,0.0,0.0,0.0,0.0,0,no_ps_link,20
268ZAM1002,HAR,TC,2026,0.0,22673.86,13711.14,6000.0,-6000.0,fmavct_kbfc,130000.0,319217.96,0.0,-189217.96,19,1,20|30
3210151041,TED,10',2026,49.42,2034.76,0.0,0.0,-1985.34,fmifiit_fmioi,0.0,0.0,0.0,0.0,0,no_ps_link,10'
A320111021,ADM,40,2026,0.0,86804.02,257075.34,0.0,-343879.36,fmifiit_fmioi,0.0,0.0,0.0,0.0,0,no_ps_link,40
633CRP7304,ADI,40,2026,0.0,960.78,3825.52,0.0,-4786.3,fmifiit_fmioi,0.0,0.0,0.0,0.0,0,no_ps_link,40
3240116081,PPE,50,2026,0.0,26000.0,0.0,0.0,-26000.0,fmifiit_fmioi,0.0,0.0,0.0,0.0,0,no_ps_link,50
A230572111,DAR,50,2026,0.0,6441.08,12882.16,0.0,-19323.24,fmifiit_fmioi,0.0,0.0,0.0,0.0,0,no_ps_link,50
A230542101,DAR,50,2026,641.26,2554.45,29709.7,0.0,-31622.89,fmifiit_fmioi,0.0,0.0,0.0,0.0,0,no_ps_link,50
570RSS1002,JUB,TC,2026,25354.97,51815.72,49664.58,19970.06,5384.91,fmavct_kbfc,293793.3,84920.83,0.0,208872.47,5,4,10'|11|13|20|30|40|50
3230321041,AFR,13,2026,818.0,0.0,0.0,0.0,818.0,fmifiit_fmioi,0.0,0.0,0.0,0.0,0,no_ps_link,13
A230572171,MAP,20,2026,0.0,13016.27,34045.72,0.0,-47061.99,fmifiit_fmioi,0.0,0.0,0.0,0.0,0,no_ps_link,20
680DBS3104,DBS,40,2026,0.0,4788.0,35697.7,0.0,-40485.7,fmifiit_fmioi,0.0,0.0,0.0,0.0,0,no_ps_link,40
A230541011,ADM,20,2026,0.0,26100.0,52200.0,0.0,-78300.0,fmifiit_fmioi,0.0,0.0,0.0,0.0,0,no_ps_link,20
A230572081,BAM,20,2026,0.0,2415.43,65068.8,0.0,-67484.23,fmifiit_fmioi,0.0,0.0,0.0,0.0,0,no_ps_link,20
680DBS3201,DBS,20,2026,0.0,1845.42,155157.22,0.0,-157002.64,fmifiit_fmioi,0.0,0.0,0.0,0.0,0,no_ps_link,20
680DBS3301,DBS,20,2026,0.0,416.11,73146.12,0.0,-73562.23,fmifiit_fmioi,0.0,0.0,0.0,0.0,0,no_ps_link,20
185GEF0004,DBS,20,2026,375899.33,376123.61,850252.44,0.0,-850476.72,fmifiit_fmioi,0.0,0.0,0.0,0.0,0,no_ps_link,20
633CRP7348,RAB,40,2026,8327.56,5842.66,107137.82,0.0,-104652.92,fmifiit_fmioi,0.0,0.0,0.0,0.0,0,no_ps_link,40
A230543071,RAB,50,2026,0.0,3742.17,2156.79,0.0,-5898.96,fmifiit_fmioi,0.0,0.0,0.0,0.0,0,no_ps_link,50
3230834391,RAB,50,2026,0.0,355.68,16836.24,0.0,-17191.92,fmifiit_fmioi,0.0,0.0,0.0,0.0,0,no_ps_link,50
A230573071,RAB,50,2026,0.0,1392.52,4336.52,0.0,-5729.04,fmifiit_fmioi,0.0,0.0,0.0,0.0,0,no_ps_link,50
A230573071,RAB,20,2026,0.0,38952.99,58914.53,0.0,-97867.52,fmifiit_fmioi,0.0,0.0,0.0,0.0,0,no_ps_link,20
A230575071,MXC,20,2026,0.0,165.43,0.0,0.0,-165.43,fmifiit_fmioi,0.0,0.0,0.0,0.0,0,no_ps_link,20
570GLO5020,BRZ,10',2026,167.4,4340.87,39308.56,65378.12,-65210.72,fmavct_kbfc,183486.24,43367.5,3725.0,136393.74,1,2,10'
3210634091,HAV,50,2026,0.0,182.69,0.0,0.0,-182.69,fmifiit_fmioi,0.0,0.0,0.0,0.0,0,no_ps_link,50
A230575051,LIM,20,2026,0.0,230.81,1897.86,0.0,-2128.67,fmifiit_fmioi,0.0,0.0,0.0,0.0,0,no_ps_link,20
000REV9000,UNESCO,LOSS,2026,0.0,64788.45,0.0,0.0,-64788.45,fmifiit_fmioi,0.0,0.0,0.0,0.0,0,no_ps_link,LOSS
570RAS1011,JAK,TC,2026,103664.0,136967.01,248579.36,156131.19,-52467.19,fmavct_kbfc,877555.96,3619149.41,511444.0,-3253037.45,5,1,10'|11|13|20|30
A230574061,KAT,20,2026,0.0,10699.24,28050.42,0.0,-38749.66,fmifiit_fmioi,0.0,0.0,0.0,0.0,0,no_ps_link,20
A230542191,NAI,40,2026,0.0,430.63,0.0,0.0,-430.63,fmifiit_fmioi,0.0,0.0,0.0,0.0,0,no_ps_link,40
406VIE1000,HAN,TC,2026,0.0,30415.45,84377.71,0.0,-114793.16,fmifiit_fmioi,50000.0,7275800.0,0.0,-7225800.0,1,1,10'|11|20
3210532041,HAR,20,2026,0.0,900.0,53815.08,0.0,-54715.08,fmifiit_fmioi,0.0,0.0,0.0,0.0,0,no_ps_link,20
3230853101,HAR,20,2026,0.0,858.09,683853.92,0.0,-684712.01,fmifiit_fmioi,0.0,0.0,0.0,0.0,0,no_ps_link,20
A230572121,HAR,50,2026,0.0,48643.14,97286.28,0.0,-145929.42,fmifiit_fmioi,0.0,0.0,0.0,0.0,0,no_ps_link,50
3210122072,LBV,30,2026,0.0,218.96,0.0,0.0,-218.96,fmifiit_fmioi,0.0,0.0,0.0,0.0,0,no_ps_link,30
526RAS1037,BGK,REVENUE,2026,332117.54,0.0,0.0,0.0,332117.54,fmifiit_fmioi,1099264.5,-137770.87,0.0,1237035.37,5,4,REVENUE
526ROK9000,BFM,REVENUE,2026,658471.08,0.0,0.0,0.0,658471.08,fmifiit_fmioi,0.0,149939.61,0.0,-149939.61,1,3,REVENUE
927CMR5001,YAO,50,2026,0.0,4884.78,51301.94,634968.24,-634968.24,fmavct_kbfc,6914313.88,635575.47,116428.97,6162309.44,32,2,50
927CMR5001,YAO,40,2026,0.0,144927.24,761750.8,208113.96,-208113.96,fmavct_kbfc,6914313.88,635575.47,116428.97,6162309.44,32,2,40
475RLA1041,STG,REVENUE,2026,482014.83,0.0,0.0,0.0,482014.83,fmifiit_fmioi,2175072.35,177953174.92,1692909.0,-177471011.57,1,3,REVENUE
549RER2021,IOC,REVENUE,2026,234874.07,0.0,0.0,0.0,234874.07,fmifiit_fmioi,1887924.36,-543555.43,0.0,2431479.79,33,4,REVENUE
680BSP3001,BSP,10',2026,141.88,2173.22,0.0,0.0,-2031.34,fmifiit_fmioi,0.0,0.0,0.0,0.0,0,no_ps_link,10'
2210531012,CHP,50,2026,9.42,44.74,0.0,0.0,-35.32,fmifiit_fmioi,0.0,0.0,0.0,0.0,0,no_ps_link,50
501RAF1002,HAR,PC,2026,0.0,1002.03,0.0,0.0,-1002.03,fmifiit_fmioi,14331920.45,9041369.03,122171.35,5168380.07,28,2,10'
633CRP1491,HED,11,2026,0.0,4000.0,30314.9,0.0,-34314.9,fmifiit_fmioi,0.0,0.0,0.0,0.0,0,no_ps_link,11
3210172011,DAK,20,2026,0.0,0.0,78719.82,0.0,-78719.82,fmifiit_fmioi,0.0,0.0,0.0,0.0,0,no_ps_link,20
A210221071,EES,20,2026,0.0,36236.05,35830.92,0.0,-72066.97,fmifiit_fmioi,0.0,0.0,0.0,0.0,0,no_ps_link,20
A230542731,DAR,40,2026,0.0,2529.87,5059.74,0.0,-7589.61,fmifiit_fmioi,0.0,0.0,0.0,0.0,0,no_ps_link,40
221PRC1001,BRV,50,2026,1310.09,2829.0,5729.3,17884.85,-16574.76,fmavct_kbfc,353483.3,969003.16,0.0,-615519.86,4,1,50
3210551011,EVA,10',2026,0.0,14777.68,0.0,0.0,-14777.68,fmifiit_fmioi,0.0,0.0,0.0,0.0,0,no_ps_link,10'
A230542121,HAR,50,2026,398.42,610.53,139.26,0.0,-351.37,fmifiit_fmioi,0.0,0.0,0.0,0.0,0,no_ps_link,50
GEF_IPSAS,UNESCO,13,2026,0.0,465429.92,0.0,0.0,-465429.92,fmifiit_fmioi,0.0,0.0,0.0,0.0,0,no_ps_link,13
OPF,UNESCO,30,2026,0.0,5947.28,0.0,0.0,-5947.28,fmifiit_fmioi,0.0,0.0,0.0,0.0,0,no_ps_link,30
680HRM4110,HRM,50,2026,2002.05,9050.0,0.0,0.0,-7047.95,fmifiit_fmioi,0.0,0.0,0.0,0.0,0,no_ps_link,50
505RAF4001,WHC,50,2026,0.0,19.86,13459.6,0.0,-13479.46,fmifiit_fmioi,3124998.55,93700.88,6216.31,3025081.36,33,2,50
3210233041,SUV,30,2026,0.0,6295.65,0.0,0.0,-6295.65,fmifiit_fmioi,0.0,0.0,0.0,0.0,0,no_ps_link,30
637FOR7306,API,50,2026,0.0,2656.01,9612.96,0.0,-12268.97,fmifiit_fmioi,0.0,0.0,0.0,0.0,0,no_ps_link,50
263JAM1000,KNG,REVENUE,2026,249781.0,0.0,0.0,0.0,249781.0,fmifiit_fmioi,857760.38,2571581.66,0.0,-1713821.28,8,3,REVENUE
406CHI1011,STG,REVENUE,2026,48150.0,0.0,0.0,0.0,48150.0,fmifiit_fmioi,45000.0,-48150.0,0.0,93150.0,1,4,REVENUE
727GPE9000,BFM,REVENUE,2026,63471430.4,0.0,0.0,0.0,63471430.4,fmifiit_fmioi,0.0,9049322.56,0.0,-9049322.56,1,3,REVENUE
727CMR1006,YAO,REVENUE,2026,6069400.0,0.0,0.0,0.0,6069400.0,fmifiit_fmioi,11274139.53,-5915507.36,900.0,17188746.89,13,4,REVENUE
727CMR1007,YAO,REVENUE,2026,1417500.0,0.0,0.0,0.0,1417500.0,fmifiit_fmioi,0.0,-1417500.0,0.0,1417500.0,1,4,REVENUE
354GLO9000,BFM,REVENUE,2026,706410.92,0.0,0.0,0.0,706410.92,fmifiit_fmioi,0.0,-33667.82,0.0,33667.82,1,4,REVENUE
354GLO5013,IPD,REVENUE,2026,459172.0,0.0,0.0,0.0,459172.0,fmifiit_fmioi,5626879.24,1491338.05,19244.0,4116297.19,44,4,REVENUE
680IOS4101,EVA,11,2026,0.0,52648.43,144394.58,0.0,-197043.01,fmifiit_fmioi,0.0,0.0,0.0,0.0,0,no_ps_link,11
3210556022,STG,11,2026,0.0,13462.3,43055.36,0.0,-56517.66,fmifiit_fmioi,0.0,0.0,0.0,0.0,0,no_ps_link,11
3210265021,KNG,20,2026,0.0,4948.75,37431.08,0.0,-42379.83,fmifiit_fmioi,0.0,0.0,0.0,0.0,0,no_ps_link,20
A230575061,MTD,20,2026,0.0,9982.66,58328.35,0.0,-68311.01,fmifiit_fmioi,0.0,0.0,0.0,0.0,0,no_ps_link,20
A310211111,HRM,50,2026,2218146.48,41190.7,0.0,0.0,2176955.78,fmifiit_fmioi,0.0,0.0,0.0,0.0,0,no_ps_link,50
A230575121,MTD,20,2026,0.0,4839.49,23158.55,0.0,-27998.04,fmifiit_fmioi,0.0,0.0,0.0,0.0,0,no_ps_link,20
3210526102,BRZ,40,2026,0.0,230.62,135759.38,0.0,-135990.0,fmifiit_fmioi,0.0,0.0,0.0,0.0,0,no_ps_link,40
3210526102,BRZ,20,2026,0.0,62324.18,275322.09,0.0,-337646.27,fmifiit_fmioi,0.0,0.0,0.0,0.0,0,no_ps_link,20
3210411022,IRD,10',2026,14.42,1364.42,0.0,0.0,-1350.0,fmifiit_fmioi,0.0,0.0,0.0,0.0,0,no_ps_link,10'
3230833101,DAK,20,2026,0.0,2937.45,259664.68,0.0,-262602.13,fmifiit_fmioi,0.0,0.0,0.0,0.0,0,no_ps_link,20
3230853081,DAK,20,2026,0.0,4037.99,285686.56,0.0,-289724.55,fmifiit_fmioi,0.0,0.0,0.0,0.0,0,no_ps_link,20
2210224041,BEJ,13,2026,0.0,0.03,0.0,0.0,-0.03,fmifiit_fmioi,0.0,0.0,0.0,0.0,0,no_ps_link,13
570RAS4006,BGK,20,2026,0.0,6336.52,296323.34,23547.47,-23547.47,fmavct_kbfc,899200.2,-45085.44,0.0,944285.64,7,2,20
3230841571,NDL,10',2026,0.0,916.03,0.0,0.0,-916.03,fmifiit_fmioi,0.0,0.0,0.0,0.0,0,no_ps_link,10'
633CRP7343,NDL,50,2026,0.0,2929.06,7356.96,0.0,-10286.02,fmifiit_fmioi,0.0,0.0,0.0,0.0,0,no_ps_link,50
527RAF4000,WHC,20,2026,0.0,6882.71,266166.54,68744.01,-68744.01,fmavct_kbfc,1125443.76,38214690.45,2232500.48,-39321747.17,55,1,20
3230833021,ABU,20,2026,0.0,4236.38,26583.82,0.0,-30820.2,fmifiit_fmioi,0.0,0.0,0.0,0.0,0,no_ps_link,20
A110112051,SCX,20,2026,0.0,53259.05,106536.66,0.0,-159795.71,fmifiit_fmioi,0.0,0.0,0.0,0.0,0,no_ps_link,20
A210711011,UIS,50,2026,1095727.0,0.0,0.0,0.0,1095727.0,fmifiit_fmioi,0.0,0.0,0.0,0.0,0,no_ps_link,50
A210721011,UIS,50,2026,106900.0,0.0,0.0,0.0,106900.0,fmifiit_fmioi,0.0,0.0,0.0,0.0,0,no_ps_link,50
A210731011,UIS,50,2026,133625.0,0.0,0.0,0.0,133625.0,fmifiit_fmioi,0.0,0.0,0.0,0.0,0,no_ps_link,50
3210554092,KAT,20,2026,0.0,1034.88,5858.6,0.0,-6893.48,fmifiit_fmioi,0.0,0.0,0.0,0.0,0,no_ps_link,20
980LIB5021,RAB,TC,2026,0.0,12389.3,16134.48,9508.0,-9508.0,fmavct_kbfc,4869444.0,2959.34,0.0,4866484.66,6,2,10'|20|40
642ENV9000,ADM,50,2026,0.0,188.6,190347.41,0.0,-190536.01,fmifiit_fmioi,0.0,0.0,0.0,0.0,0,no_ps_link,50
3210185032,MTD,11,2026,0.0,19746.0,308676.68,0.0,-328422.68,fmifiit_fmioi,0.0,0.0,0.0,0.0,0,no_ps_link,11
514RLA2006,MTD,TC,2026,0.0,35770.0,190800.0,0.0,-226570.0,fmifiit_fmioi,295309.8,17700.0,0.0,277609.8,13,2,11|20
473UKR4000,EPR,TC,2026,0.0,18218.38,40160.0,5215.44,-5215.44,fmavct_kbfc,230041.02,44823.35,0.0,185217.67,3,2,10'|11
3210551031,DCE,11,2026,0.0,4600.22,59862.04,0.0,-64462.26,fmifiit_fmioi,0.0,0.0,0.0,0.0,0,no_ps_link,11
A110112011,SCX,BRSTAT,2026,0.0,16642.48,0.0,0.0,-16642.48,fmifiit_fmioi,0.0,0.0,0.0,0.0,0,no_ps_link,BRSTAT
A110112011,SCX,13,2026,0.0,27670.17,0.0,0.0,-27670.17,fmifiit_fmioi,0.0,0.0,0.0,0.0,0,no_ps_link,13
A110112011,SCX,CDSP,2026,0.0,16875.85,0.0,0.0,-16875.85,fmifiit_fmioi,0.0,0.0,0.0,0.0,0,no_ps_link,CDSP
A310611051,OPS,BRSTAT,2026,0.0,320.12,0.0,0.0,-320.12,fmifiit_fmioi,0.0,0.0,0.0,0.0,0,no_ps_link,BRSTAT
A310611051,OPS,CDSP,2026,0.0,320.12,0.0,0.0,-320.12,fmifiit_fmioi,0.0,0.0,0.0,0.0,0,no_ps_link,CDSP
A110112011,SCX,11,2026,0.0,235027.95,0.0,0.0,-235027.95,fmifiit_fmioi,0.0,0.0,0.0,0.0,0,no_ps_link,11
A230572091,BRV,20,2026,0.0,22565.92,63435.4,0.0,-86001.32,fmifiit_fmioi,0.0,0.0,0.0,0.0,0,no_ps_link,20
A320121021,DBS,40,2026,0.0,12325.08,97559.21,0.0,-109884.29,fmifiit_fmioi,0.0,0.0,0.0,0.0,0,no_ps_link,40
A230561021,DBS,40,2026,0.0,3256.77,95624.59,0.0,-98881.36,fmifiit_fmioi,0.0,0.0,0.0,0.0,0,no_ps_link,40
633CRP3291,HEO,10',2026,234.28,12091.2,0.0,0.0,-11856.92,fmifiit_fmioi,0.0,0.0,0.0,0.0,0,no_ps_link,10'
3210411042,IRD,10',2026,0.0,278.0,0.0,0.0,-278.0,fmifiit_fmioi,0.0,0.0,0.0,0.0,0,no_ps_link,10'
213RAF2006,ABU,PC,2026,0.0,15679.96,65230.34,8860.2,-8860.2,fmavct_kbfc,127321.41,271123.0,0.0,-143801.59,1,1,11
633CRP7303,ACR,40,2026,0.0,6254.35,19101.72,0.0,-25356.07,fmifiit_fmioi,0.0,0.0,0.0,0.0,0,no_ps_link,40
537GLO2000,DRR,20,2026,0.0,49728.63,365780.46,211.63,-211.63,fmavct_kbfc,751607.0,3626304.87,879581.0,-3754278.87,13,1,20
639IOS9001,IOS,REVENUE,2026,29262.69,31440.6,0.0,0.0,-2177.91,fmifiit_fmioi,68094.06,0.0,0.0,68094.06,9,2,REVENUE
A230543051,DOH,20,2026,0.0,542.88,1668.88,0.0,-2211.76,fmifiit_fmioi,0.0,0.0,0.0,0.0,0,no_ps_link,20
526RAS4023,WHC,PC,2026,0.0,3417.9,50866.6,10152.53,-10152.53,fmavct_kbfc,493166.07,455502.12,692600.0,-654936.05,2,1,10'|11
3210544142,DHA,50,2026,0.0,48.86,235.9,0.0,-284.76,fmifiit_fmioi,0.0,0.0,0.0,0.0,0,no_ps_link,50
637FOR7343,NDL,REVENUE,2026,0.0,79072.57,0.0,0.0,-79072.57,fmifiit_fmioi,0.0,0.0,0.0,0.0,0,no_ps_link,REVENUE
A230544051,DHA,40,2026,0.0,945.84,2262.65,0.0,-3208.49,fmifiit_fmioi,0.0,0.0,0.0,0.0,0,no_ps_link,40
3210262041,HAR,50,2026,0.0,217.4,14560.4,0.0,-14777.8,fmifiit_fmioi,0.0,0.0,0.0,0.0,0,no_ps_link,50
2210214062,NDL,50,2026,0.0,78.13,564.7,0.0,-642.83,fmifiit_fmioi,0.0,0.0,0.0,0.0,0,no_ps_link,50
637FOR7350,SJO,10',2026,477.84,0.0,0.0,0.0,477.84,fmifiit_fmioi,0.0,0.0,0.0,0.0,0,no_ps_link,10'
633CRP1512,BGK,50,2026,0.0,179.48,523.0,0.0,-702.48,fmifiit_fmioi,0.0,0.0,0.0,0.0,0,no_ps_link,50
537RAF4004,LHE,30,2026,0.0,8009.53,0.0,7240.78,-7240.78,fmavct_kbfc,804112.63,179464.29,128.37,624519.97,6,2,30
513GLO2046,IOC,20,2026,0.0,1205.24,247656.66,0.0,-248861.9,fmifiit_fmioi,1339952.02,43280.58,0.0,1296671.44,26,2,20
549UZB1000,TAS,30,2026,644.6,3268.51,0.0,35628.22,-34983.62,fmavct_kbfc,11372596.54,5061475341.25,101199927.0,-5151302671.71,8,1,30
3210251021,PBS,40,2026,0.0,688.14,5724.2,0.0,-6412.34,fmifiit_fmioi,0.0,0.0,0.0,0.0,0,no_ps_link,40
2230711043,CPE,40,2026,0.0,351.96,0.0,0.0,-351.96,fmifiit_fmioi,0.0,0.0,0.0,0.0,0,no_ps_link,40
406EGY1000,CAI,20,2026,0.0,3245.74,12572.0,13164.42,-13164.42,fmavct_kbfc,7154.93,1885129.59,0.0,-1877974.66,1,1,20
A210221071,EES,30,2026,6917.39,18896.95,0.0,0.0,-11979.56,fmifiit_fmioi,0.0,0.0,0.0,0.0,0,no_ps_link,30
633CRP2207,ATA,20,2026,0.0,2791.09,13566.0,0.0,-16357.09,fmifiit_fmioi,0.0,0.0,0.0,0.0,0,no_ps_link,20
A230542201,NDJ,20,2026,0.0,4904.61,9400.99,0.0,-14305.6,fmifiit_fmioi,0.0,0.0,0.0,0.0,0,no_ps_link,20
402EGY4006,CAI,11,2026,0.0,2000.0,11690.0,863.78,-863.78,fmavct_kbfc,421865.9,3926936.22,0.0,-3505070.32,7,1,11
A230542091,DAK,50,2026,0.0,11611.69,31872.8,0.0,-43484.49,fmifiit_fmioi,0.0,0.0,0.0,0.0,0,no_ps_link,50
MBF,UNESCO,50,2026,0.0,3723606.44,0.0,0.0,-3723606.44,fmifiit_fmioi,0.0,0.0,0.0,0.0,0,no_ps_link,50
A230575011,HAV,50,2026,0.0,525.0,0.0,0.0,-525.0,fmifiit_fmioi,0.0,0.0,0.0,0.0,0,no_ps_link,50
235RER4000,VNI,PC,2026,3.84,19935.23,12285.62,31659.62,-31655.78,fmavct_kbfc,1579727.43,-169292.51,0.0,1749019.94,33,2,10'|11|13
3230875221,STG,10',2026,78.23,4853.68,0.0,0.0,-4775.45,fmifiit_fmioi,0.0,0.0,0.0,0.0,0,no_ps_link,10'
549CYP1001,EDP,TC,2026,0.0,54824.85,137133.14,0.39,-0.39,fmavct_kbfc,1264122.96,17636.0,0.0,1246486.96,11,2,10'|11|30
467GLO1016,EEO,40,2026,0.0,17509.02,355300.67,35132.76,-35132.76,fmavct_kbfc,51902437.3,33266538.4,8161392.34,10474506.56,263,2,40
3210221012,HYD,50,2026,2082.63,0.0,0.0,0.0,2082.63,fmifiit_fmioi,0.0,0.0,0.0,0.0,0,no_ps_link,50
680IOS4102,AUD,30,2026,369.1,10184.73,0.0,0.0,-9815.63,fmifiit_fmioi,0.0,0.0,0.0,0.0,0,no_ps_link,30
680IOS4103,INV,30,2026,358.45,7306.0,0.0,0.0,-6947.55,fmifiit_fmioi,0.0,0.0,0.0,0.0,0,no_ps_link,30
213SAF2001,HAR,REVENUE,2026,245673.96,0.0,0.0,0.0,245673.96,fmifiit_fmioi,1835058.18,248707.09,0.0,1586351.09,10,4,REVENUE
A230544691,TEH,40,2026,0.0,4149.83,8299.66,0.0,-12449.49,fmifiit_fmioi,0.0,0.0,0.0,0.0,0,no_ps_link,40
3210425021,KNG,11,2026,0.0,250.0,12740.0,0.0,-12990.0,fmifiit_fmioi,0.0,0.0,0.0,0.0,0,no_ps_link,11
511IES5545,IES,11,2026,0.0,12150.0,324249.94,0.0,-336399.94,fmifiit_fmioi,0.0,0.0,0.0,0.0,0,no_ps_link,11
511IES5515,IES,13,2026,0.0,1614.0,0.0,0.0,-1614.0,fmifiit_fmioi,0.0,0.0,0.0,0.0,0,no_ps_link,13
3210531031,EPR,10',2026,33.09,2613.57,0.0,0.0,-2580.48,fmifiit_fmioi,0.0,0.0,0.0,0.0,0,no_ps_link,10'
3210485021,KNG,10',2026,0.0,3030.55,0.0,0.0,-3030.55,fmifiit_fmioi,0.0,0.0,0.0,0.0,0,no_ps_link,10'
633CRP1330,JAK,50,2026,0.0,288.92,6519.25,0.0,-6808.17,fmifiit_fmioi,0.0,0.0,0.0,0.0,0,no_ps_link,50
185GEF0006,DHA,50,2026,0.0,872.54,0.0,0.0,-872.54,fmifiit_fmioi,0.0,0.0,0.0,0.0,0,no_ps_link,50
2210214064,NDL,40,2026,0.0,21.91,42.42,0.0,-64.33,fmifiit_fmioi,0.0,0.0,0.0,0.0,0,no_ps_link,40
196RES4142,WHC,TC,2026,0.0,13159.78,122038.26,4759.44,-4759.44,fmavct_kbfc,399664.0,1364.98,0.0,398299.02,9,2,10'|20
32101B3081,RAM,10',2026,34.48,1088.0,0.0,0.0,-1053.52,fmifiit_fmioi,0.0,0.0,0.0,0.0,0,no_ps_link,10'
3230872042,ABU,11,2026,0.0,6523.19,49188.98,0.0,-55712.17,fmifiit_fmioi,0.0,0.0,0.0,0.0,0,no_ps_link,11
633CRP1602,ABU,11,2026,0.0,8072.91,101886.74,0.0,-109959.65,fmifiit_fmioi,0.0,0.0,0.0,0.0,0,no_ps_link,11
A230544031,BGK,13,2026,0.0,12641.78,0.0,0.0,-12641.78,fmifiit_fmioi,0.0,0.0,0.0,0.0,0,no_ps_link,13
633CRP1612,BGK,50,2026,56.13,398.05,409.71,0.0,-751.63,fmifiit_fmioi,0.0,0.0,0.0,0.0,0,no_ps_link,50
633CRP7312,BGK,20,2026,0.0,1714.12,38034.81,0.0,-39748.93,fmifiit_fmioi,0.0,0.0,0.0,0.0,0,no_ps_link,20
A230574051,NDL,20,2026,0.0,27484.29,76030.54,0.0,-103514.83,fmifiit_fmioi,0.0,0.0,0.0,0.0,0,no_ps_link,20
A230544681,TAS,40,2026,0.0,5752.56,11505.12,0.0,-17257.68,fmifiit_fmioi,0.0,0.0,0.0,0.0,0,no_ps_link,40
637FOR7312,BGK,50,2026,0.0,1413.17,19477.36,0.0,-20890.53,fmifiit_fmioi,0.0,0.0,0.0,0.0,0,no_ps_link,50
3210152011,ABU,11,2026,0.0,1433.81,30325.18,0.0,-31758.99,fmifiit_fmioi,0.0,0.0,0.0,0.0,0,no_ps_link,11
3210552011,ABU,11,2026,0.0,1670.61,6109.68,0.0,-7780.29,fmifiit_fmioi,0.0,0.0,0.0,0.0,0,no_ps_link,11
3210421011,MTF,10',2026,0.0,582.88,0.0,0.0,-582.88,fmifiit_fmioi,0.0,0.0,0.0,0.0,0,no_ps_link,10'
3210421012,MTF,10',2026,0.0,145.72,0.0,0.0,-145.72,fmifiit_fmioi,0.0,0.0,0.0,0.0,0,no_ps_link,10'
549RLA4000,HAV,PC,2026,0.0,3.43,0.0,48950.0,-48950.0,fmavct_kbfc,19981027.28,2464672.4,0.0,17516354.88,9,2,10'
3210533031,RAB,10',2026,0.0,898.75,0.0,0.0,-898.75,fmifiit_fmioi,0.0,0.0,0.0,0.0,0,no_ps_link,10'
3210453021,BEI,10',2026,2153.05,0.0,0.0,0.0,2153.05,fmifiit_fmioi,0.0,0.0,0.0,0.0,0,no_ps_link,10'
3210223041,DOH,10',2026,0.0,867.38,0.0,0.0,-867.38,fmifiit_fmioi,0.0,0.0,0.0,0.0,0,no_ps_link,10'
727DRC1002,KNS,40,2026,0.0,1080.5,89288.58,20352.65,-20352.65,fmavct_kbfc,6685995.0,506337.61,10150.0,6169507.39,12,2,40
3210521021,UCH,20,2026,0.0,10613.3,220714.04,0.0,-231327.34,fmifiit_fmioi,0.0,0.0,0.0,0.0,0,no_ps_link,20
3210181011,TAI,20,2026,0.0,278.08,119890.0,0.0,-120168.08,fmifiit_fmioi,0.0,0.0,0.0,0.0,0,no_ps_link,20
3310713021,SSM,40,2026,0.0,8384.53,249681.64,0.0,-258066.17,fmifiit_fmioi,0.0,0.0,0.0,0.0,0,no_ps_link,40
3210125041,DOH,10',2026,0.0,561.21,0.0,0.0,-561.21,fmifiit_fmioi,0.0,0.0,0.0,0.0,0,no_ps_link,10'
633CRP2290,HYD,10',2026,80.63,3580.24,0.0,0.0,-3499.61,fmifiit_fmioi,0.0,0.0,0.0,0.0,0,no_ps_link,10'
3230853031,ACR,20,2026,0.0,2102.37,151852.08,0.0,-153954.45,fmifiit_fmioi,0.0,0.0,0.0,0.0,0,no_ps_link,20
3210641091,IDT,10',2026,93.88,2827.03,0.0,0.0,-2733.15,fmifiit_fmioi,0.0,0.0,0.0,0.0,0,no_ps_link,10'
3230853031,ACR,40,2026,0.0,106.55,30360.04,0.0,-30466.59,fmifiit_fmioi,0.0,0.0,0.0,0.0,0,no_ps_link,40
504PAL4006,MHM,PC,2026,0.0,5000.0,233570.26,0.0,-238570.26,fmifiit_fmioi,1537396.57,53471.2,0.0,1483925.37,23,2,11
3230837471,KNG,40,2026,0.0,3429.96,17262.76,0.0,-20692.72,fmifiit_fmioi,0.0,0.0,0.0,0.0,0,no_ps_link,40
406RAB5000,CAI,11,2026,0.0,2000.0,92890.8,0.0,-94890.8,fmifiit_fmioi,38760.7,10708.49,0.0,28052.21,1,2,11
633TFC7334,KHA,50,2026,0.0,20.08,0.0,0.0,-20.08,fmifiit_fmioi,0.0,0.0,0.0,0.0,0,no_ps_link,50
495GLO4643,CPD,TC,2026,1691.82,225481.44,54576.47,0.0,-278366.09,fmifiit_fmioi,1310100.36,-1174950.77,0.0,2485051.13,3,2,10'|11|13|20|30
3210225101,KNG,10',2026,0.0,3320.88,0.0,0.0,-3320.88,fmifiit_fmioi,0.0,0.0,0.0,0.0,0,no_ps_link,10'
3210285021,KNG,10',2026,0.0,1832.32,0.0,0.0,-1832.32,fmifiit_fmioi,0.0,0.0,0.0,0.0,0,no_ps_link,10'
633CRP1602,ABU,30,2026,0.0,7863.92,0.0,0.0,-7863.92,fmifiit_fmioi,0.0,0.0,0.0,0.0,0,no_ps_link,30
A310611051,OPS,20,2026,0.0,24899.5,114161.46,0.0,-139060.96,fmifiit_fmioi,0.0,0.0,0.0,0.0,0,no_ps_link,20
A230575071,MXC,50,2026,0.0,1282.93,0.0,0.0,-1282.93,fmifiit_fmioi,0.0,0.0,0.0,0.0,0,no_ps_link,50
2210125023,MXC,50,2026,0.0,205.27,0.0,0.0,-205.27,fmifiit_fmioi,0.0,0.0,0.0,0.0,0,no_ps_link,50
2210425023,MXC,50,2026,0.0,341.16,623.28,0.0,-964.44,fmifiit_fmioi,0.0,0.0,0.0,0.0,0,no_ps_link,50
A310611051,OPS,40,2026,0.0,158775.4,587878.13,0.0,-746653.53,fmifiit_fmioi,0.0,0.0,0.0,0.0,0,no_ps_link,40
A320121021,DBS,20,2026,111408.83,10395.0,31185.0,0.0,69828.83,fmifiit_fmioi,0.0,0.0,0.0,0.0,0,no_ps_link,20
A230561021,DBS,20,2026,136166.34,0.0,0.0,0.0,136166.34,fmifiit_fmioi,0.0,0.0,0.0,0.0,0,no_ps_link,20
680DBS4106,DBS,20,2026,22326.67,0.0,0.0,0.0,22326.67,fmifiit_fmioi,0.0,0.0,0.0,0.0,0,no_ps_link,20
680SBS4105,DBS,20,2026,89.52,56873.78,0.0,0.0,-56784.26,fmifiit_fmioi,0.0,0.0,0.0,0.0,0,no_ps_link,20
3230835031,SUV,50,2026,0.0,1428.28,21298.0,0.0,-22726.28,fmifiit_fmioi,0.0,0.0,0.0,0.0,0,no_ps_link,50
3210455031,KNG,30,2026,0.0,394.43,0.0,0.0,-394.43,fmifiit_fmioi,0.0,0.0,0.0,0.0,0,no_ps_link,30
3210114033,DHA,20,2026,0.0,18852.34,68628.96,0.0,-87481.3,fmifiit_fmioi,0.0,0.0,0.0,0.0,0,no_ps_link,20
A230575041,KNG,20,2026,0.0,2721.19,6220.43,0.0,-8941.62,fmifiit_fmioi,0.0,0.0,0.0,0.0,0,no_ps_link,20
3210564042,JAK,50,2026,0.0,12.92,0.0,0.0,-12.92,fmifiit_fmioi,0.0,0.0,0.0,0.0,0,no_ps_link,50
580INT1000,EDU,50,2026,687.43,8652.29,17756.96,45120.08,-44432.65,fmavct_kbfc,4580634.09,1675760.88,932451.66,1972421.55,13,2,50
922IND4006,NDL,50,2026,0.0,2676.15,51664.84,4301.96,-4301.96,fmavct_kbfc,950875.72,-69582129.62,5792911.0,64740094.34,1,2,50
633CRP7304,ADI,20,2026,0.0,7363.05,10768.63,0.0,-18131.68,fmifiit_fmioi,0.0,0.0,0.0,0.0,0,no_ps_link,20
GEF,HQD,40,2026,0.0,14454.24,0.0,0.0,-14454.24,fmifiit_fmioi,0.0,0.0,0.0,0.0,0,no_ps_link,40
3210583031,CAI,20,2026,0.0,2202.36,14600.0,0.0,-16802.36,fmifiit_fmioi,0.0,0.0,0.0,0.0,0,no_ps_link,20
OPF,DBS,40,2026,0.0,7362.61,0.0,0.0,-7362.61,fmifiit_fmioi,0.0,0.0,0.0,0.0,0,no_ps_link,40
526MAG2000,NAI,30,2026,0.0,3932.42,0.0,720474.27,-720474.27,fmavct_kbfc,6212086.17,17039527.48,0.0,-10827441.31,44,1,30
680DBS4104,DBS,40,2026,0.0,7640.53,523847.73,0.0,-531488.26,fmifiit_fmioi,0.0,0.0,0.0,0.0,0,no_ps_link,40
680HRM4107,HRM,11,2026,0.0,2500.0,5000.0,0.0,-7500.0,fmifiit_fmioi,0.0,0.0,0.0,0.0,0,no_ps_link,11
A230544121,NDL,50,2026,0.0,3672.54,10479.82,0.0,-14152.36,fmifiit_fmioi,0.0,0.0,0.0,0.0,0,no_ps_link,50
633TFC7349,RAM,10',2026,244.11,2670.33,0.0,0.0,-2426.22,fmifiit_fmioi,0.0,0.0,0.0,0.0,0,no_ps_link,10'
3210142011,ABU,11,2026,0.0,987.32,5105.32,0.0,-6092.64,fmifiit_fmioi,0.0,0.0,0.0,0.0,0,no_ps_link,11
633CRP1691,EDP,50,2026,2.34,328.31,0.0,0.0,-325.97,fmifiit_fmioi,0.0,0.0,0.0,0.0,0,no_ps_link,50
727CMB1008,PNP,REVENUE,2026,3606334.0,0.0,0.0,0.0,3606334.0,fmifiit_fmioi,16601676.0,-8842030.13,334937.68,25108768.45,24,4,REVENUE
549BIH4000,SAR,REVENUE,2026,6418858.68,0.0,0.0,0.0,6418858.68,fmifiit_fmioi,23806249.52,-5359747.0,0.0,29165996.52,13,4,REVENUE
549RER5005,VNI,REVENUE,2026,1139585.0,0.0,0.0,0.0,1139585.0,fmifiit_fmioi,8441586.01,-547364.86,20074.0,8968876.87,16,4,REVENUE
810JPN9090,DCO,REVENUE,2026,747362.0,0.0,0.0,0.0,747362.0,fmifiit_fmioi,0.0,-252219.0,0.0,252219.0,1,4,REVENUE
810GLO4006,WHC,REVENUE,2026,86276.0,0.0,0.0,0.0,86276.0,fmifiit_fmioi,297001.0,-297169.61,0.0,594170.61,1,4,REVENUE
549RER2016,IOC,REVENUE,2026,21344.09,0.0,0.0,0.0,21344.09,fmifiit_fmioi,395355.0,12892.88,0.0,382462.12,9,4,REVENUE
3210141071,HED,50,2026,0.0,89.48,0.0,0.0,-89.48,fmifiit_fmioi,0.0,0.0,0.0,0.0,0,no_ps_link,50
216RLA2003,CTG,TC,2026,27.95,134198.54,766395.58,1376.21,-1348.26,fmavct_kbfc,1251043.26,-391003.41,66672.0,1575374.67,10,2,10'|11|13|20|30|50
3210661051,IDT,11,2026,93.55,0.0,222913.28,0.0,-222819.73,fmifiit_fmioi,0.0,0.0,0.0,0.0,0,no_ps_link,11
3230411021,DRX,40,2026,0.0,341.15,1406.8,0.0,-1747.95,fmifiit_fmioi,0.0,0.0,0.0,0.0,0,no_ps_link,40
2230411022,RMS,40,2026,0.0,257.21,3015.58,0.0,-3272.79,fmifiit_fmioi,0.0,0.0,0.0,0.0,0,no_ps_link,40
3230411051,DRX,40,2026,0.0,3622.41,19762.56,0.0,-23384.97,fmifiit_fmioi,0.0,0.0,0.0,0.0,0,no_ps_link,40
32106B1012,IDT,11,2026,60.67,0.0,9489.92,0.0,-9429.25,fmifiit_fmioi,0.0,0.0,0.0,0.0,0,no_ps_link,11
2210641041,UAI,11,2026,8.06,0.0,12567.9,0.0,-12559.84,fmifiit_fmioi,0.0,0.0,0.0,0.0,0,no_ps_link,11
633CRP5190,UAI,30,2026,133.34,804.44,0.0,0.0,-671.1,fmifiit_fmioi,0.0,0.0,0.0,0.0,0,no_ps_link,30
3210131022,GCP,10',2026,15.96,4347.89,0.0,0.0,-4331.93,fmifiit_fmioi,0.0,0.0,0.0,0.0,0,no_ps_link,10'
469GLO1006,TLC,30,2026,44.03,0.0,0.0,23875.4,-23831.37,fmavct_kbfc,362628.74,23274.78,0.0,339353.96,1,2,30
3210161022,EDP,30,2026,143.8,0.0,0.0,0.0,143.8,fmifiit_fmioi,0.0,0.0,0.0,0.0,0,no_ps_link,30
633CRP1691,EDP,30,2026,188.15,8932.0,0.0,0.0,-8743.85,fmifiit_fmioi,0.0,0.0,0.0,0.0,0,no_ps_link,30
495GLO1056,IGE,TC,2026,11290.38,97564.91,14990.38,0.0,-101264.91,fmifiit_fmioi,1314661.56,-711274.79,0.0,2025936.35,2,2,10'|11|13|20|30
2210421013,RPF,30,2026,277.98,0.0,0.0,0.0,277.98,fmifiit_fmioi,0.0,0.0,0.0,0.0,0,no_ps_link,30
A230542031,ACR,20,2026,0.0,4467.4,46093.76,0.0,-50561.16,fmifiit_fmioi,0.0,0.0,0.0,0.0,0,no_ps_link,20
199GLO4942,LHE,TC,2026,0.0,17538.64,137693.48,47564.44,-47564.44,fmavct_kbfc,52215.49,87571.4,0.0,-35355.91,1,1,20
A230575081,POP,20,2026,0.0,22300.76,122509.52,0.0,-144810.28,fmifiit_fmioi,0.0,0.0,0.0,0.0,0,no_ps_link,20
406HON1000,SJO,TC,2026,0.0,8383.69,18222.14,25902.44,-25902.44,fmavct_kbfc,10000.0,-8700.0,3000.0,15700.0,1,2,10'|20
2210215141,MXC,30,2026,243.05,11652.3,0.0,0.0,-11409.25,fmifiit_fmioi,0.0,0.0,0.0,0.0,0,no_ps_link,30
633TFC7323,HAR,20,2026,0.0,673.0,5031.0,0.0,-5704.0,fmifiit_fmioi,0.0,0.0,0.0,0.0,0,no_ps_link,20
3210556022,STG,10',2026,54.61,1820.26,0.0,0.0,-1765.65,fmifiit_fmioi,0.0,0.0,0.0,0.0,0,no_ps_link,10'
537GLO3001,BIO,20,2026,0.0,30191.54,94795.54,2395.79,-2395.79,fmavct_kbfc,375263.18,-385733.48,51266.01,709730.65,1,2,20
633CRP1132,KAB,11,2026,0.0,38793.29,108087.0,0.0,-146880.29,fmifiit_fmioi,0.0,0.0,0.0,0.0,0,no_ps_link,11
2210214064,NDL,50,2026,0.0,21.69,0.0,0.0,-21.69,fmifiit_fmioi,0.0,0.0,0.0,0.0,0,no_ps_link,50
633CRP5510,BEI,50,2026,0.0,46.26,0.0,0.0,-46.26,fmifiit_fmioi,0.0,0.0,0.0,0.0,0,no_ps_link,50
633CRP1128,ISB,50,2026,0.0,257.67,0.0,0.0,-257.67,fmifiit_fmioi,0.0,0.0,0.0,0.0,0,no_ps_link,50
633CRP4128,ISB,50,2026,0.0,171.84,0.0,0.0,-171.84,fmifiit_fmioi,0.0,0.0,0.0,0.0,0,no_ps_link,50
633CRP2128,ISB,50,2026,0.0,57.28,0.0,0.0,-57.28,fmifiit_fmioi,0.0,0.0,0.0,0.0,0,no_ps_link,50
633CRP7328,ISB,50,2026,0.0,57.28,0.0,0.0,-57.28,fmifiit_fmioi,0.0,0.0,0.0,0.0,0,no_ps_link,50
A230574091,ISB,50,2026,0.0,57.28,0.0,0.0,-57.28,fmifiit_fmioi,0.0,0.0,0.0,0.0,0,no_ps_link,50
633CRP5390,MDE,10',2026,0.0,1732.74,0.0,0.0,-1732.74,fmifiit_fmioi,0.0,0.0,0.0,0.0,0,no_ps_link,10'
3230511011,GEN,20,2026,0.0,3850.46,1232727.96,0.0,-1236578.42,fmifiit_fmioi,0.0,0.0,0.0,0.0,0,no_ps_link,20
633TFC7318,DAR,50,2026,0.0,548.44,1561.6,0.0,-2110.04,fmifiit_fmioi,0.0,0.0,0.0,0.0,0,no_ps_link,50
650RER6001,VNI,TC,2026,0.0,9719.84,100323.87,11002.47,-11002.47,fmavct_kbfc,133350.0,8000.0,0.0,125350.0,6,2,10'|20
637FOR7317,DAK,20,2026,0.0,5240.63,18804.2,0.0,-24044.83,fmifiit_fmioi,0.0,0.0,0.0,0.0,0,no_ps_link,20
A230542031,ACR,50,2026,0.0,15689.14,49690.01,0.0,-65379.15,fmifiit_fmioi,0.0,0.0,0.0,0.0,0,no_ps_link,50
633CRP7317,DAK,20,2026,0.0,2014.01,28936.26,0.0,-30950.27,fmifiit_fmioi,0.0,0.0,0.0,0.0,0,no_ps_link,20
650RER6000,VNI,10',2026,47.32,1510.37,0.0,8076.52,-8029.2,fmavct_kbfc,1188110.15,-372779.26,33.87,1560855.54,37,2,10'
A230111021,COR,40,2026,879.39,18.5,0.0,0.0,860.89,fmifiit_fmioi,0.0,0.0,0.0,0.0,0,no_ps_link,40
257GLO1045,IPS,PC,2026,47100.0,16.72,10181.92,591.7,46508.3,fmavct_kbfc,422274.31,466843.27,0.0,-44568.96,46,3,10'|11
A230542081,BUJ,40,2026,0.0,2400.0,4800.0,0.0,-7200.0,fmifiit_fmioi,0.0,0.0,0.0,0.0,0,no_ps_link,40
680DBM4101,DBM,10',2026,450.9,0.0,0.0,0.0,450.9,fmifiit_fmioi,0.0,0.0,0.0,0.0,0,no_ps_link,10'
A230545111,VOC,20,2026,0.0,4889.51,16580.32,0.0,-21469.83,fmifiit_fmioi,0.0,0.0,0.0,0.0,0,no_ps_link,20
633CRP3591,SHS,11,2026,0.0,33396.43,111862.8,0.0,-145259.23,fmifiit_fmioi,0.0,0.0,0.0,0.0,0,no_ps_link,11
537SEN4000,DAK,20,2026,0.0,18583.1,61285.94,10798.01,-10798.01,fmavct_kbfc,559633.0,-554298.7,0.0,1113931.7,1,2,20
3210515012,WHC,11,2026,0.0,1100.0,152703.42,0.0,-153803.42,fmifiit_fmioi,0.0,0.0,0.0,0.0,0,no_ps_link,11
633CRP1614,BRV,10',2026,41.64,5028.93,0.0,0.0,-4987.29,fmifiit_fmioi,0.0,0.0,0.0,0.0,0,no_ps_link,10'
3230872102,BAM,10',2026,0.0,27114.25,0.0,0.0,-27114.25,fmifiit_fmioi,0.0,0.0,0.0,0.0,0,no_ps_link,10'
3230835031,SUV,20,2026,0.0,5062.92,37864.26,0.0,-42927.18,fmifiit_fmioi,0.0,0.0,0.0,0.0,0,no_ps_link,20
3210134042,BGK,11,2026,0.0,3184.48,104834.04,0.0,-108018.52,fmifiit_fmioi,0.0,0.0,0.0,0.0,0,no_ps_link,11
201MAG1003,NAI,TC,2026,0.0,1735.12,33716.88,325.55,-325.55,fmavct_kbfc,85567.59,25826.45,2246.45,57494.69,7,2,20
A230543061,KHA,20,2026,0.0,792.69,5067.66,0.0,-5860.35,fmifiit_fmioi,0.0,0.0,0.0,0.0,0,no_ps_link,20
170GLO4043,ITR,TC,2026,10118.6,20235.0,11522.3,6167.75,3950.85,fmavct_kbfc,849635.31,3762006.02,0.0,-2912370.71,11,3,20|50
A230572141,NAI,20,2026,0.0,17166.89,46596.57,0.0,-63763.46,fmifiit_fmioi,0.0,0.0,0.0,0.0,0,no_ps_link,20
A230544091,JAK,50,2026,0.0,1241.73,3429.46,0.0,-4671.19,fmifiit_fmioi,0.0,0.0,0.0,0.0,0,no_ps_link,50
633CRP5130,JAK,20,2026,0.0,488.82,363.2,0.0,-852.02,fmifiit_fmioi,0.0,0.0,0.0,0.0,0,no_ps_link,20
3210241012,PBS,13,2026,23938.01,8471.56,0.0,0.0,15466.45,fmifiit_fmioi,0.0,0.0,0.0,0.0,0,no_ps_link,13
3230211022,ABV,13,2026,2318.56,0.0,0.0,0.0,2318.56,fmifiit_fmioi,0.0,0.0,0.0,0.0,0,no_ps_link,13
570MLI4001,BAM,PC,2026,17.07,2233.45,58097.74,407.78,-390.71,fmavct_kbfc,1588094.7,869398.6,0.0,718696.1,39,2,10'|11|13
310GLO4000,MCO,REVENUE,2026,141802.0,0.0,0.0,0.0,141802.0,fmifiit_fmioi,1619867.01,-59297.97,0.0,1679164.98,25,4,REVENUE
A230542221,YAO,20,2026,0.0,25002.02,63909.94,0.0,-88911.96,fmifiit_fmioi,0.0,0.0,0.0,0.0,0,no_ps_link,20
A230572031,YAO,20,2026,0.0,71353.47,303235.49,0.0,-374588.96,fmifiit_fmioi,0.0,0.0,0.0,0.0,0,no_ps_link,20
570GLO3018,INC,20,2026,0.0,23000.0,334282.84,5492.1,-5492.1,fmavct_kbfc,732673.56,-114806.94,0.0,847480.5,8,2,20
637FOR7358,YAO,40,2026,0.0,3075.93,55737.38,0.0,-58813.31,fmifiit_fmioi,0.0,0.0,0.0,0.0,0,no_ps_link,40
A210524332,DHA,10',2026,0.0,324.28,0.0,0.0,-324.28,fmifiit_fmioi,0.0,0.0,0.0,0.0,0,no_ps_link,10'
A210524332,DHA,13,2026,0.0,4809.47,0.0,0.0,-4809.47,fmifiit_fmioi,0.0,0.0,0.0,0.0,0,no_ps_link,13
A230545101,STG,10',2026,0.0,167.68,0.0,0.0,-167.68,fmifiit_fmioi,0.0,0.0,0.0,0.0,0,no_ps_link,10'
3210556022,STG,13,2026,0.0,21177.58,0.0,0.0,-21177.58,fmifiit_fmioi,0.0,0.0,0.0,0.0,0,no_ps_link,13
A210161011,AGI,13,2026,0.0,2822.11,0.0,0.0,-2822.11,fmifiit_fmioi,0.0,0.0,0.0,0.0,0,no_ps_link,13
A210161011,AGI,BRSTAT,2026,0.0,178.38,0.0,0.0,-178.38,fmifiit_fmioi,0.0,0.0,0.0,0.0,0,no_ps_link,BRSTAT
A210161011,AGI,CDSP,2026,0.0,178.38,0.0,0.0,-178.38,fmifiit_fmioi,0.0,0.0,0.0,0.0,0,no_ps_link,CDSP
A310721022,HEQ,13,2026,0.0,49681.85,0.0,0.0,-49681.85,fmifiit_fmioi,0.0,0.0,0.0,0.0,0,no_ps_link,13
A310721022,HEQ,CDSP,2026,0.0,3064.32,0.0,0.0,-3064.32,fmifiit_fmioi,0.0,0.0,0.0,0.0,0,no_ps_link,CDSP
3210411092,AGI,13,2026,0.0,18724.02,0.0,0.0,-18724.02,fmifiit_fmioi,0.0,0.0,0.0,0.0,0,no_ps_link,13
633CRP6190,IOC,13,2026,0.0,31551.86,0.0,0.0,-31551.86,fmifiit_fmioi,0.0,0.0,0.0,0.0,0,no_ps_link,13
633CRP6190,IOC,10',2026,0.0,1281.95,0.0,0.0,-1281.95,fmifiit_fmioi,0.0,0.0,0.0,0.0,0,no_ps_link,10'
A230542221,YAO,50,2026,1415.19,39478.09,91561.74,0.0,-129624.64,fmifiit_fmioi,0.0,0.0,0.0,0.0,0,no_ps_link,50
125GEF0000,GLO,11,2026,0.0,118072.39,0.0,0.0,-118072.39,fmifiit_fmioi,0.0,0.0,0.0,0.0,1,2,11
125GEF0000,GLO,10',2026,9.71,781.12,0.0,0.0,-771.41,fmifiit_fmioi,0.0,0.0,0.0,0.0,1,2,10'
310REM4070,CCH,REVENUE,2026,136802.0,0.0,0.0,0.0,136802.0,fmifiit_fmioi,118843.93,-136802.0,0.0,255645.93,2,4,REVENUE
821GLO1003,IEP,11,2026,0.0,45955.94,0.0,87.74,-87.74,fmavct_kbfc,253648.68,80292.16,0.0,173356.52,1,2,11
810RAF4000,NAI,20,2026,0.0,662.94,977.34,136306.22,-136306.22,fmavct_kbfc,326354.0,49177.36,21000.0,256176.64,1,2,20
406GLO4006,WHC,TC,2026,0.0,10199.51,0.0,0.0,-10199.51,fmifiit_fmioi,15000.0,10199.51,0.0,4800.49,1,2,10'|11
549AFG1000,KAB,TC,2026,1928.66,83279.54,32402.0,5.72,1922.94,fmavct_kbfc,16321442.71,31660.3,1500.0,16288282.41,42,4,10'|11|13|40|50
810GLO1020,IEP,11,2026,0.0,61127.47,0.0,12798.0,-12798.0,fmavct_kbfc,162470.0,-170338.42,2580.0,330228.42,1,2,11
809GLO1007,MAP,11,2026,0.0,46353.54,0.0,0.0,-46353.54,fmifiit_fmioi,148669.0,30414.33,0.0,118254.67,1,2,11
198LIS4143,WHC,TC,2026,0.0,34312.65,0.0,1801.03,-1801.03,fmavct_kbfc,70000.0,12400.19,0.0,57599.81,1,2,10'|11
A230571031,SSM,20,2026,0.0,30310.04,0.0,0.0,-30310.04,fmifiit_fmioi,0.0,0.0,0.0,0.0,0,no_ps_link,20
A230571031,SSM,10',2026,0.0,303.09,0.0,0.0,-303.09,fmifiit_fmioi,0.0,0.0,0.0,0.0,0,no_ps_link,10'
A230583081,RAM,11,2026,0.0,89910.8,0.0,0.0,-89910.8,fmifiit_fmioi,0.0,0.0,0.0,0.0,0,no_ps_link,11
A230583081,RAM,10',2026,300.0,9276.8,0.0,0.0,-8976.8,fmifiit_fmioi,0.0,0.0,0.0,0.0,0,no_ps_link,10'
2210531013,CHP,11,2026,0.0,7846.98,31579.86,0.0,-39426.84,fmifiit_fmioi,0.0,0.0,0.0,0.0,0,no_ps_link,11
2210531013,CHP,10',2026,0.0,78.5,0.0,0.0,-78.5,fmifiit_fmioi,0.0,0.0,0.0,0.0,0,no_ps_link,10'
3210221032,HYD,11,2026,0.0,3345.63,0.0,0.0,-3345.63,fmifiit_fmioi,0.0,0.0,0.0,0.0,0,no_ps_link,11
3210221032,HYD,10',2026,0.0,228.92,0.0,0.0,-228.92,fmifiit_fmioi,0.0,0.0,0.0,0.0,0,no_ps_link,10'
3210221052,HYD,11,2026,0.0,21402.94,0.0,0.0,-21402.94,fmifiit_fmioi,0.0,0.0,0.0,0.0,0,no_ps_link,11
3210221052,HYD,10',2026,16.78,2741.79,0.0,0.0,-2725.01,fmifiit_fmioi,0.0,0.0,0.0,0.0,0,no_ps_link,10'
634SAI9001,CLD,11,2026,0.0,132496.61,0.0,0.0,-132496.61,fmifiit_fmioi,0.0,0.0,0.0,0.0,0,no_ps_link,11
633CRP3123,HAR,10',2026,0.0,302.42,0.0,0.0,-302.42,fmifiit_fmioi,0.0,0.0,0.0,0.0,0,no_ps_link,10'
633CRP3123,HAR,13,2026,0.0,18456.64,0.0,0.0,-18456.64,fmifiit_fmioi,0.0,0.0,0.0,0.0,0,no_ps_link,13
633CRP7349,RAM,11,2026,0.0,4314.11,0.0,0.0,-4314.11,fmifiit_fmioi,0.0,0.0,0.0,0.0,0,no_ps_link,11
633CRP7113,BRU,11,2026,0.0,37815.0,0.0,0.0,-37815.0,fmifiit_fmioi,0.0,0.0,0.0,0.0,0,no_ps_link,11
633CRP7113,BRU,10',2026,0.0,675.39,0.0,0.0,-675.39,fmifiit_fmioi,0.0,0.0,0.0,0.0,0,no_ps_link,10'
633CRP3290,MTF,11,2026,0.0,31539.5,177626.76,0.0,-209166.26,fmifiit_fmioi,0.0,0.0,0.0,0.0,0,no_ps_link,11
633CRP3290,MTF,10',2026,0.0,282.31,0.0,0.0,-282.31,fmifiit_fmioi,0.0,0.0,0.0,0.0,0,no_ps_link,10'
3210641082,UAI,11,2026,0.0,12924.51,32989.6,0.0,-45914.11,fmifiit_fmioi,0.0,0.0,0.0,0.0,0,no_ps_link,11
633CRP3458,YAO,20,2026,0.0,9180.55,110343.84,0.0,-119524.39,fmifiit_fmioi,0.0,0.0,0.0,0.0,0,no_ps_link,20
A310611031,OPS,13,2026,0.0,7969.12,0.0,0.0,-7969.12,fmifiit_fmioi,0.0,0.0,0.0,0.0,0,no_ps_link,13
A310611031,OPS,BRSTAT,2026,0.0,493.61,0.0,0.0,-493.61,fmifiit_fmioi,0.0,0.0,0.0,0.0,0,no_ps_link,BRSTAT
A310611031,OPS,CDSP,2026,0.0,493.61,0.0,0.0,-493.61,fmifiit_fmioi,0.0,0.0,0.0,0.0,0,no_ps_link,CDSP
A210511011,AGI,50,2026,0.0,2186.4,6631.48,0.0,-8817.88,fmifiit_fmioi,0.0,0.0,0.0,0.0,0,no_ps_link,50
A2102C2062,DAK,13,2026,0.0,2520.37,0.0,0.0,-2520.37,fmifiit_fmioi,0.0,0.0,0.0,0.0,0,no_ps_link,13
3210411051,IRD,20,2026,0.0,2190.58,10844.02,0.0,-13034.6,fmifiit_fmioi,0.0,0.0,0.0,0.0,0,no_ps_link,20
A230542021,ABU,40,2026,0.0,246.44,0.0,0.0,-246.44,fmifiit_fmioi,0.0,0.0,0.0,0.0,0,no_ps_link,40
3210241011,PBS,20,2026,0.0,20000.0,186351.68,0.0,-206351.68,fmifiit_fmioi,0.0,0.0,0.0,0.0,0,no_ps_link,20
A210595061,QUI,BRSTAT,2026,0.0,4106.77,0.0,0.0,-4106.77,fmifiit_fmioi,0.0,0.0,0.0,0.0,0,no_ps_link,BRSTAT
A210595061,QUI,11,2026,0.0,79386.99,0.0,0.0,-79386.99,fmifiit_fmioi,0.0,0.0,0.0,0.0,0,no_ps_link,11
A210595061,QUI,10',2026,0.0,1413.57,0.0,0.0,-1413.57,fmifiit_fmioi,0.0,0.0,0.0,0.0,0,no_ps_link,10'
A210595061,QUI,CDCE,2026,0.0,4106.77,0.0,0.0,-4106.77,fmifiit_fmioi,0.0,0.0,0.0,0.0,0,no_ps_link,CDCE
A230583061,KHA,10',2026,52.24,9352.22,0.0,0.0,-9299.98,fmifiit_fmioi,0.0,0.0,0.0,0.0,0,no_ps_link,10'
633CRP7314,BRV,10',2026,449.54,21285.37,0.0,0.0,-20835.83,fmifiit_fmioi,0.0,0.0,0.0,0.0,0,no_ps_link,10'
3210152141,BRV,10',2026,25.02,3256.05,0.0,0.0,-3231.03,fmifiit_fmioi,0.0,0.0,0.0,0.0,0,no_ps_link,10'
3210544012,BEJ,10',2026,0.0,189.43,0.0,0.0,-189.43,fmifiit_fmioi,0.0,0.0,0.0,0.0,0,no_ps_link,10'
3210544012,BEJ,13,2026,0.0,20583.26,0.0,0.0,-20583.26,fmifiit_fmioi,0.0,0.0,0.0,0.0,0,no_ps_link,13
A210534052,BEJ,10',2026,0.0,250.36,0.0,0.0,-250.36,fmifiit_fmioi,0.0,0.0,0.0,0.0,0,no_ps_link,10'
A210534052,BEJ,13,2026,0.0,25037.92,0.0,0.0,-25037.92,fmifiit_fmioi,0.0,0.0,0.0,0.0,0,no_ps_link,13
3210521022,UCH,10',2026,0.0,178.05,0.0,0.0,-178.05,fmifiit_fmioi,0.0,0.0,0.0,0.0,0,no_ps_link,10'
3210521022,UCH,13,2026,0.0,16541.63,0.0,0.0,-16541.63,fmifiit_fmioi,0.0,0.0,0.0,0.0,0,no_ps_link,13
633CRP2403,ACR,10',2026,0.0,68.41,0.0,0.0,-68.41,fmifiit_fmioi,0.0,0.0,0.0,0.0,0,no_ps_link,10'
633CRP2403,ACR,13,2026,0.0,6841.45,0.0,0.0,-6841.45,fmifiit_fmioi,0.0,0.0,0.0,0.0,0,no_ps_link,13
633CRP7303,ACR,10',2026,0.0,1563.23,0.0,0.0,-1563.23,fmifiit_fmioi,0.0,0.0,0.0,0.0,0,no_ps_link,10'
201MAG1004,NAI,TC,2026,1325.28,9814.78,7012.84,7140.03,-5814.75,fmavct_kbfc,1306074.75,133726.36,0.0,1172348.39,24,2,10'|13|20|40
633TFC7330,JAK,50,2026,89.48,259.39,0.0,0.0,-169.91,fmifiit_fmioi,0.0,0.0,0.0,0.0,0,no_ps_link,50
537RAS5001,BGK,10',2026,542.79,67.85,0.0,109798.36,-109255.57,fmavct_kbfc,551559.0,2323994.17,0.0,-1772435.17,1,1,10'
537RAS5001,BGK,13,2026,0.0,6784.85,0.0,53837.27,-53837.27,fmavct_kbfc,551559.0,2323994.17,0.0,-1772435.17,1,1,13
3230835042,BGK,13,2026,0.0,7128.62,0.0,0.0,-7128.62,fmifiit_fmioi,0.0,0.0,0.0,0.0,0,no_ps_link,13
570RLA2001,EES,13,2026,0.0,4378.25,0.0,2303.51,-2303.51,fmavct_kbfc,11460664.48,1341798.03,30302.0,10088564.45,36,2,13
534SUD4000,KHA,10',2026,0.0,19677.53,0.0,27269.89,-27269.89,fmavct_kbfc,1045472.65,24545471.9,0.0,-23499999.25,26,1,10'
534SUD4000,KHA,13,2026,0.0,13525.14,0.0,608880.23,-608880.23,fmavct_kbfc,1045472.65,24545471.9,0.0,-23499999.25,26,1,13
570VIE1001,HAN,TC,2026,4165.97,17213.25,12759.85,785.7,3380.27,fmavct_kbfc,542102.0,219938.27,0.0,322163.73,10,4,10'|11|13|40
570VIE4004,HAN,TC,2026,419.39,19702.1,51874.11,15.75,403.64,fmavct_kbfc,334000.0,3270.34,0.0,330729.66,11,4,10'|13|20
3210634091,HAV,10',2026,0.0,391.4,0.0,0.0,-391.4,fmifiit_fmioi,0.0,0.0,0.0,0.0,0,no_ps_link,10'
3210634091,HAV,13,2026,0.0,808.92,0.0,0.0,-808.92,fmifiit_fmioi,0.0,0.0,0.0,0.0,0,no_ps_link,13
633CRP7322,HAN,13,2026,0.0,4415.6,0.0,0.0,-4415.6,fmifiit_fmioi,0.0,0.0,0.0,0.0,0,no_ps_link,13
633CRP2153,TEH,10',2026,0.0,26.45,0.0,0.0,-26.45,fmifiit_fmioi,0.0,0.0,0.0,0.0,0,no_ps_link,10'
633CRP2153,TEH,13,2026,0.0,2651.55,0.0,0.0,-2651.55,fmifiit_fmioi,0.0,0.0,0.0,0.0,0,no_ps_link,13
633CRP2153,TEH,50,2026,0.0,50.43,0.0,0.0,-50.43,fmifiit_fmioi,0.0,0.0,0.0,0.0,0,no_ps_link,50
633CRP1132,KAB,13,2026,0.0,27158.3,0.0,0.0,-27158.3,fmifiit_fmioi,0.0,0.0,0.0,0.0,0,no_ps_link,13
3210652121,DAK,10',2026,5.35,236.91,0.0,0.0,-231.56,fmifiit_fmioi,0.0,0.0,0.0,0.0,0,no_ps_link,10'
3210652121,DAK,13,2026,0.0,5487.37,0.0,0.0,-5487.37,fmifiit_fmioi,0.0,0.0,0.0,0.0,0,no_ps_link,13
A230151011,PAX,10',2026,0.0,212.01,0.0,0.0,-212.01,fmifiit_fmioi,0.0,0.0,0.0,0.0,0,no_ps_link,10'
3210216011,VNI,20,2026,0.0,5717.41,172364.62,0.0,-178082.03,fmifiit_fmioi,0.0,0.0,0.0,0.0,0,no_ps_link,20
3210216031,VNI,20,2026,0.0,1204.82,28081.38,0.0,-29286.2,fmifiit_fmioi,0.0,0.0,0.0,0.0,0,no_ps_link,20
3210256011,VNI,20,2026,0.0,547.65,50762.8,0.0,-51310.45,fmifiit_fmioi,0.0,0.0,0.0,0.0,0,no_ps_link,20
3210216021,VNI,20,2026,0.0,1396.49,32392.98,0.0,-33789.47,fmifiit_fmioi,0.0,0.0,0.0,0.0,0,no_ps_link,20
412INT0001,AFR,20,2026,0.0,11201.57,46794.29,185316.45,-185316.45,fmavct_kbfc,1134123.5,1013581.51,0.0,120541.99,8,2,20
3210621131,FEJ,10',2026,0.56,0.56,0.0,0.0,0.0,fmifiit_fmioi,0.0,0.0,0.0,0.0,0,no_ps_link,10'
3210621131,FEJ,13,2026,55.53,55.53,0.0,0.0,0.0,fmifiit_fmioi,0.0,0.0,0.0,0.0,0,no_ps_link,13
680BSP3103,BSP,11,2026,0.0,33000.0,196000.0,0.0,-229000.0,fmifiit_fmioi,0.0,0.0,0.0,0.0,0,no_ps_link,11
680BSP3102,BSP,11,2026,0.0,6000.0,24000.0,0.0,-30000.0,fmifiit_fmioi,0.0,0.0,0.0,0.0,0,no_ps_link,11
570PAL1000,RAM,REVENUE,2026,2607132.0,0.0,0.0,0.0,2607132.0,fmifiit_fmioi,3129717.95,-801456.85,70000.0,3861174.8,25,4,REVENUE
3210141022,YLS,20,2026,0.0,7340.0,32180.68,0.0,-39520.68,fmifiit_fmioi,0.0,0.0,0.0,0.0,0,no_ps_link,20
570RLA2001,EES,30,2026,4070.04,928.0,64064.66,12891.52,-8821.48,fmavct_kbfc,11460664.48,1341798.03,30302.0,10088564.45,36,2,30
412INT0001,AFR,50,2026,0.0,1073.34,2894.08,114346.7,-114346.7,fmavct_kbfc,1134123.5,1013581.51,0.0,120541.99,8,2,50
534SUD4000,KHA,11,2026,9847.56,37254.67,127547.3,27279.01,-17431.45,fmavct_kbfc,1045472.65,24545471.9,0.0,-23499999.25,26,1,11
406IRQ4001,BAG,TC,2026,0.0,32.27,0.0,557678.3,-557678.3,fmavct_kbfc,93457.94,27141218.13,11650.0,-27059410.19,1,1,10'
633CRP7320,DOH,13,2026,0.0,1966.5,0.0,0.0,-1966.5,fmifiit_fmioi,0.0,0.0,0.0,0.0,0,no_ps_link,13
257GLO1048,HAE,40,2026,0.0,4439.93,12397.42,0.0,-16837.35,fmifiit_fmioi,7904018.7,23170559.66,13300.0,-15279840.96,13,1,40
257GLO1048,HAE,50,2026,37.3,133.51,7490.68,44140.19,-44102.89,fmavct_kbfc,7904018.7,23170559.66,13300.0,-15279840.96,13,1,50
3210561011,EVA,20,2026,0.0,2902.52,17688.94,0.0,-20591.46,fmifiit_fmioi,0.0,0.0,0.0,0.0,0,no_ps_link,20
633CRP1106,API,20,2026,0.0,51842.61,200960.52,0.0,-252803.13,fmifiit_fmioi,0.0,0.0,0.0,0.0,0,no_ps_link,20
A230574081,JAK,50,2026,0.0,28.93,123.93,0.0,-152.86,fmifiit_fmioi,0.0,0.0,0.0,0.0,0,no_ps_link,50
A230543021,BAG,40,2026,0.0,55738.12,110926.64,0.0,-166664.76,fmifiit_fmioi,0.0,0.0,0.0,0.0,0,no_ps_link,40
637FOR7332,KAB,50,2026,0.0,5079.98,206354.1,0.0,-211434.08,fmifiit_fmioi,0.0,0.0,0.0,0.0,0,no_ps_link,50
A230544101,KAB,20,2026,0.0,11970.0,61746.97,0.0,-73716.97,fmifiit_fmioi,0.0,0.0,0.0,0.0,0,no_ps_link,20
680BSP3302,BSP,13,2026,0.0,4217.42,0.0,0.0,-4217.42,fmifiit_fmioi,0.0,0.0,0.0,0.0,0,no_ps_link,13
199IAS4143,LHE,TC,2026,0.0,40882.23,271798.99,44986.97,-44986.97,fmavct_kbfc,1509731.48,23694.0,0.0,1486037.48,16,2,11|20|30|40|50
3210561142,WHC,11,2026,0.0,7760.0,198163.76,0.0,-205923.76,fmifiit_fmioi,0.0,0.0,0.0,0.0,0,no_ps_link,11
546GLO2009,SCI,11,2026,0.0,14053.15,489816.76,0.71,-0.71,fmavct_kbfc,1181331.72,412715.67,344.67,768271.38,6,2,11
680ADM3001,ADM,11,2026,0.0,212278.21,0.0,0.0,-212278.21,fmifiit_fmioi,0.0,0.0,0.0,0.0,0,no_ps_link,11
633CRP3590,BIO,10',2026,16.36,985.87,0.0,0.0,-969.51,fmifiit_fmioi,0.0,0.0,0.0,0.0,0,no_ps_link,10'
2210521022,MHM,11,2026,0.0,21069.91,27840.0,0.0,-48909.91,fmifiit_fmioi,0.0,0.0,0.0,0.0,0,no_ps_link,11
201CMR1004,YAO,30,2026,0.0,2046.99,0.0,2912830.99,-2912830.99,fmavct_kbfc,7262552.39,-304261.9,0.0,7566814.29,23,2,30
680OPS4101,OPS,50,2026,0.0,3500.0,0.0,0.0,-3500.0,fmifiit_fmioi,0.0,0.0,0.0,0.0,0,no_ps_link,50
529AUL1000,GCP,TC,2026,1363.23,61583.86,131500.0,961095.03,-959731.8,fmavct_kbfc,275229.36,-133985.65,9000.0,400215.01,5,2,20|30|50
A210441032,AGI,11,2026,0.0,76976.06,91616.74,0.0,-168592.8,fmifiit_fmioi,0.0,0.0,0.0,0.0,0,no_ps_link,11
216ARG1001,MTD,TC,2026,0.0,56071.5,235000.0,22503.74,-22503.74,fmavct_kbfc,896610.27,158798.0,0.0,737812.27,10,2,11|20|50
3210534061,SUV,20,2026,0.0,41346.0,110256.0,0.0,-151602.0,fmifiit_fmioi,0.0,0.0,0.0,0.0,0,no_ps_link,20
633CRP7350,SJO,11,2026,0.0,2348.14,8796.28,0.0,-11144.42,fmifiit_fmioi,0.0,0.0,0.0,0.0,0,no_ps_link,11
570RAS4007,BGK,TC,2026,10244.52,13180.0,196953.72,39279.49,-29034.97,fmavct_kbfc,287419.02,2935.42,0.0,284483.6,7,2,11|20
503AFG1003,KAB,10',2026,0.0,1325.5,0.0,0.0,-1325.5,fmifiit_fmioi,24010732.25,1385666.06,0.0,22625066.19,126,2,10'
A230574131,BGK,40,2026,0.0,740.67,1439.82,0.0,-2180.49,fmifiit_fmioi,0.0,0.0,0.0,0.0,0,no_ps_link,40
637FOR7331,JUB,40,2026,0.0,6.16,56500.0,0.0,-56506.16,fmifiit_fmioi,0.0,0.0,0.0,0.0,0,no_ps_link,40
633CRP1323,HAR,11,2026,0.0,20000.0,40000.0,0.0,-60000.0,fmifiit_fmioi,0.0,0.0,0.0,0.0,0,no_ps_link,11
503AFG1003,KAB,20,2026,0.0,259725.46,12059811.88,0.0,-12319537.34,fmifiit_fmioi,24010732.25,1385666.06,0.0,22625066.19,126,2,20
3210344011,BGK,11,2026,0.0,2280.0,18720.0,0.0,-21000.0,fmifiit_fmioi,0.0,0.0,0.0,0.0,0,no_ps_link,11
514RLA2008,HYD,TC,2026,644.32,54011.55,81096.82,773.08,-128.76,fmavct_kbfc,403978.5,13132.51,0.0,390845.99,7,2,10'|11|13|30
A2102B1012,SEO,11,2026,0.0,24104.83,61533.43,0.0,-85638.26,fmifiit_fmioi,0.0,0.0,0.0,0.0,0,no_ps_link,11
3230711052,CPE,11,2026,0.0,7966.71,112880.3,0.0,-120847.01,fmifiit_fmioi,0.0,0.0,0.0,0.0,0,no_ps_link,11
633CRP7358,YAO,50,2026,0.0,120.1,34118.36,0.0,-34238.46,fmifiit_fmioi,0.0,0.0,0.0,0.0,0,no_ps_link,50
218TUN1000,RAB,PC,2026,24.4,10124.7,228941.08,3213.0,-3188.6,fmavct_kbfc,3057720.83,4235933.15,0.0,-1178212.32,59,1,10'|11
218TUN1000,RAB,20,2026,0.0,35430.75,1472969.84,2564.34,-2564.34,fmavct_kbfc,3057720.83,4235933.15,0.0,-1178212.32,59,1,20
3210141051,HED,10',2026,0.0,2048.11,0.0,0.0,-2048.11,fmifiit_fmioi,0.0,0.0,0.0,0.0,0,no_ps_link,10'
A2106A1042,UAI,20,2026,33498.27,15196.2,99902.88,0.0,-81600.81,fmifiit_fmioi,0.0,0.0,0.0,0.0,0,no_ps_link,20
3210461022,ATD,11,2026,0.0,11710.96,39526.78,0.0,-51237.74,fmifiit_fmioi,0.0,0.0,0.0,0.0,0,no_ps_link,11
3210185032,MTD,30,2026,0.0,3384.44,0.0,0.0,-3384.44,fmifiit_fmioi,0.0,0.0,0.0,0.0,0,no_ps_link,30
3210621061,FEJ,20,2026,0.0,13954.0,131461.56,0.0,-145415.56,fmifiit_fmioi,0.0,0.0,0.0,0.0,0,no_ps_link,20
A230131011,PAX,10',2026,32.76,4626.18,0.0,0.0,-4593.42,fmifiit_fmioi,0.0,0.0,0.0,0.0,0,no_ps_link,10'
633CRP7351,STG,20,2026,0.0,1533.86,7930.9,0.0,-9464.76,fmifiit_fmioi,0.0,0.0,0.0,0.0,0,no_ps_link,20
A240118011,PPP,11,2026,0.0,20153.36,57940.89,0.0,-78094.25,fmifiit_fmioi,0.0,0.0,0.0,0.0,0,no_ps_link,11
549RER4008,VNI,REVENUE,2026,0.0,211027.38,0.0,0.0,-211027.38,fmifiit_fmioi,6837259.5,532129.4,0.0,6305130.1,42,2,REVENUE
A210171011,AGI,30,2026,0.0,4417.82,0.0,0.0,-4417.82,fmifiit_fmioi,0.0,0.0,0.0,0.0,0,no_ps_link,30
507ECU1000,STG,PC,2026,0.0,4400.0,14800.0,0.0,-19200.0,fmifiit_fmioi,95314.65,149919.31,0.0,-54604.66,1,1,11
A210121011,AGI,10',2026,573.38,3894.91,0.0,0.0,-3321.53,fmifiit_fmioi,0.0,0.0,0.0,0.0,0,no_ps_link,10'
3210551022,DCE,11,2026,0.0,27691.56,121881.18,0.0,-149572.74,fmifiit_fmioi,0.0,0.0,0.0,0.0,0,no_ps_link,11
A210641011,FEJ,10',2026,0.0,3453.36,0.0,0.0,-3453.36,fmifiit_fmioi,0.0,0.0,0.0,0.0,0,no_ps_link,10'
505INT0001,RMS,TC,2026,0.0,20319.09,99673.38,0.0,-119992.47,fmifiit_fmioi,1865292.0,8690.4,8594.0,1848007.6,14,2,11
3210665021,KNG,10',2026,0.0,227.5,0.0,0.0,-227.5,fmifiit_fmioi,0.0,0.0,0.0,0.0,0,no_ps_link,10'
633CRP7306,API,50,2026,0.0,6791.16,6425.69,0.0,-13216.85,fmifiit_fmioi,0.0,0.0,0.0,0.0,0,no_ps_link,50
633CRP1145,PNP,11,2026,0.0,9340.0,37360.0,0.0,-46700.0,fmifiit_fmioi,0.0,0.0,0.0,0.0,0,no_ps_link,11
513RAF2046,JAK,TC,2026,216.48,3426.79,16200.03,0.0,-19410.34,fmifiit_fmioi,91600.0,249401.14,301124.85,-458925.99,3,1,20|30
3210211052,EES,20,2026,2067.97,7780.0,156756.28,0.0,-162468.31,fmifiit_fmioi,0.0,0.0,0.0,0.0,0,no_ps_link,20
A230544061,DIL,20,2026,0.0,1719.54,4439.1,0.0,-6158.64,fmifiit_fmioi,0.0,0.0,0.0,0.0,0,no_ps_link,20
OPF,CLD,40,2026,368345.12,129698.98,0.0,0.0,238646.14,fmifiit_fmioi,0.0,0.0,0.0,0.0,0,no_ps_link,40
271AFG1002,KAB,PC,2026,0.0,744.0,0.0,0.0,-744.0,fmifiit_fmioi,830669.32,70412.07,14000.0,746257.25,15,2,10'
3210243031,DOH,10',2026,0.0,1354.34,0.0,0.0,-1354.34,fmifiit_fmioi,0.0,0.0,0.0,0.0,0,no_ps_link,10'
526IRA1000,TEH,30,2026,0.0,71.33,0.0,293738.42,-293738.42,fmavct_kbfc,8647120.66,211962402.62,43800.0,-203359081.96,99,1,30
570GLO1032,FLI,50,2026,0.0,46.96,280.0,2860.0,-2860.0,fmavct_kbfc,3353626.27,1470221.91,2500000.0,-616595.64,18,1,50
3210583041,DOH,10',2026,18.34,1879.5,0.0,0.0,-1861.16,fmifiit_fmioi,0.0,0.0,0.0,0.0,0,no_ps_link,10'
538MFT9005,CII,REVENUE,2026,1605000.0,0.0,0.0,0.0,1605000.0,fmifiit_fmioi,0.0,5000.0,0.0,-5000.0,1,3,REVENUE
538GLO5002,UAI,REVENUE,2026,1205000.0,0.0,0.0,0.0,1205000.0,fmifiit_fmioi,2482078.38,-277569.75,42325.74,2717322.39,7,4,REVENUE
650RER0001,VNI,REVENUE,2026,100117.36,0.0,0.0,0.0,100117.36,fmifiit_fmioi,161261.61,-77328.57,0.0,238590.18,1,4,REVENUE
3210312041,BGK,20,2026,0.0,8021.51,117406.8,0.0,-125428.31,fmifiit_fmioi,0.0,0.0,0.0,0.0,0,no_ps_link,20
3210312011,IOC,20,2026,0.0,20625.32,738562.28,0.0,-759187.6,fmifiit_fmioi,0.0,0.0,0.0,0.0,0,no_ps_link,20
570MLI4001,BAM,50,2026,0.0,205.66,4445.68,202993.03,-202993.03,fmavct_kbfc,1588094.7,869398.6,0.0,718696.1,39,2,50
505RAB5000,DHE,20,2026,0.0,19503.8,332653.77,0.0,-352157.57,fmifiit_fmioi,7780445.33,303819.31,855.29,7475770.73,26,2,20
354GLO5011,IPD,TC,2026,0.0,2000.0,1835786.92,36450.62,-36450.62,fmavct_kbfc,3548462.25,2567906.12,1000.0,979556.13,54,2,20
549BEL3000,BIO,20,2026,0.0,45293.56,623519.03,30079.01,-30079.01,fmavct_kbfc,826612.32,181633.95,631.0,644347.37,1,2,20
473SUD5000,KHA,REVENUE,2026,94405.0,0.0,0.0,0.0,94405.0,fmifiit_fmioi,115239.93,-94405.0,0.0,209644.93,1,4,REVENUE
261ZIM3001,HAR,PC,2026,0.0,439.08,35092.0,416.86,-416.86,fmavct_kbfc,678700.14,69367.69,0.0,609332.45,8,2,11|13
3230841611,HAR,11,2026,0.0,19800.0,157400.0,0.0,-177200.0,fmifiit_fmioi,0.0,0.0,0.0,0.0,0,no_ps_link,11
3210151042,TED,10',2026,137.1,5755.54,0.0,0.0,-5618.44,fmifiit_fmioi,0.0,0.0,0.0,0.0,0,no_ps_link,10'
309INT1010,PEQ,50,2026,4893.52,0.0,0.0,0.0,4893.52,fmifiit_fmioi,821439.23,68310.67,6.0,753122.56,2,4,50
A230542181,MAP,20,2026,0.0,4979.83,7947.23,0.0,-12927.06,fmifiit_fmioi,0.0,0.0,0.0,0.0,0,no_ps_link,20
3210221052,HYD,13,2026,2302.02,5313.97,0.0,0.0,-3011.95,fmifiit_fmioi,0.0,0.0,0.0,0.0,0,no_ps_link,13
32106B2011,ABU,10',2026,0.0,20.19,0.0,0.0,-20.19,fmifiit_fmioi,0.0,0.0,0.0,0.0,0,no_ps_link,10'
570GLO2029,EES,50,2026,0.0,217.74,6383.16,43099.45,-43099.45,fmavct_kbfc,3549322.27,1940768.66,90619.67,1517933.94,19,2,50
A210221091,EES,20,2026,0.0,10930.0,21860.0,0.0,-32790.0,fmifiit_fmioi,0.0,0.0,0.0,0.0,0,no_ps_link,20
2210543044,DOH,10',2026,7.04,2823.42,0.0,0.0,-2816.38,fmifiit_fmioi,0.0,0.0,0.0,0.0,0,no_ps_link,10'
633CRP1651,STG,11,2026,3.98,38253.07,137391.02,0.0,-175640.11,fmifiit_fmioi,0.0,0.0,0.0,0.0,0,no_ps_link,11
3210244092,TEH,40,2026,0.0,48.6,0.0,0.0,-48.6,fmifiit_fmioi,0.0,0.0,0.0,0.0,0,no_ps_link,40
633CRP1453,TEH,40,2026,0.0,78.88,0.0,0.0,-78.88,fmifiit_fmioi,0.0,0.0,0.0,0.0,0,no_ps_link,40
A230542681,ABJ,40,2026,0.0,4818.73,9637.46,0.0,-14456.19,fmifiit_fmioi,0.0,0.0,0.0,0.0,0,no_ps_link,40
A210531011,DCE,11,2026,0.0,15399.47,40398.94,0.0,-55798.41,fmifiit_fmioi,0.0,0.0,0.0,0.0,0,no_ps_link,11
3210251022,PBS,50,2026,1063.47,544.27,2800.14,0.0,-2280.94,fmifiit_fmioi,0.0,0.0,0.0,0.0,0,no_ps_link,50
938MOR4004,RAB,40,2026,1116.17,0.0,4309.92,3309.94,-2193.77,fmavct_kbfc,1928331.7,2790175.5,250290.62,-1112134.42,1,1,40
3210221052,HYD,50,2026,513.77,1550.06,15497.64,0.0,-16533.93,fmifiit_fmioi,0.0,0.0,0.0,0.0,0,no_ps_link,50
534GLO5000,FEJ,20,2026,0.0,5274.0,306796.0,66411.89,-66411.89,fmavct_kbfc,198113.1,29094.57,0.0,169018.53,6,2,20
917URU1001,IES,20,2026,10814.84,13713.52,40524.88,168706.65,-157891.81,fmavct_kbfc,1280064.61,266164.26,0.02,1013900.33,1,2,20
413GLO9000,BFM,REVENUE,2026,0.0,992.6,0.0,0.0,-992.6,fmifiit_fmioi,0.0,-545.48,0.0,545.48,1,2,REVENUE
917URU1001,IES,40,2026,2453.1,2483.48,43191.77,44646.38,-42193.28,fmavct_kbfc,1280064.61,266164.26,0.02,1013900.33,1,2,40
3210511061,EVA,40,2026,0.0,1241.74,4966.96,0.0,-6208.7,fmifiit_fmioi,0.0,0.0,0.0,0.0,0,no_ps_link,40
3210511061,EVA,20,2026,0.0,83.0,39786.88,0.0,-39869.88,fmifiit_fmioi,0.0,0.0,0.0,0.0,0,no_ps_link,20
537JPN9000,BFM,REVENUE,2026,1905964.0,0.0,0.0,0.0,1905964.0,fmifiit_fmioi,0.0,2771183.48,0.0,-2771183.48,1,3,REVENUE
537GLO0002,FEL,REVENUE,2026,119606.0,0.0,0.0,0.0,119606.0,fmifiit_fmioi,109730.28,-119606.0,0.0,229336.28,1,4,REVENUE
633CRP4135,KNG,20,2026,0.0,560.17,0.0,0.0,-560.17,fmifiit_fmioi,0.0,0.0,0.0,0.0,0,no_ps_link,20
637FOR7347,QUI,REVENUE,2026,0.0,154850.0,0.0,0.0,-154850.0,fmifiit_fmioi,0.0,0.0,0.0,0.0,0,no_ps_link,REVENUE
A230545091,QUI,20,2026,0.0,660.87,1636.74,0.0,-2297.61,fmifiit_fmioi,0.0,0.0,0.0,0.0,0,no_ps_link,20
A230574051,NDL,50,2026,0.0,567.85,1306.0,0.0,-1873.85,fmifiit_fmioi,0.0,0.0,0.0,0.0,0,no_ps_link,50
A230572161,JUB,50,2026,0.0,288.0,52574.76,0.0,-52862.76,fmifiit_fmioi,0.0,0.0,0.0,0.0,0,no_ps_link,50
636TPF9000,UNESCO,20,2026,0.0,9780.0,65823.24,0.0,-75603.24,fmifiit_fmioi,0.0,0.0,0.0,0.0,0,no_ps_link,20
560IRQ4000,BAG,20,2026,0.0,900.0,57525632.12,279754.92,-279754.92,fmavct_kbfc,56701869.09,2042881901.8,0.0,-1986180032.71,19,1,20
3230835061,DHA,20,2026,0.0,73.74,59258.61,0.0,-59332.35,fmifiit_fmioi,0.0,0.0,0.0,0.0,0,no_ps_link,20
A230544061,DIL,50,2026,0.0,72.0,10.0,0.0,-82.0,fmifiit_fmioi,0.0,0.0,0.0,0.0,0,no_ps_link,50
633CRP1442,ATA,10',2026,26.24,0.0,0.0,0.0,26.24,fmifiit_fmioi,0.0,0.0,0.0,0.0,0,no_ps_link,10'
633CRP1442,ATA,13,2026,2624.32,0.0,0.0,0.0,2624.32,fmifiit_fmioi,0.0,0.0,0.0,0.0,0,no_ps_link,13
495GLO1061,GCP,TC,2026,25665.59,112952.95,216954.55,0.0,-304241.91,fmifiit_fmioi,3597742.06,-2083295.04,0.0,5681037.1,5,2,10'|11|13|20|30|40|50
A230411071,CPE,50,2026,3451.26,1515.26,693.96,0.0,1242.04,fmifiit_fmioi,0.0,0.0,0.0,0.0,0,no_ps_link,50
680DIG4101,CAB,11,2026,0.0,9943.0,19886.0,0.0,-29829.0,fmifiit_fmioi,0.0,0.0,0.0,0.0,0,no_ps_link,11
680IOS4103,INV,20,2026,0.0,14657.49,38805.94,0.0,-53463.43,fmifiit_fmioi,0.0,0.0,0.0,0.0,0,no_ps_link,20
501RSS4001,JUB,20,2026,0.0,11550.0,85550.0,0.0,-97100.0,fmifiit_fmioi,66944.95,11705.4,5940.0,49299.55,1,2,20
A210272022,KNS,50,2026,0.0,213.0,270.0,0.0,-483.0,fmifiit_fmioi,0.0,0.0,0.0,0.0,0,no_ps_link,50
3230531011,HEQ,10',2026,0.0,320.74,0.0,0.0,-320.74,fmifiit_fmioi,0.0,0.0,0.0,0.0,0,no_ps_link,10'
2210143071,RAB,20,2026,0.0,33.49,5504.02,0.0,-5537.51,fmifiit_fmioi,0.0,0.0,0.0,0.0,0,no_ps_link,20
199IAS4140,ITH,TC,2026,0.0,23595.0,264995.0,16078.44,-16078.44,fmavct_kbfc,44719.06,-23595.0,37379.0,30935.06,12,2,20
271AFG1003,KAB,20,2026,0.0,307568.94,2265268.75,0.0,-2572837.69,fmifiit_fmioi,2660203.0,355589.12,121511.95,2183101.93,17,2,20
633CRP5217,DAK,30,2026,85.99,2808.61,0.0,0.0,-2722.62,fmifiit_fmioi,0.0,0.0,0.0,0.0,0,no_ps_link,30
A2305B2121,HAR,50,2026,0.0,170.9,0.0,0.0,-170.9,fmifiit_fmioi,0.0,0.0,0.0,0.0,0,no_ps_link,50
680DBS3208,DBS,40,2026,0.0,648.06,3537.4,0.0,-4185.46,fmifiit_fmioi,0.0,0.0,0.0,0.0,0,no_ps_link,40
221KEN2000,NAI,20,2026,25542.82,18011.01,1764346.51,6370.09,19172.73,fmavct_kbfc,9217393.92,12827091.52,221836.74,-3831534.34,27,3,20
221KEN2000,NAI,30,2026,2016.56,19595.68,0.0,32770.43,-30753.87,fmavct_kbfc,9217393.92,12827091.52,221836.74,-3831534.34,27,1,30
570GLO3024,MTF,REVENUE,2026,250000.0,0.0,0.0,0.0,250000.0,fmifiit_fmioi,917431.2,-419660.58,0.0,1337091.78,6,4,REVENUE
570RAS4007,BGK,REVENUE,2026,88470.25,0.0,0.0,0.0,88470.25,fmifiit_fmioi,287419.02,2935.42,0.0,284483.6,7,4,REVENUE
408MAS5043,MDE,TC,2026,14402.73,112564.55,406000.37,14960.0,-557.27,fmavct_kbfc,1291728.04,-431500.35,0.0,1723228.39,43,2,10'|11|13|20|30|40|50
A110112041,SCX,40,2026,0.0,40000.0,80000.0,0.0,-120000.0,fmifiit_fmioi,0.0,0.0,0.0,0.0,0,no_ps_link,40
680BFM3102,BFM,20,2026,0.0,28996.02,905009.12,0.0,-934005.14,fmifiit_fmioi,0.0,0.0,0.0,0.0,0,no_ps_link,20
645ASH9000,BFM,20,2026,0.0,11340.94,63250.02,0.0,-74590.96,fmifiit_fmioi,0.0,0.0,0.0,0.0,0,no_ps_link,20
633CRP7314,BRV,40,2026,0.0,39979.34,91831.99,0.0,-131811.33,fmifiit_fmioi,0.0,0.0,0.0,0.0,0,no_ps_link,40
507IVC1002,ABJ,PC,2026,0.0,4292.38,26320.48,0.0,-30612.86,fmifiit_fmioi,99983.92,375299.0,10582.75,-285897.83,1,1,11
680BSP4202,BSP,10',2026,0.0,1826.65,0.0,0.0,-1826.65,fmifiit_fmioi,0.0,0.0,0.0,0.0,0,no_ps_link,10'
507ECU1000,STG,50,2026,744.17,6603.12,13584.98,0.0,-19443.93,fmifiit_fmioi,95314.65,149919.31,0.0,-54604.66,1,1,50
3210111272,IGE,40,2026,8975.03,0.0,0.0,0.0,8975.03,fmifiit_fmioi,0.0,0.0,0.0,0.0,0,no_ps_link,40
3210421041,MTF,40,2026,550.0,0.0,0.0,0.0,550.0,fmifiit_fmioi,0.0,0.0,0.0,0.0,0,no_ps_link,40
A210511021,OPC,50,2026,7099.84,0.0,0.0,0.0,7099.84,fmifiit_fmioi,0.0,0.0,0.0,0.0,0,no_ps_link,50
3210641072,UAI,40,2026,1891.92,0.0,0.0,0.0,1891.92,fmifiit_fmioi,0.0,0.0,0.0,0.0,0,no_ps_link,40
3210651091,MIL,40,2026,6800.0,0.0,4358.96,0.0,2441.04,fmifiit_fmioi,0.0,0.0,0.0,0.0,0,no_ps_link,40
A110111041,GBS,40,2026,1430.56,0.0,0.0,0.0,1430.56,fmifiit_fmioi,0.0,0.0,0.0,0.0,0,no_ps_link,40
A310511011,CLD,40,2026,2105.07,136644.91,273289.82,0.0,-407829.66,fmifiit_fmioi,0.0,0.0,0.0,0.0,0,no_ps_link,40
680ADM4102,ADM,40,2026,1028.2,0.0,2466.01,0.0,-1437.81,fmifiit_fmioi,0.0,0.0,0.0,0.0,0,no_ps_link,40
3210312111,NAI,40,2026,547.65,0.0,36851.96,0.0,-36304.31,fmifiit_fmioi,0.0,0.0,0.0,0.0,0,no_ps_link,40
3210212171,NAI,40,2026,547.65,0.0,7868.32,0.0,-7320.67,fmifiit_fmioi,0.0,0.0,0.0,0.0,0,no_ps_link,40
3230511071,NAI,40,2026,547.65,0.0,0.0,0.0,547.65,fmifiit_fmioi,0.0,0.0,0.0,0.0,0,no_ps_link,40
3210192031,NAI,40,2026,547.65,0.0,0.0,0.0,547.65,fmifiit_fmioi,0.0,0.0,0.0,0.0,0,no_ps_link,40
3210542061,NAI,40,2026,547.65,0.0,0.0,0.0,547.65,fmifiit_fmioi,0.0,0.0,0.0,0.0,0,no_ps_link,40
3230833161,NAI,40,2026,547.65,0.0,352060.54,0.0,-351512.89,fmifiit_fmioi,0.0,0.0,0.0,0.0,0,no_ps_link,40
A2101H4041,BEJ,50,2026,33.95,70.76,0.0,0.0,-36.81,fmifiit_fmioi,0.0,0.0,0.0,0.0,0,no_ps_link,50
A210316011,IOC,50,2026,1948.55,0.0,0.0,0.0,1948.55,fmifiit_fmioi,0.0,0.0,0.0,0.0,0,no_ps_link,50
3230321041,AFR,40,2026,1350.0,0.0,0.0,0.0,1350.0,fmifiit_fmioi,0.0,0.0,0.0,0.0,0,no_ps_link,40
3210611041,UAI,40,2026,2485.25,0.0,0.0,0.0,2485.25,fmifiit_fmioi,0.0,0.0,0.0,0.0,0,no_ps_link,40
310GLO4000,MCO,30,2026,0.0,1040.43,0.0,2545.12,-2545.12,fmavct_kbfc,1619867.01,-59297.97,0.0,1679164.98,25,2,30
261CPR5001,BEJ,PC,2026,1040.5,2189.67,10614.0,350.15,690.35,fmavct_kbfc,231775.72,37834.56,18000.0,175941.16,8,4,10'|11
3210541061,MON,10',2026,22.45,964.62,0.0,0.0,-942.17,fmifiit_fmioi,0.0,0.0,0.0,0.0,0,no_ps_link,10'
637FOR7358,YAO,REVENUE,2026,0.0,111381.91,0.0,0.0,-111381.91,fmifiit_fmioi,0.0,0.0,0.0,0.0,0,no_ps_link,REVENUE
3230876021,BRU,10',2026,32.56,871.91,0.0,0.0,-839.35,fmifiit_fmioi,0.0,0.0,0.0,0.0,0,no_ps_link,10'
213INT2004,HYD,40,2026,0.0,2657.32,17099.06,0.0,-19756.38,fmifiit_fmioi,8195161.24,2013576.31,12518.58,6169066.35,98,2,40
3210526102,BRZ,11,2026,0.0,35267.22,330171.44,0.0,-365438.66,fmifiit_fmioi,0.0,0.0,0.0,0.0,0,no_ps_link,11
3230841671,NAI,50,2026,0.0,59.42,0.0,0.0,-59.42,fmifiit_fmioi,0.0,0.0,0.0,0.0,0,no_ps_link,50
505RLA4000,WHC,50,2026,0.0,260.34,0.0,0.0,-260.34,fmifiit_fmioi,4424648.19,2793251.65,0.0,1631396.54,36,2,50
196IAC4042,WHC,TC,2026,844.8,113314.67,567988.87,12031.89,-11187.09,fmavct_kbfc,1639945.0,17090.0,144342686.0,-142719831.0,27,1,11|20|30|50
3210234021,KNG,20,2026,0.0,11200.0,76001.84,0.0,-87201.84,fmifiit_fmioi,0.0,0.0,0.0,0.0,0,no_ps_link,20
570RLA2001,EES,40,2026,0.0,59052.49,468116.82,16102.42,-16102.42,fmavct_kbfc,11460664.48,1341798.03,30302.0,10088564.45,36,2,40
RER0115716,VNI,40,2026,0.0,3113.4,21474.22,199.5,-199.5,fmavct_kbfc,10552473.9,205967.28,1023.0,10345483.62,47,2,40
A210441092,IRD,11,2026,0.0,7961.03,35867.03,0.0,-43828.06,fmifiit_fmioi,0.0,0.0,0.0,0.0,0,no_ps_link,11
A230573051,BEI,20,2026,0.0,97070.98,163407.96,0.0,-260478.94,fmifiit_fmioi,0.0,0.0,0.0,0.0,0,no_ps_link,20
3230833851,KNS,10',2026,0.0,880.49,0.0,0.0,-880.49,fmifiit_fmioi,0.0,0.0,0.0,0.0,0,no_ps_link,10'
633CRP1412,BGK,20,2026,0.0,1046.53,2085.62,0.0,-3132.15,fmifiit_fmioi,0.0,0.0,0.0,0.0,0,no_ps_link,20
633CRP7303,ACR,50,2026,0.0,295.21,0.0,0.0,-295.21,fmifiit_fmioi,0.0,0.0,0.0,0.0,0,no_ps_link,50
637FOR7309,BAM,50,2026,0.0,113.12,1184.38,0.0,-1297.5,fmifiit_fmioi,0.0,0.0,0.0,0.0,0,no_ps_link,50
185GEF0006,BAM,50,2026,0.0,954.0,0.0,0.0,-954.0,fmifiit_fmioi,0.0,0.0,0.0,0.0,0,no_ps_link,50
185GEF0006,VOC,REVENUE,2026,0.0,111.6,0.0,0.0,-111.6,fmifiit_fmioi,0.0,0.0,0.0,0.0,0,no_ps_link,REVENUE
526MOR5000,RAB,40,2026,0.0,1842.78,121098.22,274.0,-274.0,fmavct_kbfc,615754.25,145464.7,0.0,470289.55,8,2,40
2210515022,WHC,10',2026,55.0,240.0,0.0,0.0,-185.0,fmifiit_fmioi,0.0,0.0,0.0,0.0,0,no_ps_link,10'
198CSV4243,WHC,TC,2026,378.1,22507.17,9221.56,10569.87,-10191.77,fmavct_kbfc,148245.0,10145.42,0.0,138099.58,8,2,10'|20
A210641021,IEO,13,2026,0.0,184.79,0.0,0.0,-184.79,fmifiit_fmioi,0.0,0.0,0.0,0.0,0,no_ps_link,13
A210641021,IEO,BRSTAT,2026,0.0,14.55,0.0,0.0,-14.55,fmifiit_fmioi,0.0,0.0,0.0,0.0,0,no_ps_link,BRSTAT
A210641021,IEO,CDSP,2026,0.0,14.55,0.0,0.0,-14.55,fmifiit_fmioi,0.0,0.0,0.0,0.0,0,no_ps_link,CDSP
A320111021,ADM,BRSTAT,2026,0.0,24.99,0.0,0.0,-24.99,fmifiit_fmioi,0.0,0.0,0.0,0.0,0,no_ps_link,BRSTAT
A320111021,ADM,13,2026,0.0,316.89,0.0,0.0,-316.89,fmifiit_fmioi,0.0,0.0,0.0,0.0,0,no_ps_link,13
A320111021,ADM,CDSP,2026,0.0,24.99,0.0,0.0,-24.99,fmifiit_fmioi,0.0,0.0,0.0,0.0,0,no_ps_link,CDSP
A110113011,SCG,BRSTAT,2026,0.0,2322.43,0.0,0.0,-2322.43,fmifiit_fmioi,0.0,0.0,0.0,0.0,0,no_ps_link,BRSTAT
A110113011,SCG,13,2026,0.0,10120.01,0.0,0.0,-10120.01,fmifiit_fmioi,0.0,0.0,0.0,0.0,0,no_ps_link,13
A110113011,SCG,CDSP,2026,0.0,2400.08,0.0,0.0,-2400.08,fmifiit_fmioi,0.0,0.0,0.0,0.0,0,no_ps_link,CDSP
A110113011,SCG,11,2026,0.0,37964.13,10733.88,0.0,-48698.01,fmifiit_fmioi,0.0,0.0,0.0,0.0,0,no_ps_link,11
3230837441,BRZ,20,2026,0.0,1276.74,0.0,0.0,-1276.74,fmifiit_fmioi,0.0,0.0,0.0,0.0,0,no_ps_link,20
680IOS4101,EVA,10',2026,37.08,43782.32,0.0,0.0,-43745.24,fmifiit_fmioi,0.0,0.0,0.0,0.0,0,no_ps_link,10'
633CRP1491,HED,10',2026,235.42,1552.82,0.0,0.0,-1317.4,fmifiit_fmioi,0.0,0.0,0.0,0.0,0,no_ps_link,10'
A230542161,LBV,50,2026,0.0,8133.61,18853.42,0.0,-26987.03,fmifiit_fmioi,0.0,0.0,0.0,0.0,0,no_ps_link,50
A310611061,OPS,20,2026,353.78,12526.47,32332.1,0.0,-44504.79,fmifiit_fmioi,0.0,0.0,0.0,0.0,0,no_ps_link,20
633CRP7314,BRV,50,2026,57.38,2965.24,34716.82,0.0,-37624.68,fmifiit_fmioi,0.0,0.0,0.0,0.0,0,no_ps_link,50
3210132011,DAK,10',2026,0.0,935.58,0.0,0.0,-935.58,fmifiit_fmioi,0.0,0.0,0.0,0.0,0,no_ps_link,10'
198CAP4242,WHC,TC,2026,0.0,60000.0,450000.0,10051.7,-10051.7,fmavct_kbfc,316768.1,95000.0,10000.0,211768.1,7,2,20
505RAF4001,WHC,20,2026,0.0,52895.31,1046569.67,0.0,-1099464.98,fmifiit_fmioi,3124998.55,93700.88,6216.31,3025081.36,33,2,20
570MEX4002,MXC,GAINS,2026,0.0,2866.36,0.0,0.0,-2866.36,fmifiit_fmioi,1599081.7,492970.26,105849.23,1000262.21,36,2,GAINS
3210641072,UAI,10',2026,36.16,2215.11,0.0,0.0,-2178.95,fmifiit_fmioi,0.0,0.0,0.0,0.0,0,no_ps_link,10'
507ECU1000,STG,20,2026,0.0,3085.32,69034.64,3176.46,-3176.46,fmavct_kbfc,95314.65,149919.31,0.0,-54604.66,1,1,20
A230575081,POP,40,2026,0.0,900.0,1800.0,0.0,-2700.0,fmifiit_fmioi,0.0,0.0,0.0,0.0,0,no_ps_link,40
A230575031,GUC,20,2026,0.0,15611.81,45494.25,0.0,-61106.06,fmifiit_fmioi,0.0,0.0,0.0,0.0,0,no_ps_link,20
3230851021,SSM,10',2026,0.0,922.55,0.0,0.0,-922.55,fmifiit_fmioi,0.0,0.0,0.0,0.0,0,no_ps_link,10'
3210514032,PNP,10',2026,0.0,5568.98,0.0,0.0,-5568.98,fmifiit_fmioi,0.0,0.0,0.0,0.0,0,no_ps_link,10'
534AFG4006,KAB,50,2026,0.0,3537.2,33125.52,121.73,-121.73,fmavct_kbfc,6993976.02,523261.76,10028.06,6460686.2,15,2,50
185GEF0006,RAM,50,2026,0.0,337.38,0.0,0.0,-337.38,fmifiit_fmioi,0.0,0.0,0.0,0.0,0,no_ps_link,50
633CRP5391,FMD,20,2026,0.0,20029.0,86721.51,0.0,-106750.51,fmifiit_fmioi,0.0,0.0,0.0,0.0,0,no_ps_link,20
635SAD9003,BKI,REVENUE,2026,1608.39,0.0,0.0,0.0,1608.39,fmifiit_fmioi,0.0,0.0,0.0,0.0,0,no_ps_link,REVENUE
669ICT9001,CPE,REVENUE,2026,7042.2,0.0,0.0,0.0,7042.2,fmifiit_fmioi,0.0,0.0,0.0,0.0,0,no_ps_link,REVENUE
669ICT9001,CLD,REVENUE,2026,432.53,0.0,0.0,0.0,432.53,fmifiit_fmioi,0.0,0.0,0.0,0.0,0,no_ps_link,REVENUE
495GLO1054,PLS,TC,2026,3136.03,15125.55,6628.58,15053.06,-11917.03,fmavct_kbfc,486884.12,-253658.8,0.0,740542.92,3,2,10'|11|30|40
631BAM9002,BKI,REVENUE,2026,12915.58,0.0,0.0,0.0,12915.58,fmifiit_fmioi,0.0,0.0,0.0,0.0,0,no_ps_link,REVENUE
3210611042,UAI,40,2026,9705.33,0.0,0.0,0.0,9705.33,fmifiit_fmioi,0.0,0.0,0.0,0.0,0,no_ps_link,40
635SAD9004,CPE,REVENUE,2026,220.8,0.0,0.0,0.0,220.8,fmifiit_fmioi,0.0,0.0,0.0,0.0,0,no_ps_link,REVENUE
669ICT9002,CPE,REVENUE,2026,8636.52,0.0,0.0,0.0,8636.52,fmifiit_fmioi,0.0,0.0,0.0,0.0,0,no_ps_link,REVENUE
637FOR9001,CLD,REVENUE,2026,120.0,0.0,0.0,0.0,120.0,fmifiit_fmioi,0.0,0.0,0.0,0.0,0,no_ps_link,REVENUE
185GEF0006,LIM,50,2026,0.0,951.68,0.0,0.0,-951.68,fmifiit_fmioi,0.0,0.0,0.0,0.0,0,no_ps_link,50
A230542041,ADI,40,2026,0.0,1315.6,69732.42,0.0,-71048.02,fmifiit_fmioi,0.0,0.0,0.0,0.0,0,no_ps_link,40
A230545031,HAV,40,2026,0.0,611.32,0.0,0.0,-611.32,fmifiit_fmioi,0.0,0.0,0.0,0.0,0,no_ps_link,40
633CRP7352,TAS,40,2026,0.0,12233.48,133999.07,0.0,-146232.55,fmifiit_fmioi,0.0,0.0,0.0,0.0,0,no_ps_link,40
3230874041,API,11,2026,26000.0,0.0,0.0,0.0,26000.0,fmifiit_fmioi,0.0,0.0,0.0,0.0,0,no_ps_link,11
3230874301,SUV,10',2026,52000.0,0.0,0.0,0.0,52000.0,fmifiit_fmioi,0.0,0.0,0.0,0.0,0,no_ps_link,10'
633CRP9003,BAG,REVENUE,2026,113846.2,0.0,0.0,0.0,113846.2,fmifiit_fmioi,375.0,-3197980.67,133.0,3198222.67,705,4,REVENUE
525GLO1006,EDP,TC,2026,234.69,0.0,213402.32,13795.17,-13560.48,fmavct_kbfc,690000.0,6873.69,0.0,683126.31,24,2,11
633CRP9003,EDP,REVENUE,2026,17562.69,0.0,0.0,0.0,17562.69,fmifiit_fmioi,375.0,-3197980.67,133.0,3198222.67,705,4,REVENUE
633CRP9003,HAN,REVENUE,2026,20190.0,0.0,0.0,0.0,20190.0,fmifiit_fmioi,375.0,-3197980.67,133.0,3198222.67,705,4,REVENUE
633CRP9003,IEO,REVENUE,2026,43185.37,0.0,0.0,0.0,43185.37,fmifiit_fmioi,375.0,-3197980.67,133.0,3198222.67,705,4,REVENUE
633CRP9003,ISB,REVENUE,2026,2980.0,0.0,0.0,0.0,2980.0,fmifiit_fmioi,375.0,-3197980.67,133.0,3198222.67,705,4,REVENUE
633CRP9003,SJO,REVENUE,2026,38436.05,0.0,0.0,0.0,38436.05,fmifiit_fmioi,375.0,-3197980.67,133.0,3198222.67,705,4,REVENUE
633CRP9003,TEH,REVENUE,2026,6061.7,0.0,0.0,0.0,6061.7,fmifiit_fmioi,375.0,-3197980.67,133.0,3198222.67,705,4,REVENUE
633CRP9003,UAI,REVENUE,2026,15312.0,0.0,0.0,0.0,15312.0,fmifiit_fmioi,375.0,-3197980.67,133.0,3198222.67,705,4,REVENUE
537GLO4000,WHC,13,2026,1504.0,0.0,0.0,28205.06,-26701.06,fmavct_kbfc,608806.15,1850739.75,11388.0,-1253321.6,6,1,13
727CMR1006,YAO,TC,2026,16906.57,97964.62,435185.02,13931.74,2974.83,fmavct_kbfc,11274139.53,-5915507.36,900.0,17188746.89,13,4,10'|11|13|20|40
633CRP9003,RAB,REVENUE,2026,26822.72,0.0,0.0,0.0,26822.72,fmifiit_fmioi,375.0,-3197980.67,133.0,3198222.67,705,4,REVENUE
633CRP9003,CEO,REVENUE,2026,6568.41,0.0,0.0,0.0,6568.41,fmifiit_fmioi,375.0,-3197980.67,133.0,3198222.67,705,4,REVENUE
507ZAM1000,HAR,50,2026,0.0,1696.15,3351.5,0.0,-5047.65,fmifiit_fmioi,110277.57,173623.79,0.0,-63346.22,1,1,50
503AFG1003,KAB,11,2026,275.5,0.0,557876.5,0.0,-557601.0,fmifiit_fmioi,24010732.25,1385666.06,0.0,22625066.19,126,2,11
633CRP9003,KAB,REVENUE,2026,88075.46,0.0,0.0,0.0,88075.46,fmifiit_fmioi,375.0,-3197980.67,133.0,3198222.67,705,4,REVENUE
A210152011,HAR,50,2026,0.0,306.86,0.0,0.0,-306.86,fmifiit_fmioi,0.0,0.0,0.0,0.0,0,no_ps_link,50
633CRP5390,MDE,50,2026,0.0,201.7,0.0,0.0,-201.7,fmifiit_fmioi,0.0,0.0,0.0,0.0,0,no_ps_link,50
3210682061,HAR,50,2026,0.0,4.4,0.0,0.0,-4.4,fmifiit_fmioi,0.0,0.0,0.0,0.0,0,no_ps_link,50
3210151042,TED,50,2026,0.0,154.5,0.0,0.0,-154.5,fmifiit_fmioi,0.0,0.0,0.0,0.0,0,no_ps_link,50
549RER1003,BFM,REVENUE,2026,695249.13,0.0,0.0,0.0,695249.13,fmifiit_fmioi,1782925.46,-600000.0,0.0,2382925.46,44,4,REVENUE
526GLO1008,BGK,REVENUE,2026,559788.76,0.0,0.0,0.0,559788.76,fmifiit_fmioi,173380.0,-225582.0,0.0,398962.0,1,4,REVENUE
525GLO1004,IGE,REVENUE,2026,450027.0,0.0,0.0,0.0,450027.0,fmifiit_fmioi,2571202.82,29970932.29,147419.24,-27547148.71,14,3,REVENUE
525GLO1005,IGE,REVENUE,2026,553223.0,0.0,0.0,0.0,553223.0,fmifiit_fmioi,1491068.82,7677673.63,735264.96,-6921869.77,15,3,REVENUE
580GLO4004,LHE,REVENUE,2026,169554.0,0.0,0.0,0.0,169554.0,fmifiit_fmioi,151035.0,-169554.0,0.0,320589.0,1,4,REVENUE
526GLO4012,WHC,REVENUE,2026,281113.0,0.0,0.0,0.0,281113.0,fmifiit_fmioi,493295.42,-265150.64,0.0,758446.06,5,4,REVENUE
526RAF4000,WHC,REVENUE,2026,585647.0,0.0,0.0,0.0,585647.0,fmifiit_fmioi,1818093.42,-540610.98,10645.0,2348059.4,6,4,REVENUE
259RAF2000,NAI,REVENUE,2026,35693.06,0.0,0.0,0.0,35693.06,fmifiit_fmioi,500370.0,1342836.1,0.0,-842466.1,21,3,REVENUE
A210121011,AGI,30,2026,0.0,8281.04,0.0,0.0,-8281.04,fmifiit_fmioi,0.0,0.0,0.0,0.0,0,no_ps_link,30
2210551013,DCE,50,2026,247.83,618.0,0.0,0.0,-370.17,fmifiit_fmioi,0.0,0.0,0.0,0.0,0,no_ps_link,50
549RER2020,BRU,REVENUE,2026,61310.94,0.0,0.0,0.0,61310.94,fmifiit_fmioi,616180.74,-24601.64,0.0,640782.38,13,4,REVENUE
680DBS3101,DBS,40,2026,0.0,30.76,154105.84,0.0,-154136.6,fmifiit_fmioi,0.0,0.0,0.0,0.0,0,no_ps_link,40
728HAI2000,POP,50,2026,0.0,19975.47,55189.59,4307.19,-4307.19,fmavct_kbfc,29961057.9,12589917.34,127472.07,17243668.49,75,2,50
3230872081,ADI,10',2026,66.62,612.5,0.0,0.0,-545.88,fmifiit_fmioi,0.0,0.0,0.0,0.0,0,no_ps_link,10'
633CRP7305,AMN,50,2026,0.0,454.38,0.0,0.0,-454.38,fmifiit_fmioi,0.0,0.0,0.0,0.0,0,no_ps_link,50
PFF,IES,50,2026,0.0,60.0,0.0,0.0,-60.0,fmifiit_fmioi,0.0,0.0,0.0,0.0,0,no_ps_link,50
637FOR7342,NAI,REVENUE,2026,0.0,3032.84,0.0,0.0,-3032.84,fmifiit_fmioi,0.0,0.0,0.0,0.0,0,no_ps_link,REVENUE
633CRP2123,HAR,LOSS,2026,0.0,102.62,0.0,0.0,-102.62,fmifiit_fmioi,0.0,0.0,0.0,0.0,0,no_ps_link,LOSS
474GLO1003,PLS,REVENUE,2026,45372.73,0.0,0.0,0.0,45372.73,fmifiit_fmioi,218210.79,1379984.41,0.0,-1161773.62,21,3,REVENUE
448INT2212,TWA,REVENUE,2026,5770.49,0.0,0.0,0.0,5770.49,fmifiit_fmioi,296971.56,693571.83,0.0,-396600.27,28,3,REVENUE
406RAB3000,CAI,REVENUE,2026,1123.96,0.0,0.0,0.0,1123.96,fmifiit_fmioi,490.9,1123.96,0.0,-633.06,1,3,REVENUE
406GLO9000,BFM,REVENUE,2026,7377.86,0.0,0.0,0.0,7377.86,fmifiit_fmioi,0.0,-7377.86,0.0,7377.86,1,4,REVENUE
406RAB4000,CAI,REVENUE,2026,975.95,0.0,0.0,0.0,975.95,fmifiit_fmioi,8537.2,975.95,0.0,7561.25,5,4,REVENUE
406GLO2001,CAI,REVENUE,2026,4488.44,0.0,0.0,0.0,4488.44,fmifiit_fmioi,11864.0,11149.41,0.0,714.59,1,4,REVENUE
406GLO2002,CAI,REVENUE,2026,789.51,0.0,0.0,0.0,789.51,fmifiit_fmioi,9462.27,10191.88,0.0,-729.61,1,3,REVENUE
A230542051,TNR,40,2026,0.0,5671.35,11309.62,0.0,-16980.97,fmifiit_fmioi,0.0,0.0,0.0,0.0,0,no_ps_link,40
A230542051,TNR,20,2026,0.0,3226.84,10191.05,0.0,-13417.89,fmifiit_fmioi,0.0,0.0,0.0,0.0,0,no_ps_link,20
700CPR4000,BEJ,REVENUE,2026,23073.39,0.0,0.0,0.0,23073.39,fmifiit_fmioi,1018030.11,7897.43,0.0,1010132.68,20,4,REVENUE
185GEF0008,MED,REVENUE,2026,0.0,3140.12,0.0,0.0,-3140.12,fmifiit_fmioi,0.0,0.0,0.0,0.0,0,no_ps_link,REVENUE
448INT2203,TWA,REVENUE,2026,5545.0,0.0,0.0,0.0,5545.0,fmifiit_fmioi,0.0,5545.0,0.0,-5545.0,27,3,REVENUE
A310611021,OPS,10',2026,0.0,393.2,0.0,0.0,-393.2,fmifiit_fmioi,0.0,0.0,0.0,0.0,0,no_ps_link,10'
727SAM1002,API,80,2026,1596.79,0.0,0.0,12177.23,-10580.44,fmavct_kbfc,0.0,0.0,0.0,0.0,1,2,80
727CMR1007,YAO,80,2026,5077.92,0.0,0.0,55243.46,-50165.54,fmavct_kbfc,0.0,-1417500.0,0.0,1417500.0,1,2,80
170GLO4042,MHM,80,2026,0.0,125.65,0.0,170389.8,-170389.8,fmavct_kbfc,495257.51,481929.62,0.0,13327.89,11,2,80
170GLO4043,ITR,80,2026,0.0,475.75,0.0,9156.7,-9156.7,fmavct_kbfc,849635.31,3762006.02,0.0,-2912370.71,11,1,80
175GLO4043,UCH,80,2026,0.0,544.06,0.0,183369.87,-183369.87,fmavct_kbfc,200000.0,3954.08,0.0,196045.92,5,2,80
191AIP2042,IOC,80,2026,0.0,1226.06,0.0,152.95,-152.95,fmavct_kbfc,398634.14,24095.0,0.0,374539.14,5,2,80
191EWS2042,IOC,80,2026,0.0,1415.45,0.0,3192.04,-3192.04,fmavct_kbfc,785402.42,174902.83,28380.0,582119.59,8,2,80
191OSD2042,IOC,80,2026,0.0,4130.0,0.0,0.0,-4130.0,fmifiit_fmioi,1249317.12,108064.21,14106.0,1127146.91,17,2,80
199GLO4942,LHE,80,2026,0.0,1227.7,0.0,2974.86,-2974.86,fmavct_kbfc,52215.49,87571.4,0.0,-35355.91,1,1,80
201MAG1003,NAI,80,2026,0.0,47.55,0.0,12142.01,-12142.01,fmavct_kbfc,85567.59,25826.45,2246.45,57494.69,7,2,80
201MAG1004,NAI,80,2026,0.0,779.8,0.0,0.0,-779.8,fmifiit_fmioi,1306074.75,133726.36,0.0,1172348.39,24,2,80
201RAF1004,NAI,80,2026,0.0,2758.55,0.0,1469.49,-1469.49,fmavct_kbfc,372773.82,838292.0,20550.0,-486068.18,11,1,80
216ARG1001,MTD,80,2026,0.0,3922.5,0.0,3130.18,-3130.18,fmavct_kbfc,896610.27,158798.0,0.0,737812.27,10,2,80
218TUN1000,RAB,80,2026,0.0,3056.24,0.0,703450.24,-703450.24,fmavct_kbfc,3057720.83,4235933.15,0.0,-1178212.32,59,1,80
235CMR3003,YAO,80,2026,0.0,8940.01,0.0,145.03,-145.03,fmavct_kbfc,6069820.86,1707380.87,2506.5,4359933.49,57,2,80
235GAM5001,DAK,80,2026,0.0,1920.07,0.0,0.0,-1920.07,fmifiit_fmioi,2069850.75,6672087.82,1799100.12,-6401337.19,34,1,80
235RER4000,VNI,80,2026,0.0,2705.56,0.0,0.77,-0.77,fmavct_kbfc,1579727.43,-169292.51,0.0,1749019.94,33,2,80
257GLO1044,IPS,80,2026,0.0,683.71,0.0,2300.92,-2300.92,fmavct_kbfc,1097987.68,390024.12,1283.0,706680.56,20,2,80
257GLO1045,IPS,80,2026,0.0,3298.17,0.0,0.0,-3298.17,fmifiit_fmioi,422274.31,466843.27,0.0,-44568.96,46,1,80
259RAF2000,NAI,80,2026,0.0,1216.69,0.0,1500.0,-1500.0,fmavct_kbfc,500370.0,1342836.1,0.0,-842466.1,21,1,80
261CPR5001,BEJ,80,2026,0.0,254.82,0.0,950.37,-950.37,fmavct_kbfc,231775.72,37834.56,18000.0,175941.16,8,2,80
268ZAM1001,HAR,80,2026,0.0,2734.5,0.0,69.08,-69.08,fmavct_kbfc,489900.0,711851.32,0.0,-221951.32,60,1,80
268ZAM1002,HAR,80,2026,0.0,1252.51,0.0,11811.84,-11811.84,fmavct_kbfc,130000.0,319217.96,0.0,-189217.96,19,1,80
406EGY1000,CAI,80,2026,0.0,227.21,0.0,9049.44,-9049.44,fmavct_kbfc,7154.93,1885129.59,0.0,-1877974.66,1,1,80
406GLO0089,ABV,80,2026,0.0,13.41,0.0,26666.01,-26666.01,fmavct_kbfc,14000.0,160.0,0.0,13840.0,1,2,80
406GLO4006,WHC,80,2026,0.0,713.97,0.0,0.0,-713.97,fmifiit_fmioi,15000.0,10199.51,0.0,4800.49,1,2,80
406HON1000,SJO,80,2026,0.0,350.0,0.0,240983.73,-240983.73,fmavct_kbfc,10000.0,-8700.0,3000.0,15700.0,1,2,80
406NIR1000,ABU,80,2026,0.0,1279.24,0.0,3832.52,-3832.52,fmavct_kbfc,20000.0,25083368.0,0.0,-25063368.0,1,1,80
406RAB5000,CAI,80,2026,0.0,140.0,0.0,0.0,-140.0,fmifiit_fmioi,38760.7,10708.49,0.0,28052.21,1,2,80
406VIE1000,HAN,80,2026,0.0,2128.96,0.0,0.0,-2128.96,fmifiit_fmioi,50000.0,7275800.0,0.0,-7225800.0,1,1,80
408MAS5043,MDE,80,2026,0.0,6380.13,0.0,657.45,-657.45,fmavct_kbfc,1291728.04,-431500.35,0.0,1723228.39,43,2,80
408MIL5043,MIL,80,2026,0.0,7483.62,0.0,0.0,-7483.62,fmifiit_fmioi,1667286.38,-385891.3,339203.84,1713973.84,119,2,80
428GLO2043,EES,80,2026,0.0,1838.3,0.0,8717.49,-8717.49,fmavct_kbfc,226417.06,-313305.76,0.0,539722.82,5,2,80
448INT2211,TWA,80,2026,0.0,2899.45,0.0,13713.85,-13713.85,fmavct_kbfc,5862553.42,2206706.67,765.0,3655081.75,66,2,80
469GLO1006,TLC,80,2026,0.0,38.89,0.0,2205.95,-2205.95,fmavct_kbfc,362628.74,23274.78,0.0,339353.96,1,2,80
469GLO4001,WHC,80,2026,0.0,604.43,0.0,16661.85,-16661.85,fmavct_kbfc,94428.15,-11549.44,0.0,105977.59,1,2,80
473PAL4000,RAM,80,2026,0.0,5949.92,0.0,20369.56,-20369.56,fmavct_kbfc,1353091.85,-142108.13,25270.0,1469929.98,14,2,80
473UKR4000,EPR,80,2026,0.0,1275.29,0.0,711.01,-711.01,fmavct_kbfc,230041.02,44823.35,0.0,185217.67,3,2,80
495GLO1052,TED,80,2026,0.0,1456.53,0.0,147061.0,-147061.0,fmavct_kbfc,1107376.0,-677436.34,0.0,1784812.34,4,2,80
495GLO1054,PLS,80,2026,0.0,1278.27,0.0,0.0,-1278.27,fmifiit_fmioi,486884.12,-253658.8,0.0,740542.92,3,2,80
495GLO1056,IGE,80,2026,0.0,7249.62,0.0,0.0,-7249.62,fmifiit_fmioi,1314661.56,-711274.79,0.0,2025936.35,2,2,80
495GLO1060,ESD,80,2026,0.0,7394.88,0.0,0.0,-7394.88,fmifiit_fmioi,1599216.86,-863480.18,1900.0,2460797.04,5,2,80
495GLO1061,GCP,80,2026,0.0,8963.49,0.0,0.0,-8963.49,fmifiit_fmioi,3597742.06,-2083295.04,0.0,5681037.1,5,2,80
495GLO4242,UCH,80,2026,0.0,238.23,0.0,0.0,-238.23,fmifiit_fmioi,377692.02,-788814.92,0.0,1166506.94,4,2,80
495GLO4643,CPD,80,2026,0.0,14096.48,0.0,338.97,-338.97,fmavct_kbfc,1310100.36,-1174950.77,0.0,2485051.13,3,2,80
503AFG1003,KAB,80,2026,0.0,23431.77,0.0,0.0,-23431.77,fmifiit_fmioi,24010732.25,1385666.06,0.0,22625066.19,126,2,80
504PAL4006,MHM,80,2026,0.0,2250.0,0.0,0.0,-2250.0,fmifiit_fmioi,1537396.57,53471.2,0.0,1483925.37,23,2,80
505INT0001,RMS,80,2026,0.0,1373.99,0.0,0.0,-1373.99,fmifiit_fmioi,1865292.0,8690.4,8594.0,1848007.6,14,2,80
507ECU1000,STG,80,2026,0.0,1349.68,0.0,0.0,-1349.68,fmifiit_fmioi,95314.65,149919.31,0.0,-54604.66,1,1,80
507IVC1002,ABJ,80,2026,0.0,6174.91,0.0,1350.0,-1350.0,fmavct_kbfc,99983.92,375299.0,10582.75,-285897.83,1,1,80
507ZAM1000,HAR,80,2026,0.0,2768.72,0.0,0.0,-2768.72,fmifiit_fmioi,110277.57,173623.79,0.0,-63346.22,1,1,80
513RAF2046,JAK,80,2026,0.0,327.89,0.0,0.0,-327.89,fmifiit_fmioi,91600.0,249401.14,301124.85,-458925.99,3,1,80
513UKR2000,HYD,80,2026,0.0,3741.84,0.0,0.0,-3741.84,fmifiit_fmioi,733944.96,29507.0,2069.0,702368.96,5,2,80
513UKR4000,MHM,80,2026,0.0,1266.48,0.0,0.0,-1266.48,fmifiit_fmioi,673761.32,10558.0,0.0,663203.32,7,2,80
514RLA2006,MTD,80,2026,0.0,3219.3,0.0,4362.96,-4362.96,fmavct_kbfc,295309.8,17700.0,0.0,277609.8,13,2,80
514RLA2008,HYD,80,2026,0.0,2178.99,0.0,174381.25,-174381.25,fmavct_kbfc,403978.5,13132.51,0.0,390845.99,7,2,80
519GLO4004,WHC,80,2026,0.0,2368.32,0.0,5000.0,-5000.0,fmavct_kbfc,828996.0,2007855.66,53000.0,-1231859.66,9,1,80
520CMB4004,PNP,80,2026,0.0,42.25,0.0,16183.19,-16183.19,fmavct_kbfc,94735.96,12339.66,0.0,82396.3,1,2,80
523HAI1000,POP,80,2026,0.0,3692.88,0.0,3573.58,-3573.58,fmavct_kbfc,294290.5,1168606.54,0.0,-874316.04,19,1,80
523INT4000,WHC,80,2026,0.0,1496.96,0.0,636.76,-636.76,fmavct_kbfc,706571.0,-242660.79,0.0,949231.79,7,2,80
525GLO1006,EDP,80,2026,0.0,21.12,0.0,5083.33,-5083.33,fmavct_kbfc,690000.0,6873.69,0.0,683126.31,24,2,80
529AUL1000,GCP,80,2026,0.0,3550.24,0.0,400289.04,-400289.04,fmavct_kbfc,275229.36,-133985.65,9000.0,400215.01,5,2,80
534PAK1000,ISB,80,2026,0.0,8328.53,0.0,34113.71,-34113.71,fmavct_kbfc,1747884.61,45621224.86,338750.0,-44212090.25,115,1,80
534PAL4001,RAM,80,2026,0.0,1147.5,0.0,27698.31,-27698.31,fmavct_kbfc,384249.48,12250.0,15500.0,356499.48,15,2,80
534SUD4000,KHA,80,2026,0.0,13623.64,0.0,7348.36,-7348.36,fmavct_kbfc,1045472.65,24545471.9,0.0,-23499999.25,26,1,80
537CMB4003,PNP,80,2026,0.0,396.77,0.0,253.29,-253.29,fmavct_kbfc,77981.65,-80638.73,0.0,158620.38,1,2,80
537GLO3001,BIO,80,2026,0.0,7083.1,0.0,99424.23,-99424.23,fmavct_kbfc,375263.18,-385733.48,51266.01,709730.65,1,2,80
537RAS5001,BGK,80,2026,0.0,8473.55,0.0,211.33,-211.33,fmavct_kbfc,551559.0,2323994.17,0.0,-1772435.17,1,1,80
549AFG1000,KAB,80,2026,0.0,5551.64,0.0,0.0,-5551.64,fmifiit_fmioi,16321442.71,31660.3,1500.0,16288282.41,42,2,80
549CYP1001,EDP,80,2026,0.0,3241.96,0.0,34539.97,-34539.97,fmavct_kbfc,1264122.96,17636.0,0.0,1246486.96,11,2,80
549RER2022,VNI,80,2026,0.0,294.64,0.0,37476.85,-37476.85,fmavct_kbfc,480004.82,15874.0,0.0,464130.82,31,2,80
549RLA4000,HAV,80,2026,0.0,28.27,0.0,3721.26,-3721.26,fmavct_kbfc,19981027.28,2464672.4,0.0,17516354.88,9,2,80
567MOR2000,RAB,80,2026,0.0,47.88,0.0,183.36,-183.36,fmavct_kbfc,2329906.75,-274876.39,0.0,2604783.14,15,2,80
567UKR1000,E30,80,2026,0.0,43.75,0.0,0.0,-43.75,fmifiit_fmioi,7387916.69,1868560.11,0.0,5519356.58,11,2,80
570KEN1001,ITE,80,2026,0.0,1944.0,0.0,250.0,-250.0,fmavct_kbfc,45822.48,8000.0,0.0,37822.48,1,2,80
570RAS1011,JAK,80,2026,0.0,20878.84,0.0,153865.99,-153865.99,fmavct_kbfc,877555.96,3619149.41,511444.0,-3253037.45,5,1,80
570RAS4007,BGK,80,2026,0.0,1928.21,0.0,26892.46,-26892.46,fmavct_kbfc,287419.02,2935.42,0.0,284483.6,7,2,80
570RSS1002,JUB,80,2026,0.0,5343.69,0.0,547.65,-547.65,fmavct_kbfc,293793.3,84920.83,0.0,208872.47,5,2,80
570VIE1001,HAN,80,2026,0.0,1549.2,0.0,95.42,-95.42,fmavct_kbfc,542102.0,219938.27,0.0,322163.73,10,2,80
570VIE4004,HAN,80,2026,0.0,1213.29,0.0,5036.89,-5036.89,fmavct_kbfc,334000.0,3270.34,0.0,330729.66,11,2,80
650RER0001,VNI,80,2026,0.0,59.88,0.0,293121.17,-293121.17,fmavct_kbfc,161261.61,-77328.57,0.0,238590.18,1,2,80
650RER6001,VNI,80,2026,0.0,680.38,0.0,1032.62,-1032.62,fmavct_kbfc,133350.0,8000.0,0.0,125350.0,6,2,80
702CHD1000,YAO,80,2026,0.0,2.92,0.0,14000.0,-14000.0,fmavct_kbfc,1090253.7,418162.11,2918.42,669173.17,33,2,80
809GLO1007,MAP,80,2026,0.0,5793.13,0.0,1109.56,-1109.56,fmavct_kbfc,148669.0,30414.33,0.0,118254.67,1,2,80
810GLO1018,EME,80,2026,0.0,713.34,0.0,733.38,-733.38,fmavct_kbfc,79230.0,26480.43,0.0,52749.57,1,2,80
810GLO1020,IEP,80,2026,0.0,7411.24,0.0,18254.02,-18254.02,fmavct_kbfc,162470.0,-170338.42,2580.0,330228.42,1,2,80
821GLO1003,IEP,80,2026,0.0,5514.72,0.0,54466.23,-54466.23,fmavct_kbfc,253648.68,80292.16,0.0,173356.52,1,2,80
980LIB5021,RAB,80,2026,0.0,1010.4,0.0,30903.81,-30903.81,fmavct_kbfc,4869444.0,2959.34,0.0,4866484.66,6,2,80
INT0128886,IOC,80,2026,0.0,14824.34,0.0,4303.77,-4303.77,fmavct_kbfc,5467877.64,335681.45,15262.24,5116933.95,45,2,80
PAN0102793,SJO,80,2026,0.0,3318.35,0.0,456.25,-456.25,fmavct_kbfc,564624.0,9898.0,0.0,554726.0,7,2,80
216RLA2003,CTG,80,2026,0.0,6326.28,0.0,8374.94,-8374.94,fmavct_kbfc,1251043.26,-391003.41,66672.0,1575374.67,10,2,80
354GLO5011,IPD,80,2026,0.0,140.0,0.0,48250.76,-48250.76,fmavct_kbfc,3548462.25,2567906.12,1000.0,979556.13,54,2,80
406IRQ4001,BAG,80,2026,0.0,2.26,0.0,0.0,-2.26,fmifiit_fmioi,93457.94,27141218.13,11650.0,-27059410.19,1,1,80
513GLO2046,IOC,80,2026,0.0,108.47,0.0,0.0,-108.47,fmifiit_fmioi,1339952.02,43280.58,0.0,1296671.44,26,2,80
534GLO5000,FEJ,80,2026,0.0,658.17,0.0,0.01,-0.01,fmavct_kbfc,198113.1,29094.57,0.0,169018.53,6,2,80
632HQF9013,DBS,80,2026,3582.66,0.0,0.0,6905.89,-3323.23,fmavct_kbfc,0.0,0.0,0.0,0.0,0,no_ps_link,80
632HQF9000,URS,80,2026,2361.24,0.0,0.0,2802.21,-440.97,fmavct_kbfc,0.0,0.0,0.0,0.0,0,no_ps_link,80
A210524332,DHA,11,2026,0.0,5771.55,6732.3,0.0,-12503.85,fmifiit_fmioi,0.0,0.0,0.0,0.0,0,no_ps_link,11
A210464031,NDL,10',2026,412.52,978.77,0.0,0.0,-566.25,fmifiit_fmioi,0.0,0.0,0.0,0.0,0,no_ps_link,10'
570RSS1001,JUB,TC,2026,103250.0,12636.34,33079.24,2554.22,100695.78,fmavct_kbfc,1090261.34,10171.1,0.0,1080090.24,18,4,10'|11|20|30|40|50
355GLO5005,IPD,TC,2026,0.0,7000.0,520901.48,12721.64,-12721.64,fmavct_kbfc,915251.91,-91857.88,0.0,1007109.79,17,2,20
507GLO1039,UNE,50,2026,0.0,658.36,2312.28,0.0,-2970.64,fmifiit_fmioi,409358.09,-465420.41,0.0,874778.5,1,2,50
3210122072,LBV,50,2026,0.0,144.03,0.0,0.0,-144.03,fmifiit_fmioi,0.0,0.0,0.0,0.0,0,no_ps_link,50
RAF0125662,NAI,TC,2026,0.0,3.82,32599.08,1067.17,-1067.17,fmavct_kbfc,418515.45,19300.0,0.0,399215.45,22,2,20
633CRP1303,ACR,10',2026,9.34,450.34,0.0,0.0,-441.0,fmifiit_fmioi,0.0,0.0,0.0,0.0,0,no_ps_link,10'
A230542171,LAD,20,2026,0.0,1479.27,2958.54,0.0,-4437.81,fmifiit_fmioi,0.0,0.0,0.0,0.0,0,no_ps_link,20
3210122061,HAR,30,2026,0.0,94.0,0.0,0.0,-94.0,fmifiit_fmioi,0.0,0.0,0.0,0.0,0,no_ps_link,30
633CRP1691,EDP,40,2026,0.0,2677.63,13895.5,0.0,-16573.13,fmifiit_fmioi,0.0,0.0,0.0,0.0,0,no_ps_link,40
633CRP1190,EME,40,2026,0.0,2441.48,9669.82,0.0,-12111.3,fmifiit_fmioi,0.0,0.0,0.0,0.0,0,no_ps_link,40
633CRP1393,PSU,40,2026,0.0,2441.48,19962.96,0.0,-22404.44,fmifiit_fmioi,0.0,0.0,0.0,0.0,0,no_ps_link,40
633CRP1490,EEO,40,2026,0.0,2441.48,9669.84,0.0,-12111.32,fmifiit_fmioi,0.0,0.0,0.0,0.0,0,no_ps_link,40
A210315011,IOC,11,2026,0.0,7995.62,30711.24,0.0,-38706.86,fmifiit_fmioi,0.0,0.0,0.0,0.0,0,no_ps_link,11
513TRI2000,EES,TC,2026,0.0,16570.0,53570.0,0.0,-70140.0,fmifiit_fmioi,91600.0,16570.0,0.0,75030.0,2,2,20
633CRP1112,BGK,11,2026,0.0,32642.28,121461.08,0.0,-154103.36,fmifiit_fmioi,0.0,0.0,0.0,0.0,0,no_ps_link,11
412RAF4003,DCE,11,2026,0.0,7413.33,15097.02,24638.04,-24638.04,fmavct_kbfc,15098.88,5500.0,0.0,9598.88,2,2,11
273PER2000,LIM,TC,2026,1954.23,55321.13,142430.9,0.0,-195797.8,fmifiit_fmioi,2237770.76,44958.54,5200.0,2187612.22,75,2,10'|11|13|20|30|40
3210455022,MXC,11,2026,0.0,4628.91,80050.9,0.0,-84679.81,fmifiit_fmioi,0.0,0.0,0.0,0.0,0,no_ps_link,11
2210215141,MXC,11,2026,36.1,9713.18,60895.46,0.0,-70572.54,fmifiit_fmioi,0.0,0.0,0.0,0.0,0,no_ps_link,11
727AFG1000,KAB,20,2026,0.0,214341.56,923616.53,27632.19,-27632.19,fmavct_kbfc,17580399.0,991612.42,41525.0,16547261.58,53,2,20
523AFG1000,KAB,TC,2026,947.88,69948.97,104564.81,500.0,447.88,fmavct_kbfc,292513.76,-110775.67,0.0,403289.43,7,4,10'|11|13|20
650RER0001,VNI,50,2026,0.0,346.34,11212.5,92306.55,-92306.55,fmavct_kbfc,161261.61,-77328.57,0.0,238590.18,1,2,50
633CRP2190,EES,11,2026,0.0,38324.4,48028.2,0.0,-86352.6,fmifiit_fmioi,0.0,0.0,0.0,0.0,0,no_ps_link,11
230RAS2007,JAK,TC,2026,77.18,13517.65,215397.52,3000.0,-2922.82,fmavct_kbfc,657924.0,685346.32,1038211.47,-1065633.79,27,1,11|20|30
549GLO1003,GEM,20,2026,47099.67,31984.19,1398305.24,38466.31,8633.36,fmavct_kbfc,6937525.68,460012.45,2000.0,6475513.23,11,4,20
221PRC1001,BRV,40,2026,10336.41,5724.86,31128.32,1573.65,8762.76,fmavct_kbfc,353483.3,969003.16,0.0,-615519.86,4,3,40
A230572151,WIN,20,2026,0.0,261.2,11651.96,0.0,-11913.16,fmifiit_fmioi,0.0,0.0,0.0,0.0,0,no_ps_link,20
526RAS1035,BGK,REVENUE,2026,58478.62,0.0,0.0,0.0,58478.62,fmifiit_fmioi,106676.24,-39663.2,0.0,146339.44,1,4,REVENUE
550AZE9000,BFM,REVENUE,2026,390993.0,50770.0,0.0,0.0,340223.0,fmifiit_fmioi,0.0,275297.0,0.0,-275297.0,1,3,REVENUE
550GLO4000,LHE,REVENUE,2026,245297.0,0.0,0.0,0.0,245297.0,fmifiit_fmioi,200000.0,-245297.0,0.0,445297.0,1,4,REVENUE
A210222171,DAR,30,2026,0.0,22666.51,0.0,0.0,-22666.51,fmifiit_fmioi,0.0,0.0,0.0,0.0,0,no_ps_link,30
185GEF0004,UNESCO,11,2026,4941.18,0.0,5400.0,0.0,-458.82,fmifiit_fmioi,0.0,0.0,0.0,0.0,0,no_ps_link,11
507RAF2000,TWA,20,2026,0.0,1619.27,307446.16,0.0,-309065.43,fmifiit_fmioi,13571848.84,-442961.83,0.0,14014810.67,8,2,20
199IAS4141,LHE,TC,2026,0.0,97119.94,5565735.11,61035.8,-61035.8,fmavct_kbfc,3776620.11,19854393.27,294462.06,-16372235.22,19,1,20
3230874211,KAT,10',2026,108.65,0.0,0.0,0.0,108.65,fmifiit_fmioi,0.0,0.0,0.0,0.0,0,no_ps_link,10'
3230872331,WIN,10',2026,304.98,1945.0,0.0,0.0,-1640.02,fmifiit_fmioi,0.0,0.0,0.0,0.0,0,no_ps_link,10'
3230873051,BEI,10',2026,42.16,776.3,0.0,0.0,-734.14,fmifiit_fmioi,0.0,0.0,0.0,0.0,0,no_ps_link,10'
3230872042,ABU,10',2026,53.09,6852.8,0.0,0.0,-6799.71,fmifiit_fmioi,0.0,0.0,0.0,0.0,0,no_ps_link,10'
633CRP4404,ADI,10',2026,7.76,0.0,0.0,0.0,7.76,fmifiit_fmioi,0.0,0.0,0.0,0.0,0,no_ps_link,10'
633CRP1151,STG,40,2026,0.0,0.65,3.45,0.0,-4.1,fmifiit_fmioi,0.0,0.0,0.0,0.0,0,no_ps_link,40
577CHD5000,YAO,TC,2026,2251.41,13389.54,125125.7,57105.51,-54854.1,fmavct_kbfc,192535.4,-97748.59,74599.1,215684.89,5,2,13|20
526PHI1000,JAK,REVENUE,2026,0.0,354323.82,0.0,0.0,-354323.82,fmifiit_fmioi,3047236.72,8811119.28,0.0,-5763882.56,5,1,REVENUE
3210151022,TED,10',2026,12.89,6454.93,0.0,0.0,-6442.04,fmifiit_fmioi,0.0,0.0,0.0,0.0,0,no_ps_link,10'
A230576041,VNI,50,2026,0.0,121.69,0.0,0.0,-121.69,fmifiit_fmioi,0.0,0.0,0.0,0.0,0,no_ps_link,50
650RER6000,VNI,20,2026,0.0,1847.32,565277.83,2145.11,-2145.11,fmavct_kbfc,1188110.15,-372779.26,33.87,1560855.54,37,2,20
3230411051,DRX,20,2026,0.0,18.15,94.7,0.0,-112.85,fmifiit_fmioi,0.0,0.0,0.0,0.0,0,no_ps_link,20
A110113011,SCG,20,2026,0.0,11999.38,23998.76,0.0,-35998.14,fmifiit_fmioi,0.0,0.0,0.0,0.0,0,no_ps_link,20
3210331011,HEQ,10',2026,0.0,1110.9,0.0,0.0,-1110.9,fmifiit_fmioi,0.0,0.0,0.0,0.0,0,no_ps_link,10'
3210221161,HYD,20,2026,0.0,69365.86,320098.09,0.0,-389463.95,fmifiit_fmioi,0.0,0.0,0.0,0.0,0,no_ps_link,20
3210215081,KNG,20,2026,0.0,5000.0,60000.0,0.0,-65000.0,fmifiit_fmioi,0.0,0.0,0.0,0.0,0,no_ps_link,20
537INT2000,DRR,20,2026,0.0,59649.78,476330.05,47138.23,-47138.23,fmavct_kbfc,758990.0,1493541.56,49500.0,-784051.56,3,1,20
A230574041,PNP,50,2026,0.0,286.13,1016.3,0.0,-1302.43,fmifiit_fmioi,0.0,0.0,0.0,0.0,0,no_ps_link,50
537CMB4003,PNP,50,2026,0.0,570.92,1932.75,1458.0,-1458.0,fmavct_kbfc,77981.65,-80638.73,0.0,158620.38,1,2,50
2210121013,E30,10',2026,0.0,401.3,0.0,0.0,-401.3,fmifiit_fmioi,0.0,0.0,0.0,0.0,0,no_ps_link,10'
680DBS3204,DBS,40,2026,0.0,1218.3,160685.56,0.0,-161903.86,fmifiit_fmioi,0.0,0.0,0.0,0.0,0,no_ps_link,40
3210241051,PBS,10',2026,0.0,4245.83,0.0,0.0,-4245.83,fmifiit_fmioi,0.0,0.0,0.0,0.0,0,no_ps_link,10'
633CRP4128,ISB,10',2026,44.0,0.01,0.0,0.0,43.99,fmifiit_fmioi,0.0,0.0,0.0,0.0,0,no_ps_link,10'
821GLO2002,HYD,10',2026,180.73,3125.76,0.0,360154.31,-359973.58,fmavct_kbfc,242914.01,75440.72,0.0,167473.29,1,2,10'
549RER1002,TAI,30,2026,80.79,9507.27,0.0,29837.5,-29756.71,fmavct_kbfc,2257839.12,39879.73,5860.0,2212099.39,9,2,30
3210531022,CHP,20,2026,0.0,7773.12,208955.98,0.0,-216729.1,fmifiit_fmioi,0.0,0.0,0.0,0.0,0,no_ps_link,20
680BSP4202,BSP,50,2026,2064.18,1100.33,0.0,0.0,963.85,fmifiit_fmioi,0.0,0.0,0.0,0.0,0,no_ps_link,50
633CRP1717,DAK,30,2026,0.0,38.35,0.0,0.0,-38.35,fmifiit_fmioi,0.0,0.0,0.0,0.0,0,no_ps_link,30
271AFG4005,KAB,20,2026,0.0,75070.39,1957390.94,0.76,-0.76,fmavct_kbfc,3080907.0,209006.4,0.0,2871900.6,17,2,20
2210521023,MHM,11,2026,0.0,3430.7,6960.0,0.0,-10390.7,fmifiit_fmioi,0.0,0.0,0.0,0.0,0,no_ps_link,11
507IVC1002,ABJ,30,2026,0.0,342.08,0.0,0.0,-342.08,fmifiit_fmioi,99983.92,375299.0,10582.75,-285897.83,1,1,30
A210521031,UCH,20,2026,0.0,118.29,1136.58,0.0,-1254.87,fmifiit_fmioi,0.0,0.0,0.0,0.0,0,no_ps_link,20
637FOR7358,YAO,20,2026,0.0,27961.7,182882.42,0.0,-210844.12,fmifiit_fmioi,0.0,0.0,0.0,0.0,0,no_ps_link,20
A210641011,FEJ,20,2026,0.0,8500.22,17000.44,0.0,-25500.66,fmifiit_fmioi,0.0,0.0,0.0,0.0,0,no_ps_link,20
633CRP1658,YAO,40,2026,0.0,2272.75,62061.68,0.0,-64334.43,fmifiit_fmioi,0.0,0.0,0.0,0.0,0,no_ps_link,40
201BGD1001,DHA,20,2026,0.0,109553.88,6201161.78,4013.56,-4013.56,fmavct_kbfc,9647985.09,44162771.48,23992487.86,-58507274.25,27,1,20
3210184012,BGK,20,2026,0.0,5295.0,108730.6,0.0,-114025.6,fmifiit_fmioi,0.0,0.0,0.0,0.0,0,no_ps_link,20
580GLO1003,ITE,REVENUE,2026,13454.7,0.0,0.0,0.0,13454.7,fmifiit_fmioi,33407.6,383552.43,0.0,-350144.83,1,3,REVENUE
564ITE0028,ITE,REVENUE,2026,13454.7,11938.94,0.0,0.0,1515.76,fmifiit_fmioi,0.0,0.0,0.0,0.0,0,no_ps_link,REVENUE
A230544091,JAK,20,2026,889.63,1029.59,20839.81,0.0,-20979.77,fmifiit_fmioi,0.0,0.0,0.0,0.0,0,no_ps_link,20
526GLO2004,HYD,30,2026,9.02,12112.35,0.0,1957.18,-1948.16,fmavct_kbfc,2915485.78,46995087.95,6776548.0,-50856150.17,20,1,30
3210211061,EES,10',2026,35.84,35.84,0.0,0.0,0.0,fmifiit_fmioi,0.0,0.0,0.0,0.0,0,no_ps_link,10'
3210211141,SCI,10',2026,0.0,1593.48,0.0,0.0,-1593.48,fmifiit_fmioi,0.0,0.0,0.0,0.0,0,no_ps_link,10'
3210452011,HAR,20,2026,0.0,2700.0,85256.54,0.0,-87956.54,fmifiit_fmioi,0.0,0.0,0.0,0.0,0,no_ps_link,20
633CRP7314,BRV,30,2026,0.0,3023.05,0.0,0.0,-3023.05,fmifiit_fmioi,0.0,0.0,0.0,0.0,0,no_ps_link,30
3230841671,NAI,20,2026,0.0,856.9,30730.0,0.0,-31586.9,fmifiit_fmioi,0.0,0.0,0.0,0.0,0,no_ps_link,20
A210272022,KNS,20,2026,0.0,1914.0,3828.0,0.0,-5742.0,fmifiit_fmioi,0.0,0.0,0.0,0.0,0,no_ps_link,20
3230855051,DHA,20,2026,0.0,1237.4,77871.16,0.0,-79108.56,fmifiit_fmioi,0.0,0.0,0.0,0.0,0,no_ps_link,20
641COU9000,CPE,TC,2026,0.0,39.39,0.0,306411.9,-306411.9,fmavct_kbfc,0.0,0.0,0.0,0.0,0,no_ps_link,50
3210514102,TAS,11,2026,0.0,5252.72,254778.2,0.0,-260030.92,fmifiit_fmioi,0.0,0.0,0.0,0.0,0,no_ps_link,11
A230546041,SAR,40,2026,0.0,11320.0,22640.0,0.0,-33960.0,fmifiit_fmioi,0.0,0.0,0.0,0.0,0,no_ps_link,40
A230576031,SAR,20,2026,0.0,1350.0,2700.0,0.0,-4050.0,fmifiit_fmioi,0.0,0.0,0.0,0.0,0,no_ps_link,20
633CRP7322,HAN,50,2026,0.0,32.67,441.06,0.0,-473.73,fmifiit_fmioi,0.0,0.0,0.0,0.0,0,no_ps_link,50
633CRP7322,HAN,40,2026,0.0,3.45,0.0,0.0,-3.45,fmifiit_fmioi,0.0,0.0,0.0,0.0,0,no_ps_link,40
633CRP4658,YAO,11,2026,0.0,281.58,1018.32,0.0,-1299.9,fmifiit_fmioi,0.0,0.0,0.0,0.0,0,no_ps_link,11
A210481071,BIO,10',2026,0.0,1743.48,0.0,0.0,-1743.48,fmifiit_fmioi,0.0,0.0,0.0,0.0,0,no_ps_link,10'
680BSP3302,BSP,20,2026,0.0,86811.4,399967.44,0.0,-486778.84,fmifiit_fmioi,0.0,0.0,0.0,0.0,0,no_ps_link,20
3230875161,POP,10',2026,0.0,1596.12,0.0,0.0,-1596.12,fmifiit_fmioi,0.0,0.0,0.0,0.0,0,no_ps_link,10'
505GLO4000,MHM,20,2026,0.0,136598.79,4245480.88,0.0,-4382079.67,fmifiit_fmioi,4310598.5,-759341.11,130999.0,4938940.61,4,2,20
507IVC1002,ABJ,50,2026,0.0,1138.77,2308.2,0.0,-3446.97,fmifiit_fmioi,99983.92,375299.0,10582.75,-285897.83,1,1,50
3210154062,NDL,50,2026,0.0,704.9,980.85,0.0,-1685.75,fmifiit_fmioi,0.0,0.0,0.0,0.0,0,no_ps_link,50
3210652101,ADI,11,2026,0.0,3000.0,36300.0,0.0,-39300.0,fmifiit_fmioi,0.0,0.0,0.0,0.0,0,no_ps_link,11
218PAL4000,RAM,40,2026,0.0,3185.0,7941.38,100.84,-100.84,fmavct_kbfc,4515651.93,328395.8,32457.0,4154799.13,25,2,40
633CRP3590,BIO,40,2026,0.0,2114.09,8456.36,0.0,-10570.45,fmifiit_fmioi,0.0,0.0,0.0,0.0,0,no_ps_link,40
633CRP3590,BIO,20,2026,0.0,18.15,72.6,0.0,-90.75,fmifiit_fmioi,0.0,0.0,0.0,0.0,0,no_ps_link,20
3230511071,NAI,30,2026,0.0,15.52,0.0,0.0,-15.52,fmifiit_fmioi,0.0,0.0,0.0,0.0,0,no_ps_link,30
406GLO0088,CPE,TC,2026,0.0,4683.85,70422.6,63300.23,-63300.23,fmavct_kbfc,42781.0,2000.0,0.0,40781.0,1,2,20
A210222171,DAR,40,2026,0.0,818.91,1637.82,0.0,-2456.73,fmifiit_fmioi,0.0,0.0,0.0,0.0,0,no_ps_link,40
3210281011,HEQ,20,2026,0.0,13182.03,121693.28,0.0,-134875.31,fmifiit_fmioi,0.0,0.0,0.0,0.0,0,no_ps_link,20
3210451022,BIO,11,2026,0.0,35998.78,220763.4,0.0,-256762.18,fmifiit_fmioi,0.0,0.0,0.0,0.0,0,no_ps_link,11
A210531011,DCE,20,2026,50554.21,1314.35,2628.7,0.0,46611.16,fmifiit_fmioi,0.0,0.0,0.0,0.0,0,no_ps_link,20
3210652131,NAI,50,2026,0.0,72.58,0.0,0.0,-72.58,fmifiit_fmioi,0.0,0.0,0.0,0.0,0,no_ps_link,50
3210622021,DAK,20,2026,0.0,698.16,54654.72,0.0,-55352.88,fmifiit_fmioi,0.0,0.0,0.0,0.0,0,no_ps_link,20
3210513062,RAB,11,2026,0.0,7787.12,15967.76,0.0,-23754.88,fmifiit_fmioi,0.0,0.0,0.0,0.0,0,no_ps_link,11
549GLO3003,BIO,30,2026,0.0,32590.31,0.0,28465.38,-28465.38,fmavct_kbfc,15569847.65,16916006.07,216407.09,-1562565.51,40,1,30
3230836011,BRU,50,2026,0.0,2211.12,211239.92,0.0,-213451.04,fmifiit_fmioi,0.0,0.0,0.0,0.0,0,no_ps_link,50
821GLO0006,AFR,20,2026,0.0,5790.3,36452.25,74273.96,-74273.96,fmavct_kbfc,66419.26,33012.28,4430.35,28976.63,1,2,20
3230833212,YAO,20,2026,0.0,10678.34,135029.97,0.0,-145708.31,fmifiit_fmioi,0.0,0.0,0.0,0.0,0,no_ps_link,20
469GLO2002,BES,30,2026,0.0,1590.42,104000.0,39076.54,-39076.54,fmavct_kbfc,2568467.98,481508.89,3020.0,2083939.09,1,2,30
3310411122,DBS,20,2026,0.0,15086.24,96819.33,0.0,-111905.57,fmifiit_fmioi,0.0,0.0,0.0,0.0,0,no_ps_link,20
GEF,UNESCO,40,2026,0.0,10594.09,0.0,0.0,-10594.09,fmifiit_fmioi,0.0,0.0,0.0,0.0,0,no_ps_link,40
507GLO1039,UNE,13,2026,0.0,81707.67,0.0,0.0,-81707.67,fmifiit_fmioi,409358.09,-465420.41,0.0,874778.5,1,2,13
3210211231,EES,20,2026,0.0,89020.0,374280.0,0.0,-463300.0,fmifiit_fmioi,0.0,0.0,0.0,0.0,0,no_ps_link,20
633CRP7320,DOH,11,2026,0.0,12344.56,24689.12,0.0,-37033.68,fmifiit_fmioi,0.0,0.0,0.0,0.0,0,no_ps_link,11
412RAF0029,AFR,30,2026,0.0,3390.19,0.0,412.55,-412.55,fmavct_kbfc,426150.12,8557291.13,45835.0,-8176976.01,6,1,30
633CRP7345,PNP,40,2026,0.0,250.0,23289.72,0.0,-23539.72,fmifiit_fmioi,0.0,0.0,0.0,0.0,0,no_ps_link,40
3210544142,DHA,20,2026,0.0,1950.36,51119.73,0.0,-53070.09,fmifiit_fmioi,0.0,0.0,0.0,0.0,0,no_ps_link,20
633TFC7343,NDL,20,2026,0.0,77.65,22822.32,0.0,-22899.97,fmifiit_fmioi,0.0,0.0,0.0,0.0,0,no_ps_link,20
A230543081,RAM,20,2026,0.0,2650.85,6380.52,0.0,-9031.37,fmifiit_fmioi,0.0,0.0,0.0,0.0,0,no_ps_link,20
271AFG4004,KAB,20,2026,0.0,871.16,268041.48,0.0,-268912.64,fmifiit_fmioi,467320.15,22838.91,0.0,444481.24,14,2,20
802GLO1005,PLS,20,2026,0.0,6798.43,44259.02,17068.84,-17068.84,fmavct_kbfc,125950.23,118976.31,2849.16,4124.76,1,2,20
3230873042,BAG,10',2026,0.0,1504.0,0.0,0.0,-1504.0,fmifiit_fmioi,0.0,0.0,0.0,0.0,0,no_ps_link,10'
633CRP2222,HAN,13,2026,0.0,38.35,0.0,0.0,-38.35,fmifiit_fmioi,0.0,0.0,0.0,0.0,0,no_ps_link,13
3240114123,PPE,20,2026,0.0,20000.0,80000.0,0.0,-100000.0,fmifiit_fmioi,0.0,0.0,0.0,0.0,0,no_ps_link,20
492GLO9000,BSP,REVENUE,2026,1146771.79,0.0,0.0,0.0,1146771.79,fmifiit_fmioi,0.0,1146771.79,0.0,-1146771.79,1,3,REVENUE
492VNI9000,VNI,REVENUE,2026,1660771.79,0.0,0.0,0.0,1660771.79,fmifiit_fmioi,0.0,-1146771.79,0.0,1146771.79,1,4,REVENUE
3210453041,DOH,20,2026,0.0,2620.75,23857.26,0.0,-26478.01,fmifiit_fmioi,0.0,0.0,0.0,0.0,0,no_ps_link,20
633CRP1608,BAG,50,2026,0.0,95.31,799.21,0.0,-894.52,fmifiit_fmioi,0.0,0.0,0.0,0.0,0,no_ps_link,50
549RAF1001,EPS,50,2026,0.0,469.43,0.0,183.45,-183.45,fmavct_kbfc,6804700.5,-607732.07,7500.0,7404932.57,35,2,50
A210531011,DCE,10',2026,52.77,2322.86,0.0,0.0,-2270.09,fmifiit_fmioi,0.0,0.0,0.0,0.0,0,no_ps_link,10'
198PAS4142,WHC,TC,2026,0.0,136146.4,691262.28,2767.12,-2767.12,fmavct_kbfc,199097.27,115316.0,0.0,83781.27,1,2,20
196EVA4042,WHC,TC,2026,0.0,290195.7,3267791.0,44619.33,-44619.33,fmavct_kbfc,1284715.31,-54418.01,0.0,1339133.32,1,2,20
196EVA4043,WHC,TC,2026,0.0,30262.25,10737.08,6499.97,-6499.97,fmavct_kbfc,51623.0,-130657.66,0.0,182280.66,1,2,10'|11|20
198CSV4142,WHC,TC,2026,0.0,9903.82,156282.08,31123.42,-31123.42,fmavct_kbfc,156315.88,29796.1,1093.14,125426.64,2,2,11|20
680ETH4101,ETH,10',2026,78.36,3067.39,0.0,0.0,-2989.03,fmifiit_fmioi,0.0,0.0,0.0,0.0,0,no_ps_link,10'
216RLA2003,CTG,REVENUE,2026,268874.5,0.0,0.0,0.0,268874.5,fmifiit_fmioi,1251043.26,-391003.41,66672.0,1575374.67,10,4,REVENUE
3230836031,NYO,50,2026,0.0,1860.0,126745.74,0.0,-128605.74,fmifiit_fmioi,0.0,0.0,0.0,0.0,0,no_ps_link,50
3240211051,FEL,50,2026,0.0,1898.32,7593.28,0.0,-9491.6,fmifiit_fmioi,0.0,0.0,0.0,0.0,0,no_ps_link,50
A310712011,SEC,20,2026,0.0,6916.72,37451.78,0.0,-44368.5,fmifiit_fmioi,0.0,0.0,0.0,0.0,0,no_ps_link,20
235GUA1002,GUC,TC,2026,0.0,49720.69,580882.32,6321.6,-6321.6,fmavct_kbfc,1410000.0,142578.78,12000.0,1255421.22,57,2,10'|11|20
3210135041,HAV,10',2026,0.0,120.0,0.0,0.0,-120.0,fmifiit_fmioi,0.0,0.0,0.0,0.0,0,no_ps_link,10'
3210131062,SPM,10',2026,0.0,630.0,0.0,0.0,-630.0,fmifiit_fmioi,0.0,0.0,0.0,0.0,0,no_ps_link,10'
633CRP1341,MXC,10',2026,59.97,1840.39,0.0,0.0,-1780.42,fmifiit_fmioi,0.0,0.0,0.0,0.0,0,no_ps_link,10'
633CRP1350,SJO,30,2026,92.57,2311.47,0.0,0.0,-2218.9,fmifiit_fmioi,0.0,0.0,0.0,0.0,0,no_ps_link,30
A230542091,DAK,20,2026,0.0,25556.92,89641.25,0.0,-115198.17,fmifiit_fmioi,0.0,0.0,0.0,0.0,0,no_ps_link,20
A230572101,DAK,20,2026,0.0,27923.45,111937.08,0.0,-139860.53,fmifiit_fmioi,0.0,0.0,0.0,0.0,0,no_ps_link,20
570RLA2001,EES,50,2026,0.0,52.6,22475.36,3054.0,-3054.0,fmavct_kbfc,11460664.48,1341798.03,30302.0,10088564.45,36,2,50
A230544031,BGK,20,2026,0.0,4213.05,8544.84,0.0,-12757.89,fmifiit_fmioi,0.0,0.0,0.0,0.0,0,no_ps_link,20
525JOR1001,AMN,40,2026,0.0,70.62,32205.52,752.13,-752.13,fmavct_kbfc,5785487.7,-2427757.31,80464.0,8132781.01,7,2,40
513GLO2052,IOC,30,2026,1484.74,72010.37,0.0,0.0,-70525.63,fmifiit_fmioi,3854961.72,221107.31,0.0,3633854.41,21,2,30
809GLO1007,MAP,10',2026,0.0,1922.48,0.0,160704.39,-160704.39,fmavct_kbfc,148669.0,30414.33,0.0,118254.67,1,2,10'
A210312011,IOC,30,2026,237.27,31162.99,0.0,0.0,-30925.72,fmifiit_fmioi,0.0,0.0,0.0,0.0,0,no_ps_link,30
3210251022,PBS,40,2026,0.0,2951.56,2948.94,0.0,-5900.5,fmifiit_fmioi,0.0,0.0,0.0,0.0,0,no_ps_link,40
3210541021,LHE,11,2026,0.0,4928.81,354825.98,0.0,-359754.79,fmifiit_fmioi,0.0,0.0,0.0,0.0,0,no_ps_link,11
182GLO4041,DCE,20,2026,0.0,39734.44,2273533.68,60.49,-60.49,fmavct_kbfc,2229312.26,155679.7,16227.0,2057405.56,41,2,20
633CRP1149,RAM,50,2026,0.0,185.67,0.0,0.0,-185.67,fmifiit_fmioi,0.0,0.0,0.0,0.0,0,no_ps_link,50
3210241012,PBS,50,2026,0.0,37504.53,0.0,0.0,-37504.53,fmifiit_fmioi,0.0,0.0,0.0,0.0,0,no_ps_link,50
A210231031,HYD,50,2026,0.0,3.0,0.0,0.0,-3.0,fmifiit_fmioi,0.0,0.0,0.0,0.0,0,no_ps_link,50
633CRP2190,EES,50,2026,0.0,1.0,0.0,0.0,-1.0,fmifiit_fmioi,0.0,0.0,0.0,0.0,0,no_ps_link,50
A210281011,PBS,50,2026,0.0,72.1,0.0,0.0,-72.1,fmifiit_fmioi,0.0,0.0,0.0,0.0,0,no_ps_link,50
3210551062,CEP,50,2026,0.0,51.0,0.0,0.0,-51.0,fmifiit_fmioi,0.0,0.0,0.0,0.0,0,no_ps_link,50
A210641021,IEO,50,2026,3091.67,842.4,0.0,0.0,2249.27,fmifiit_fmioi,0.0,0.0,0.0,0.0,0,no_ps_link,50
633CRP3291,HEO,50,2026,0.0,16.0,0.0,0.0,-16.0,fmifiit_fmioi,0.0,0.0,0.0,0.0,0,no_ps_link,50
A230211011,GEN,50,2026,6716.33,8.0,0.0,0.0,6708.33,fmifiit_fmioi,0.0,0.0,0.0,0.0,0,no_ps_link,50
402EGY4003,WHC,11,2026,0.0,2000.0,33764.0,0.0,-35764.0,fmifiit_fmioi,349532.02,2454179.2,0.0,-2104647.18,15,1,11
3210513071,CAI,20,2026,0.0,4050.1,109724.24,0.0,-113774.34,fmifiit_fmioi,0.0,0.0,0.0,0.0,0,no_ps_link,20
A210521082,WHC,20,2026,0.0,24668.0,58086.15,0.0,-82754.15,fmifiit_fmioi,0.0,0.0,0.0,0.0,0,no_ps_link,20
3210541021,LHE,30,2026,4424.16,0.0,0.0,0.0,4424.16,fmifiit_fmioi,0.0,0.0,0.0,0.0,0,no_ps_link,30
469GLO2005,PCB,30,2026,196.18,4501.82,0.0,22044.62,-21848.44,fmavct_kbfc,3059160.2,422970.05,0.0,2636190.15,6,2,30
270MLI2006,BAM,REVENUE,2026,0.0,177907.78,0.0,0.0,-177907.78,fmifiit_fmioi,611989.83,309259.38,270854.0,31876.45,56,2,REVENUE
270MLI2000,BAM,REVENUE,2026,0.0,251576.41,0.0,0.0,-251576.41,fmifiit_fmioi,78572.28,347614.81,0.0,-269042.53,30,1,REVENUE
270MLI2002,BAM,REVENUE,2026,0.0,25401.28,0.0,0.0,-25401.28,fmifiit_fmioi,258445.35,121467.82,68000.0,68977.53,21,2,REVENUE
270MLI2007,BAM,REVENUE,2026,0.0,25154.67,0.0,0.0,-25154.67,fmifiit_fmioi,145958.19,269736.23,0.0,-123778.04,29,1,REVENUE
270MLI2003,BAM,REVENUE,2026,0.0,46428.3,0.0,0.0,-46428.3,fmifiit_fmioi,305791.8,338171.02,0.0,-32379.22,30,1,REVENUE
270MLI2004,BAM,REVENUE,2026,0.0,42489.76,0.0,0.0,-42489.76,fmifiit_fmioi,112595.34,234535.25,0.0,-121939.91,46,1,REVENUE
270MLI2005,BAM,REVENUE,2026,0.0,53871.02,0.0,0.0,-53871.02,fmifiit_fmioi,48551.1,99162.94,0.0,-50611.84,34,1,REVENUE
270MLI2001,BAM,REVENUE,2026,0.0,22075.69,0.0,0.0,-22075.69,fmifiit_fmioi,783933.51,92891.81,0.0,691041.7,58,2,REVENUE
270MLI2008,BAM,REVENUE,2026,0.0,23336.28,0.0,0.0,-23336.28,fmifiit_fmioi,24007.86,68522.16,0.0,-44514.3,30,1,REVENUE
3210561101,MON,10',2026,0.0,4921.08,0.0,0.0,-4921.08,fmifiit_fmioi,0.0,0.0,0.0,0.0,0,no_ps_link,10'
3210221161,HYD,50,2026,133.85,21.24,0.0,0.0,112.61,fmifiit_fmioi,0.0,0.0,0.0,0.0,0,no_ps_link,50
3210581012,HEQ,10',2026,0.0,1002.85,0.0,0.0,-1002.85,fmifiit_fmioi,0.0,0.0,0.0,0.0,0,no_ps_link,10'
521STM0001,STM,10',2026,194.44,15577.55,0.0,0.0,-15383.11,fmifiit_fmioi,0.0,0.0,0.0,0.0,0,no_ps_link,10'
825RAB4000,WHC,10',2026,0.0,944.99,0.0,12513.84,-12513.84,fmavct_kbfc,208525.14,-56919.22,0.0,265444.36,1,2,10'
406HAI0002,POP,TC,2026,6.04,48611.12,77941.0,0.0,-126546.08,fmifiit_fmioi,50000.0,133910.0,0.0,-83910.0,1,1,10'|13|20|40|50
507IVC1002,ABJ,20,2026,0.0,64031.65,161061.88,0.0,-225093.53,fmifiit_fmioi,99983.92,375299.0,10582.75,-285897.83,1,1,20
549RER5005,VNI,30,2026,0.0,9305.0,0.0,628.07,-628.07,fmavct_kbfc,8441586.01,-547364.86,20074.0,8968876.87,16,2,30
807SWE9090,DCO,REVENUE,2026,0.0,15821.83,0.0,0.0,-15821.83,fmifiit_fmioi,0.0,15821.83,0.0,-15821.83,1,1,REVENUE
A110111051,SCG,50,2026,0.0,3904.67,0.0,0.0,-3904.67,fmifiit_fmioi,0.0,0.0,0.0,0.0,0,no_ps_link,50
633CRP1151,STG,50,2026,57.31,113.54,0.0,0.0,-56.23,fmifiit_fmioi,0.0,0.0,0.0,0.0,0,no_ps_link,50
A210521021,WHC,20,2026,0.0,2031.25,56472.09,0.0,-58503.34,fmifiit_fmioi,0.0,0.0,0.0,0.0,0,no_ps_link,20
3210141022,YLS,30,2026,0.0,89.18,0.0,0.0,-89.18,fmifiit_fmioi,0.0,0.0,0.0,0.0,0,no_ps_link,30
A230575051,LIM,50,2026,0.0,6220.0,12440.0,0.0,-18660.0,fmifiit_fmioi,0.0,0.0,0.0,0.0,0,no_ps_link,50
3210516051,MTD,20,2026,0.0,498.46,16825.72,0.0,-17324.18,fmifiit_fmioi,0.0,0.0,0.0,0.0,0,no_ps_link,20
3210526031,MTD,20,2026,0.0,622.49,2489.96,0.0,-3112.45,fmifiit_fmioi,0.0,0.0,0.0,0.0,0,no_ps_link,20
3210536011,MTD,20,2026,0.0,540.32,5233.22,0.0,-5773.54,fmifiit_fmioi,0.0,0.0,0.0,0.0,0,no_ps_link,20
3210546011,MTD,20,2026,0.0,1.5,4006.0,0.0,-4007.5,fmifiit_fmioi,0.0,0.0,0.0,0.0,0,no_ps_link,20
549GRE3000,MTF,20,2026,0.0,29601.42,295128.16,50265.29,-50265.29,fmavct_kbfc,774945.98,75447.82,34414.0,665084.16,1,2,20
570GLO2032,IOC,TC,2026,0.0,87164.42,822366.72,1183.55,-1183.55,fmavct_kbfc,1835054.38,37508.0,0.0,1797546.38,14,2,20
537GLO3001,BIO,50,2026,0.0,173.22,0.0,236020.36,-236020.36,fmavct_kbfc,375263.18,-385733.48,51266.01,709730.65,1,2,50
637FOR7323,HAR,10',2026,0.0,6198.28,0.0,0.0,-6198.28,fmifiit_fmioi,0.0,0.0,0.0,0.0,0,no_ps_link,10'
637FOR7314,BRV,REVENUE,2026,0.0,1830.02,0.0,0.0,-1830.02,fmifiit_fmioi,0.0,0.0,0.0,0.0,0,no_ps_link,REVENUE
2210515012,VNI,20,2026,0.0,11330.28,262196.79,0.0,-273527.07,fmifiit_fmioi,0.0,0.0,0.0,0.0,0,no_ps_link,20
534SUD4000,KHA,20,2026,0.0,66444.48,300767.8,21733.33,-21733.33,fmavct_kbfc,1045472.65,24545471.9,0.0,-23499999.25,26,1,20
A230141011,AFR,20,2026,0.0,1034.43,686.6,0.0,-1721.03,fmifiit_fmioi,0.0,0.0,0.0,0.0,0,no_ps_link,20
570RAS4008,JAK,REVENUE,2026,128518.07,0.0,0.0,0.0,128518.07,fmifiit_fmioi,351091.78,1724997.69,0.0,-1373905.91,4,3,REVENUE
804JPN9090,DCO,REVENUE,2026,485473.0,0.0,0.0,0.0,485473.0,fmifiit_fmioi,0.0,126058.0,0.0,-126058.0,1,3,REVENUE
551GLO0031,BSP,REVENUE,2026,342246.0,0.0,0.0,0.0,342246.0,fmifiit_fmioi,143720.0,-342246.0,0.0,485966.0,1,4,REVENUE
567RAF1006,BAM,REVENUE,2026,33333.0,0.0,0.0,0.0,33333.0,fmifiit_fmioi,110187.46,-33333.0,0.0,143520.46,8,4,REVENUE
567THA1001,BGK,REVENUE,2026,200000.0,0.0,0.0,0.0,200000.0,fmifiit_fmioi,421001.48,-200000.0,0.0,621001.48,6,4,REVENUE
567GAB2000,LBV,REVENUE,2026,178218.0,0.0,0.0,0.0,178218.0,fmifiit_fmioi,654012.0,-165700.0,2276.0,817436.0,9,4,REVENUE
567NIR2000,ABU,REVENUE,2026,53333.0,0.0,0.0,0.0,53333.0,fmifiit_fmioi,141191.0,-53333.0,0.0,194524.0,7,4,REVENUE
567YEM2001,DOH,REVENUE,2026,126666.0,0.0,0.0,0.0,126666.0,fmifiit_fmioi,337577.0,-126666.0,0.0,464243.0,12,4,REVENUE
567PAL1002,RAM,REVENUE,2026,930693.0,0.0,0.0,0.0,930693.0,fmifiit_fmioi,3202994.37,-930693.0,0.0,4133687.37,25,4,REVENUE
580GLO1008,ITE,REVENUE,2026,49657.02,0.0,0.0,0.0,49657.02,fmifiit_fmioi,45412.84,-339703.65,0.0,385116.49,1,4,REVENUE
567VIE2000,HAN,REVENUE,2026,533333.0,0.0,0.0,0.0,533333.0,fmifiit_fmioi,1122193.0,-533333.0,0.0,1655526.0,7,4,REVENUE
567MOV5000,FMD,REVENUE,2026,240000.0,0.0,0.0,0.0,240000.0,fmifiit_fmioi,480342.0,-240000.0,0.0,720342.0,10,4,REVENUE
567UKR1002,IEV,REVENUE,2026,1316933.0,0.0,0.0,0.0,1316933.0,fmifiit_fmioi,3288744.59,-1316318.6,0.0,4605063.19,11,4,REVENUE
567UKR4002,IEV,REVENUE,2026,1549334.0,0.0,0.0,0.0,1549334.0,fmifiit_fmioi,4416402.68,-1548650.59,0.0,5965053.27,11,4,REVENUE
567UKR5002,IEV,REVENUE,2026,1007066.0,0.0,0.0,0.0,1007066.0,fmifiit_fmioi,2196859.52,-1006658.64,0.0,3203518.16,13,4,REVENUE
567SOM4000,NAI,REVENUE,2026,100000.0,0.0,0.0,0.0,100000.0,fmifiit_fmioi,355772.36,-100000.0,0.0,455772.36,14,4,REVENUE
567IRQ1007,BAG,REVENUE,2026,105610.0,0.0,0.0,0.0,105610.0,fmifiit_fmioi,0.0,-105610.0,0.0,105610.0,11,4,REVENUE
567SUD4000,KHA,REVENUE,2026,105610.0,0.0,0.0,0.0,105610.0,fmifiit_fmioi,0.0,-105610.0,0.0,105610.0,13,4,REVENUE
680ADM4102,ADM,11,2026,0.0,768.2,3221.52,0.0,-3989.72,fmifiit_fmioi,0.0,0.0,0.0,0.0,0,no_ps_link,11
633CRP7323,HAR,20,2026,0.0,1294.99,0.0,0.0,-1294.99,fmifiit_fmioi,0.0,0.0,0.0,0.0,0,no_ps_link,20
637FOR7340,MTD,REVENUE,2026,0.0,7187.81,0.0,0.0,-7187.81,fmifiit_fmioi,0.0,0.0,0.0,0.0,0,no_ps_link,REVENUE
804RAS4000,WHC,REVENUE,2026,143227.0,0.0,0.0,0.0,143227.0,fmifiit_fmioi,224650.0,-270036.69,0.0,494686.69,1,4,REVENUE
567TUR2001,VNI,REVENUE,2026,53333.0,0.0,0.0,0.0,53333.0,fmifiit_fmioi,127858.0,-53333.0,0.0,181191.0,11,4,REVENUE
538GLO2000,EES,20,2026,0.0,3906.97,1336406.56,0.0,-1340313.53,fmifiit_fmioi,4684936.94,1251663.6,0.0,3433273.34,27,2,20
185GEF0006,BFM,20,2026,0.0,11357.41,22714.82,0.0,-34072.23,fmifiit_fmioi,0.0,0.0,0.0,0.0,0,no_ps_link,20
A230545491,QUI,40,2026,0.0,2166.16,7444.62,0.0,-9610.78,fmifiit_fmioi,0.0,0.0,0.0,0.0,0,no_ps_link,40
A230544091,JAK,40,2026,0.0,143999.8,287552.44,0.0,-431552.24,fmifiit_fmioi,0.0,0.0,0.0,0.0,0,no_ps_link,40
633CRP7333,KAT,40,2026,0.0,1359.35,7071.45,0.0,-8430.8,fmifiit_fmioi,0.0,0.0,0.0,0.0,0,no_ps_link,40
3210154092,BEJ,20,2026,0.0,6877.9,27555.8,0.0,-34433.7,fmifiit_fmioi,0.0,0.0,0.0,0.0,0,no_ps_link,20
A230544101,KAB,40,2026,0.0,49566.19,17710.0,0.0,-67276.19,fmifiit_fmioi,0.0,0.0,0.0,0.0,0,no_ps_link,40
A230574111,DHA,20,2026,0.0,360.79,1674.02,0.0,-2034.81,fmifiit_fmioi,0.0,0.0,0.0,0.0,0,no_ps_link,20
3230511061,ACR,50,2026,0.0,1095.75,0.0,0.0,-1095.75,fmifiit_fmioi,0.0,0.0,0.0,0.0,0,no_ps_link,50
406RAB5001,CAI,11,2026,0.0,2000.0,15429.0,14070.31,-14070.31,fmavct_kbfc,38516.76,10790.19,218.05,27508.52,1,2,11
534PAL4001,RAM,20,2026,0.0,14240.0,69767.84,6275.44,-6275.44,fmavct_kbfc,384249.48,12250.0,15500.0,356499.48,15,2,20
A210233011,RAB,30,2026,0.0,8330.77,0.0,0.0,-8330.77,fmifiit_fmioi,0.0,0.0,0.0,0.0,0,no_ps_link,30
A230575111,STG,20,2026,0.0,32679.84,141187.52,0.0,-173867.36,fmifiit_fmioi,0.0,0.0,0.0,0.0,0,no_ps_link,20
32106B1011,IDT,11,2026,0.0,1923.88,106085.22,0.0,-108009.1,fmifiit_fmioi,0.0,0.0,0.0,0.0,0,no_ps_link,11
3210651041,IDT,11,2026,0.0,1000.0,106320.3,0.0,-107320.3,fmifiit_fmioi,0.0,0.0,0.0,0.0,0,no_ps_link,11
A210315011,IOC,20,2026,0.0,2808.21,0.0,0.0,-2808.21,fmifiit_fmioi,0.0,0.0,0.0,0.0,0,no_ps_link,20
3210511021,WHC,10',2026,45.01,136.0,0.0,0.0,-90.99,fmifiit_fmioi,0.0,0.0,0.0,0.0,0,no_ps_link,10'
498GLO4000,ICD,REVENUE,2026,300000.0,0.0,0.0,0.0,300000.0,fmifiit_fmioi,672270.29,-378727.3,0.0,1050997.59,4,4,REVENUE
567RAF1007,ADI,REVENUE,2026,133333.0,0.0,0.0,0.0,133333.0,fmifiit_fmioi,0.0,-133333.0,0.0,133333.0,16,4,REVENUE
570MEX4000,MXC,20,2026,0.0,14489.69,148324.34,30529.39,-30529.39,fmavct_kbfc,1331998.42,2923956.5,15638.35,-1607596.43,5,1,20
633CRP4606,SUV,20,2026,0.0,170.67,3000.0,0.0,-3170.67,fmifiit_fmioi,0.0,0.0,0.0,0.0,0,no_ps_link,20
308GLO4142,DCE,REVENUE,2026,3274994.88,0.0,0.0,0.0,3274994.88,fmifiit_fmioi,4940385.82,1755417.92,13200.0,3171767.9,48,4,REVENUE
308GLO4143,DCE,REVENUE,2026,3274994.88,0.0,0.0,0.0,3274994.88,fmifiit_fmioi,5359695.35,-3206223.47,0.0,8565918.82,46,4,REVENUE
3210134072,BEJ,11,2026,0.0,10100.0,34000.0,0.0,-44100.0,fmifiit_fmioi,0.0,0.0,0.0,0.0,0,no_ps_link,11
3230833212,YAO,40,2026,0.0,986.58,9133.32,0.0,-10119.9,fmifiit_fmioi,0.0,0.0,0.0,0.0,0,no_ps_link,40
3210211141,SCI,40,2026,0.0,1422.05,5687.84,0.0,-7109.89,fmifiit_fmioi,0.0,0.0,0.0,0.0,0,no_ps_link,40
634SAI9001,CLD,20,2026,0.0,5204.12,25076.12,0.0,-30280.24,fmifiit_fmioi,0.0,0.0,0.0,0.0,0,no_ps_link,20
3210211141,SCI,50,2026,0.0,10.27,41.08,0.0,-51.35,fmifiit_fmioi,0.0,0.0,0.0,0.0,0,no_ps_link,50
3210231011,SDS,50,2026,0.0,47.34,189.36,0.0,-236.7,fmifiit_fmioi,0.0,0.0,0.0,0.0,0,no_ps_link,50
3210464012,BGK,10',2026,38.88,530.84,0.0,0.0,-491.96,fmifiit_fmioi,0.0,0.0,0.0,0.0,0,no_ps_link,10'
3310731011,HEQ,20,2026,0.0,15914.26,63677.14,0.0,-79591.4,fmifiit_fmioi,0.0,0.0,0.0,0.0,0,no_ps_link,20
551GLO0030,BSP,20,2026,0.0,5696.37,13413.5,5777.31,-5777.31,fmavct_kbfc,325882.72,-80173.42,1010.38,405045.76,1,2,20
637FOR7318,DAR,50,2026,0.0,44132.66,126331.02,0.0,-170463.68,fmifiit_fmioi,0.0,0.0,0.0,0.0,0,no_ps_link,50
469GLO1003,BAS,50,2026,301.06,250.96,0.0,14480.89,-14179.83,fmavct_kbfc,682983.99,-439461.05,0.0,1122445.04,2,2,50
808GLO2003,IOC,REVENUE,2026,172328.0,0.0,0.0,0.0,172328.0,fmifiit_fmioi,128652.0,-172328.0,0.0,300980.0,1,4,REVENUE
A110111031,SCX,BRSTAT,2026,0.0,3498.7,0.0,0.0,-3498.7,fmifiit_fmioi,0.0,0.0,0.0,0.0,0,no_ps_link,BRSTAT
A110111031,SCX,13,2026,5565.51,58315.64,0.0,0.0,-52750.13,fmifiit_fmioi,0.0,0.0,0.0,0.0,0,no_ps_link,13
A110111031,SCX,CDSP,2026,0.0,3498.74,0.0,0.0,-3498.74,fmifiit_fmioi,0.0,0.0,0.0,0.0,0,no_ps_link,CDSP
A230541021,ADM,50,2026,0.0,1989.29,0.0,0.0,-1989.29,fmifiit_fmioi,0.0,0.0,0.0,0.0,0,no_ps_link,50
680ADM4103,ADM,11,2026,0.0,16800.0,53700.0,0.0,-70500.0,fmifiit_fmioi,0.0,0.0,0.0,0.0,0,no_ps_link,11
198CAP4243,WHC,TC,2026,2808.51,23408.56,5240.0,1431.97,1376.54,fmavct_kbfc,614200.0,2731.02,0.0,611468.98,8,4,10'|11|13|20
633CRP3291,HEO,20,2026,755.96,0.0,0.0,0.0,755.96,fmifiit_fmioi,0.0,0.0,0.0,0.0,0,no_ps_link,20
633CRP2191,SEO,20,2026,622.09,4711.76,9437.26,0.0,-13526.93,fmifiit_fmioi,0.0,0.0,0.0,0.0,0,no_ps_link,20
2210512043,WHC,50,2026,506.49,0.0,0.0,0.0,506.49,fmifiit_fmioi,0.0,0.0,0.0,0.0,0,no_ps_link,50
A230111021,COR,13,2026,29890.62,1235.6,0.0,0.0,28655.02,fmifiit_fmioi,0.0,0.0,0.0,0.0,0,no_ps_link,13
680ADM4102,ADM,13,2026,2302.02,9852.88,0.0,0.0,-7550.86,fmifiit_fmioi,0.0,0.0,0.0,0.0,0,no_ps_link,13
2230411072,RMS,13,2026,2302.02,0.0,0.0,0.0,2302.02,fmifiit_fmioi,0.0,0.0,0.0,0.0,0,no_ps_link,13
633CRP1135,KNG,11,2026,0.0,3500.0,16000.0,0.0,-19500.0,fmifiit_fmioi,0.0,0.0,0.0,0.0,0,no_ps_link,11
633CRP1608,BAG,11,2026,0.0,5899.0,22142.0,0.0,-28041.0,fmifiit_fmioi,0.0,0.0,0.0,0.0,0,no_ps_link,11
A230543021,BAG,20,2026,0.0,6060.69,12121.38,0.0,-18182.07,fmifiit_fmioi,0.0,0.0,0.0,0.0,0,no_ps_link,20
2210554032,BEJ,10',2026,41.5,228.6,0.0,0.0,-187.1,fmifiit_fmioi,0.0,0.0,0.0,0.0,0,no_ps_link,10'
633TFC7311,BEJ,10',2026,79.47,2248.14,0.0,0.0,-2168.67,fmifiit_fmioi,0.0,0.0,0.0,0.0,0,no_ps_link,10'
235RSS3000,JUB,40,2026,0.0,13984.0,78239.0,12423.82,-12423.82,fmavct_kbfc,3133712.46,406683.82,0.0,2727028.64,33,2,40
235RSS5000,JUB,40,2026,0.0,30.8,56883.22,17715.33,-17715.33,fmavct_kbfc,1027315.5,58166.78,471.39,968677.33,12,2,40
567AFG4000,KAB,40,2026,0.0,1200.0,74849.68,1605.23,-1605.23,fmavct_kbfc,7881565.36,849895.79,52487.71,6979181.86,15,2,40
3210523021,DOH,10',2026,0.0,346.04,0.0,0.0,-346.04,fmifiit_fmioi,0.0,0.0,0.0,0.0,0,no_ps_link,10'
3230835091,JAK,20,2026,889.63,889.63,126820.12,0.0,-126820.12,fmifiit_fmioi,0.0,0.0,0.0,0.0,0,no_ps_link,20
A230211011,GEN,13,2026,10421.91,1434.21,0.0,0.0,8987.7,fmifiit_fmioi,0.0,0.0,0.0,0.0,0,no_ps_link,13
633CRP3591,SHS,13,2026,500.28,0.0,0.0,0.0,500.28,fmifiit_fmioi,0.0,0.0,0.0,0.0,0,no_ps_link,13
520GLO0001,OPS,TC,2026,0.0,121196.67,2861912.88,2768.71,-2768.71,fmavct_kbfc,2325742.52,-1103537.16,104800.0,3324479.68,5,2,20|40
A210231011,HYD,50,2026,805.04,0.0,0.0,0.0,805.04,fmifiit_fmioi,0.0,0.0,0.0,0.0,0,no_ps_link,50
3230834451,KHA,40,2026,0.0,430.3,142368.54,0.0,-142798.84,fmifiit_fmioi,0.0,0.0,0.0,0.0,0,no_ps_link,40
A230576041,VNI,20,2026,0.0,1491.78,5967.13,0.0,-7458.91,fmifiit_fmioi,0.0,0.0,0.0,0.0,0,no_ps_link,20
633TFC7343,NDL,50,2026,0.0,409.58,738.32,0.0,-1147.9,fmifiit_fmioi,0.0,0.0,0.0,0.0,0,no_ps_link,50
355GLO5008,IPD,TC,2026,0.0,131840.06,517742.93,589.98,-589.98,fmavct_kbfc,1334735.44,-191275.0,26250.0,1499760.44,19,2,20
570TUN4001,RAB,50,2026,0.0,1028.39,0.0,191.5,-191.5,fmavct_kbfc,275229.0,128126.77,410.0,146692.23,1,2,50
580GLO1007,ITE,PC,2026,115.31,1621.67,0.0,59106.0,-58990.69,fmavct_kbfc,51555.56,1736.98,0.0,49818.58,1,2,10'
406GLO3009,MTF,TC,2026,0.0,17007.1,35439.52,4401.11,-4401.11,fmavct_kbfc,17720.0,-11562.0,0.0,29282.0,1,2,11
580GLO1005,ITE,PC,2026,160.9,2852.38,35456.0,13.49,147.41,fmavct_kbfc,45486.19,2737.07,0.0,42749.12,1,4,10'|11
3210421091,SHS,20,2026,0.0,1562.8,12345.3,0.0,-13908.1,fmifiit_fmioi,0.0,0.0,0.0,0.0,0,no_ps_link,20
549RER1002,TAI,20,2026,0.0,67662.29,473415.77,293.05,-293.05,fmavct_kbfc,2257839.12,39879.73,5860.0,2212099.39,9,2,20
3210213051,RAB,10',2026,0.0,876.33,0.0,0.0,-876.33,fmifiit_fmioi,0.0,0.0,0.0,0.0,0,no_ps_link,10'
3210221021,HYD,20,2026,0.0,2000.0,134141.78,0.0,-136141.78,fmifiit_fmioi,0.0,0.0,0.0,0.0,0,no_ps_link,20
3230836041,VNI,40,2026,0.0,671.66,33576.16,0.0,-34247.82,fmifiit_fmioi,0.0,0.0,0.0,0.0,0,no_ps_link,40
A110113021,SCG,20,2026,0.0,2074.94,4149.88,0.0,-6224.82,fmifiit_fmioi,0.0,0.0,0.0,0.0,0,no_ps_link,20
549RER4009,VNI,40,2026,0.0,5823.56,13960.4,56193.98,-56193.98,fmavct_kbfc,11787094.36,-540263.02,81836.0,12245521.38,47,2,40
570MLI4002,BAM,50,2026,0.0,3935.72,7872.1,10300.0,-10300.0,fmavct_kbfc,1247049.32,846630.76,17584.4,382834.16,54,2,50
3210541011,EVA,10',2026,0.0,7373.69,0.0,0.0,-7373.69,fmifiit_fmioi,0.0,0.0,0.0,0.0,0,no_ps_link,10'
927CMR5001,YAO,20,2026,0.0,36612.19,494069.89,45198.38,-45198.38,fmavct_kbfc,6914313.88,635575.47,116428.97,6162309.44,32,2,20
125GEF0000,UNESCO,40,2026,0.0,484.56,0.0,0.0,-484.56,fmifiit_fmioi,0.0,0.0,0.0,0.0,1,2,40
3210251021,PBS,30,2026,0.0,1690.13,0.0,0.0,-1690.13,fmifiit_fmioi,0.0,0.0,0.0,0.0,0,no_ps_link,30
633CRP7337,LBV,40,2026,0.0,334.66,428.72,0.0,-763.38,fmifiit_fmioi,0.0,0.0,0.0,0.0,0,no_ps_link,40
199CLS4142,LHE,TC,2026,0.0,13600.0,311800.0,78046.57,-78046.57,fmavct_kbfc,386685.08,30047.37,13600.0,343037.71,1,2,20
633CRP7341,MXC,50,2026,0.0,656.66,2632.2,0.0,-3288.86,fmifiit_fmioi,0.0,0.0,0.0,0.0,0,no_ps_link,50
680ETH4101,ETH,20,2026,0.0,2560.0,5541.16,0.0,-8101.16,fmifiit_fmioi,0.0,0.0,0.0,0.0,0,no_ps_link,20
2230862011,BEJ,50,2026,0.0,421.8,0.0,0.0,-421.8,fmifiit_fmioi,0.0,0.0,0.0,0.0,0,no_ps_link,50
3210233031,NDL,20,2026,0.0,16.92,13111.68,0.0,-13128.6,fmifiit_fmioi,0.0,0.0,0.0,0.0,0,no_ps_link,20
633CRP4142,NAI,50,2026,0.0,1159.46,3355.06,0.0,-4514.52,fmifiit_fmioi,0.0,0.0,0.0,0.0,0,no_ps_link,50
537RAS4002,BGK,PC,2026,401.73,19661.18,110336.0,177875.19,-177473.46,fmavct_kbfc,458715.0,168776.42,18754.0,271184.58,1,2,10'|11
3230873172,RAM,10',2026,0.0,9660.59,0.0,0.0,-9660.59,fmifiit_fmioi,0.0,0.0,0.0,0.0,0,no_ps_link,10'
A210221071,EES,11,2026,0.0,2409.64,11289.15,0.0,-13698.79,fmifiit_fmioi,0.0,0.0,0.0,0.0,0,no_ps_link,11
537RAS5001,BGK,20,2026,0.0,104450.32,178190.46,17046.9,-17046.9,fmavct_kbfc,551559.0,2323994.17,0.0,-1772435.17,1,1,20
727VIE1004,HAN,REVENUE,2026,1054000.0,0.0,0.0,0.0,1054000.0,fmifiit_fmioi,1470980.0,-1054000.0,0.0,2524980.0,8,4,REVENUE
727VIE1005,HAN,REVENUE,2026,73780.0,0.0,0.0,0.0,73780.0,fmifiit_fmioi,0.0,-73780.0,0.0,73780.0,1,4,REVENUE
507GLO1037,PLS,REVENUE,2026,22940.0,0.0,0.0,0.0,22940.0,fmifiit_fmioi,473114.1,554887.79,0.0,-81773.69,1,3,REVENUE
537GLO0001,BSP,REVENUE,2026,203042.0,0.0,0.0,0.0,203042.0,fmifiit_fmioi,506911.0,-546985.95,0.0,1053896.95,1,4,REVENUE
570MLI4003,BAM,REVENUE,2026,366000.0,0.0,0.0,0.0,366000.0,fmifiit_fmioi,1343119.28,-366000.0,0.0,1709119.28,53,4,REVENUE
526GLO5000,DHE,REVENUE,2026,100000.0,0.0,0.0,0.0,100000.0,fmifiit_fmioi,317889.9,-76039.17,0.0,393929.07,4,4,REVENUE
3210181012,TAI,11,2026,0.0,5478.66,65640.18,0.0,-71118.84,fmifiit_fmioi,0.0,0.0,0.0,0.0,0,no_ps_link,11
633TFC7334,KHA,20,2026,0.0,123.0,13677.14,0.0,-13800.14,fmifiit_fmioi,0.0,0.0,0.0,0.0,0,no_ps_link,20
203RLA1000,STG,REVENUE,2026,0.0,17707.85,0.0,0.0,-17707.85,fmifiit_fmioi,179546.82,17707.85,0.0,161838.97,8,2,REVENUE
469GLO1000,HED,11,2026,0.0,23651.93,50074.96,35472.97,-35472.97,fmavct_kbfc,789349.38,74417.32,0.0,714932.06,2,2,11
A210474021,NDL,20,2026,0.0,902.52,4209.48,0.0,-5112.0,fmifiit_fmioi,0.0,0.0,0.0,0.0,0,no_ps_link,20
633CRP1110,BEI,40,2026,0.0,56.18,214.0,0.0,-270.18,fmifiit_fmioi,0.0,0.0,0.0,0.0,0,no_ps_link,40
201CMR1004,YAO,20,2026,0.0,93328.19,2302044.32,91803.35,-91803.35,fmavct_kbfc,7262552.39,-304261.9,0.0,7566814.29,23,2,20
3230833801,BRV,50,2026,0.0,2788.76,9694.68,0.0,-12483.44,fmifiit_fmioi,0.0,0.0,0.0,0.0,0,no_ps_link,50
MBF,MBF,20,2026,0.0,5950829.84,40616156.15,0.0,-46566985.99,fmifiit_fmioi,0.0,0.0,0.0,0.0,0,no_ps_link,20
221PRC1001,BRV,20,2026,54378.17,12906.28,150263.1,275.2,54102.97,fmavct_kbfc,353483.3,969003.16,0.0,-615519.86,4,3,20
633CRP1590,TED,40,2026,19571.91,978.13,11830.56,0.0,6763.22,fmifiit_fmioi,0.0,0.0,0.0,0.0,0,no_ps_link,40
3210556022,STG,50,2026,0.0,397.42,783.34,0.0,-1180.76,fmifiit_fmioi,0.0,0.0,0.0,0.0,0,no_ps_link,50
633CRP1303,ACR,50,2026,0.0,2316.72,7244.88,0.0,-9561.6,fmifiit_fmioi,0.0,0.0,0.0,0.0,0,no_ps_link,50
633CRP8890,CPE,11,2026,0.0,4597.76,23775.56,0.0,-28373.32,fmifiit_fmioi,0.0,0.0,0.0,0.0,0,no_ps_link,11
570GLO2047,TWA,REVENUE,2026,500000.0,0.0,0.0,0.0,500000.0,fmifiit_fmioi,1331446.8,-350000.0,0.0,1681446.8,10,4,REVENUE
526RAF2001,EES,REVENUE,2026,5132.0,0.0,0.0,0.0,5132.0,fmifiit_fmioi,151497.26,17939.43,8500.0,125057.83,3,4,REVENUE
A210315031,CTG,50,2026,0.0,1301.95,0.0,0.0,-1301.95,fmifiit_fmioi,0.0,0.0,0.0,0.0,0,no_ps_link,50
A110111031,SCX,11,2026,0.0,32914.58,65829.16,0.0,-98743.74,fmifiit_fmioi,0.0,0.0,0.0,0.0,0,no_ps_link,11
A320121031,DBS,50,2026,1042.72,16005.42,89071.42,0.0,-104034.12,fmifiit_fmioi,0.0,0.0,0.0,0.0,0,no_ps_link,50
538GLO5000,FOE,30,2026,0.0,3258.9,0.0,105.17,-105.17,fmavct_kbfc,10347636.69,-97226.61,34074.33,10410788.97,12,2,30
537GLO2000,DRR,50,2026,0.0,767.44,1950.16,11154.67,-11154.67,fmavct_kbfc,751607.0,3626304.87,879581.0,-3754278.87,13,1,50
3210113101,CAI,20,2026,0.0,16191.98,57854.8,0.0,-74046.78,fmifiit_fmioi,0.0,0.0,0.0,0.0,0,no_ps_link,20
3210685021,KNG,10',2026,0.0,29.28,0.0,0.0,-29.28,fmifiit_fmioi,0.0,0.0,0.0,0.0,0,no_ps_link,10'
633CRP7346,POP,11,2026,0.0,7500.0,15000.0,0.0,-22500.0,fmifiit_fmioi,0.0,0.0,0.0,0.0,0,no_ps_link,11
A230544701,API,40,2026,0.0,1765.62,3531.24,0.0,-5296.86,fmifiit_fmioi,0.0,0.0,0.0,0.0,0,no_ps_link,40
633CRP7349,RAM,20,2026,0.0,1282.0,27073.4,0.0,-28355.4,fmifiit_fmioi,0.0,0.0,0.0,0.0,0,no_ps_link,20
637FOR7349,RAM,20,2026,0.0,2326.72,4582.7,0.0,-6909.42,fmifiit_fmioi,0.0,0.0,0.0,0.0,0,no_ps_link,20
3230841641,RAM,20,2026,0.0,1555.0,8056.0,0.0,-9611.0,fmifiit_fmioi,0.0,0.0,0.0,0.0,0,no_ps_link,20
511IES5525,IES,REVENUE,2026,0.0,76387.63,0.0,0.0,-76387.63,fmifiit_fmioi,0.0,0.0,0.0,0.0,0,no_ps_link,REVENUE
A210472011,HAR,20,2026,0.0,11206.22,23931.83,0.0,-35138.05,fmifiit_fmioi,0.0,0.0,0.0,0.0,0,no_ps_link,20
3210553031,RAB,50,2026,0.0,213.03,0.0,0.0,-213.03,fmifiit_fmioi,0.0,0.0,0.0,0.0,0,no_ps_link,50
3210543041,RAB,50,2026,0.0,182.91,0.0,0.0,-182.91,fmifiit_fmioi,0.0,0.0,0.0,0.0,0,no_ps_link,50
3210185032,MTD,20,2026,0.0,23399.35,163804.51,0.0,-187203.86,fmifiit_fmioi,0.0,0.0,0.0,0.0,0,no_ps_link,20
3230837471,KNG,10',2026,0.0,227.5,0.0,0.0,-227.5,fmifiit_fmioi,0.0,0.0,0.0,0.0,0,no_ps_link,10'
633CRP4133,KAT,10',2026,0.0,0.84,0.0,0.0,-0.84,fmifiit_fmioi,0.0,0.0,0.0,0.0,0,no_ps_link,10'
633CRP4131,JUB,10',2026,0.0,4108.0,0.0,0.0,-4108.0,fmifiit_fmioi,0.0,0.0,0.0,0.0,0,no_ps_link,10'
A230544081,ISB,20,2026,0.0,1991.2,4462.47,0.0,-6453.67,fmifiit_fmioi,0.0,0.0,0.0,0.0,0,no_ps_link,20
633CRP7307,ATA,50,2026,0.0,858.91,1585.78,0.0,-2444.69,fmifiit_fmioi,0.0,0.0,0.0,0.0,0,no_ps_link,50
A230572171,MAP,40,2026,0.0,103.16,0.0,0.0,-103.16,fmifiit_fmioi,0.0,0.0,0.0,0.0,0,no_ps_link,40
A230582062,BAM,10',2026,19.12,34.5,0.0,0.0,-15.38,fmifiit_fmioi,0.0,0.0,0.0,0.0,0,no_ps_link,10'
665GLO2000,HYD,40,2026,10203.73,402.45,30579.1,136281.67,-126077.94,fmavct_kbfc,4750147.94,1344381.75,9361.9,3396404.29,1,2,40
728HAI2000,POP,30,2026,692.84,0.0,0.0,7112.26,-6419.42,fmavct_kbfc,29961057.9,12589917.34,127472.07,17243668.49,75,2,30
728RAS2002,ATA,40,2026,0.0,106669.97,860871.13,123573.9,-123573.9,fmavct_kbfc,20502932.24,20036768.46,113814.0,352349.78,80,2,40
2210161011,PLS,10',2026,123.71,136.0,0.0,0.0,-12.29,fmifiit_fmioi,0.0,0.0,0.0,0.0,0,no_ps_link,10'
567UKR5002,IEV,TC,2026,1172.52,104532.31,530383.92,6862.16,-5689.64,fmavct_kbfc,2196859.52,-1006658.64,0.0,3203518.16,13,2,10'|13|20|40|50
A210315031,CTG,11,2026,0.0,6000.0,12000.0,0.0,-18000.0,fmifiit_fmioi,0.0,0.0,0.0,0.0,0,no_ps_link,11
570RER2003,VNI,TC,2026,2533.67,33923.45,0.0,1212.82,1320.85,fmavct_kbfc,714013.7,-237606.24,0.0,951619.94,7,4,10'|11
A320121031,DBS,20,2026,0.0,8292.45,23313.29,0.0,-31605.74,fmifiit_fmioi,0.0,0.0,0.0,0.0,0,no_ps_link,20
570PAL1000,RAM,TC,2026,100.52,187649.39,976519.08,9670.01,-9569.49,fmavct_kbfc,3129717.95,-801456.85,70000.0,3861174.8,25,2,20|40|50
526IVC5000,DHE,20,2026,0.0,68145.61,716676.27,108.34,-108.34,fmavct_kbfc,1117268.46,299704.58,29141.8,788422.08,14,2,20
406GLO0031,ASU,REVENUE,2026,629.0,0.0,0.0,0.0,629.0,fmifiit_fmioi,60000.0,7968.58,814.44,51216.98,1,4,REVENUE
406GLO2051,PBS,REVENUE,2026,1762.0,0.0,0.0,0.0,1762.0,fmifiit_fmioi,186916.0,239270.44,39998.0,-92352.44,1,3,REVENUE
406GLO2052,EES,REVENUE,2026,2802.0,0.0,0.0,0.0,2802.0,fmifiit_fmioi,140186.92,16745.36,0.0,123441.56,1,4,REVENUE
406GLO0032,UNC,REVENUE,2026,2377.0,0.0,0.0,0.0,2377.0,fmifiit_fmioi,212160.0,51478.7,0.0,160681.3,1,4,REVENUE
406GLO3007,BIO,REVENUE,2026,702.0,0.0,0.0,0.0,702.0,fmifiit_fmioi,85000.0,702.0,0.0,84298.0,1,4,REVENUE
406GLO3008,HAR,REVENUE,2026,1174.0,0.0,0.0,0.0,1174.0,fmifiit_fmioi,100000.0,-1906.8,0.0,101906.8,1,4,REVENUE
406PAL0001,PPP,REVENUE,2026,411.0,0.0,0.0,0.0,411.0,fmifiit_fmioi,100000.0,411.0,0.0,99589.0,1,4,REVENUE
406PAL1000,RAM,REVENUE,2026,617.0,0.0,0.0,0.0,617.0,fmifiit_fmioi,150000.0,123185.69,0.0,26814.31,1,4,REVENUE
406RAF0004,AFR,REVENUE,2026,922.0,0.0,0.0,0.0,922.0,fmifiit_fmioi,85000.0,922.0,0.0,84078.0,1,4,REVENUE
A310712011,SEC,40,2026,0.0,1698.3,9619.46,0.0,-11317.76,fmifiit_fmioi,0.0,0.0,0.0,0.0,0,no_ps_link,40
A210231011,HYD,20,2026,0.0,2384.44,4768.88,0.0,-7153.32,fmifiit_fmioi,0.0,0.0,0.0,0.0,0,no_ps_link,20
406MOR3000,RAB,REVENUE,2026,3255.0,0.0,0.0,0.0,3255.0,fmifiit_fmioi,200000.0,35666.49,0.0,164333.51,1,4,REVENUE
406RER0001,NYO,REVENUE,2026,329.0,0.0,0.0,0.0,329.0,fmifiit_fmioi,80000.0,24709.39,0.0,55290.61,1,4,REVENUE
406SEN3000,DAK,REVENUE,2026,561.0,0.0,0.0,0.0,561.0,fmifiit_fmioi,150000.0,81093.93,0.0,68906.07,1,4,REVENUE
185GEF0004,HEQ,10',2026,8713.6,8137.7,0.0,0.0,575.9,fmifiit_fmioi,0.0,0.0,0.0,0.0,0,no_ps_link,10'
727KIR1003,API,TC,2026,33.02,55765.89,66066.12,23029.73,-22996.71,fmavct_kbfc,1867490.0,-708163.34,1821.48,2573831.86,17,2,10'|11|20|40|50
3210455031,KNG,40,2026,0.0,849.6,0.0,0.0,-849.6,fmifiit_fmioi,0.0,0.0,0.0,0.0,0,no_ps_link,40
406GLO0029,CAB,REVENUE,2026,2053.0,0.0,0.0,0.0,2053.0,fmifiit_fmioi,242991.0,-197357.58,0.0,440348.58,1,4,REVENUE
406GLO0087,CAB,REVENUE,2026,3684.0,0.0,0.0,0.0,3684.0,fmifiit_fmioi,369873.0,70945.8,0.0,298927.2,1,4,REVENUE
680HRM4101,HRM,20,2026,0.0,440371.32,872638.64,0.0,-1313009.96,fmifiit_fmioi,0.0,0.0,0.0,0.0,0,no_ps_link,20
3210313071,CPH,20,2026,0.0,11500.0,117654.0,0.0,-129154.0,fmifiit_fmioi,0.0,0.0,0.0,0.0,0,no_ps_link,20
221PRC1001,BRV,REVENUE,2026,690653.0,0.0,0.0,0.0,690653.0,fmifiit_fmioi,353483.3,969003.16,0.0,-615519.86,4,3,REVENUE
221PRC1002,BRV,REVENUE,2026,690653.0,0.0,0.0,0.0,690653.0,fmifiit_fmioi,875446.0,-509242.18,0.0,1384688.18,4,4,REVENUE
193OPS2043,BRE,REVENUE,2026,99826.76,0.0,0.0,0.0,99826.76,fmifiit_fmioi,156475.94,-68361.28,0.0,224837.22,7,4,REVENUE
549GLO3003,BIO,REVENUE,2026,1397374.86,0.0,0.0,0.0,1397374.86,fmifiit_fmioi,15569847.65,16916006.07,216407.09,-1562565.51,40,3,REVENUE
513RLA2027,EES,REVENUE,2026,38862.22,0.0,0.0,0.0,38862.22,fmifiit_fmioi,2716644.42,2391531.92,0.0,325112.5,32,4,REVENUE
513RLA2041,EES,REVENUE,2026,38150.0,0.0,0.0,0.0,38150.0,fmifiit_fmioi,1719294.0,700316.09,3109.42,1015868.49,10,4,REVENUE
809RAF1002,MAP,REVENUE,2026,143903.0,0.0,0.0,0.0,143903.0,fmifiit_fmioi,214336.0,-272933.68,0.0,487269.68,1,4,REVENUE
537GLO3001,BIO,REVENUE,2026,206166.0,0.0,0.0,0.0,206166.0,fmifiit_fmioi,375263.18,-385733.48,51266.01,709730.65,1,4,REVENUE
3210514042,WHC,10',2026,0.0,3811.34,0.0,0.0,-3811.34,fmifiit_fmioi,0.0,0.0,0.0,0.0,0,no_ps_link,10'
633CRP2128,ISB,10',2026,17.69,1133.47,0.0,0.0,-1115.78,fmifiit_fmioi,0.0,0.0,0.0,0.0,0,no_ps_link,10'
3210514042,WHC,13,2026,0.0,57.55,0.0,0.0,-57.55,fmifiit_fmioi,0.0,0.0,0.0,0.0,0,no_ps_link,13
257GLO1046,IPS,PC,2026,39751.04,2900.13,61992.64,0.0,-25141.73,fmifiit_fmioi,745899.6,31422054.71,0.0,-30676155.11,46,1,10'|11
257GLO1044,IPS,PC,2026,0.0,9305.11,199873.36,0.0,-209178.47,fmifiit_fmioi,1097987.68,390024.12,1283.0,706680.56,20,2,10'|11
A210233011,RAB,20,2026,0.0,3187.31,6497.38,0.0,-9684.69,fmifiit_fmioi,0.0,0.0,0.0,0.0,0,no_ps_link,20
3210112091,YAO,11,2026,0.0,402.64,1610.56,0.0,-2013.2,fmifiit_fmioi,0.0,0.0,0.0,0.0,0,no_ps_link,11
3210132021,YAO,11,2026,0.0,29.7,118.8,0.0,-148.5,fmifiit_fmioi,0.0,0.0,0.0,0.0,0,no_ps_link,11
3210142071,YAO,11,2026,0.0,650.36,21769.36,0.0,-22419.72,fmifiit_fmioi,0.0,0.0,0.0,0.0,0,no_ps_link,11
3210152061,YAO,11,2026,0.0,799.68,3198.72,0.0,-3998.4,fmifiit_fmioi,0.0,0.0,0.0,0.0,0,no_ps_link,11
3210162041,YAO,11,2026,0.0,7655.71,30622.84,0.0,-38278.55,fmifiit_fmioi,0.0,0.0,0.0,0.0,0,no_ps_link,11
3210182051,YAO,11,2026,0.0,1796.27,15185.08,0.0,-16981.35,fmifiit_fmioi,0.0,0.0,0.0,0.0,0,no_ps_link,11
3210192021,YAO,11,2026,0.0,1989.39,9957.56,0.0,-11946.95,fmifiit_fmioi,0.0,0.0,0.0,0.0,0,no_ps_link,11
3210172021,YAO,11,2026,0.0,20.28,100170.84,0.0,-100191.12,fmifiit_fmioi,0.0,0.0,0.0,0.0,0,no_ps_link,11
A210152011,HAR,20,2026,0.0,5709.14,12142.08,0.0,-17851.22,fmifiit_fmioi,0.0,0.0,0.0,0.0,0,no_ps_link,20
633CRP1323,HAR,20,2026,0.0,1583.21,3367.14,0.0,-4950.35,fmifiit_fmioi,0.0,0.0,0.0,0.0,0,no_ps_link,20
633CRP2111,BEJ,10',2026,30.42,1757.02,0.0,0.0,-1726.6,fmifiit_fmioi,0.0,0.0,0.0,0.0,0,no_ps_link,10'
2210566022,MXC,50,2026,172.02,0.0,0.0,0.0,172.02,fmifiit_fmioi,0.0,0.0,0.0,0.0,0,no_ps_link,50
570GLO2016,HYD,50,2026,1068.0,0.0,0.0,339660.11,-338592.11,fmavct_kbfc,290177.76,4075.96,0.0,286101.8,21,2,50
633CRP3690,ATD,50,2026,0.0,10080.86,1954.1,0.0,-12034.96,fmifiit_fmioi,0.0,0.0,0.0,0.0,0,no_ps_link,50
2210512043,WHC,13,2026,2285.71,0.0,0.0,0.0,2285.71,fmifiit_fmioi,0.0,0.0,0.0,0.0,0,no_ps_link,13
3210641151,IEO,13,2026,1786.0,0.0,0.0,0.0,1786.0,fmifiit_fmioi,0.0,0.0,0.0,0.0,0,no_ps_link,13
406GLO0094,BSP,REVENUE,2026,13910.0,0.0,0.0,0.0,13910.0,fmifiit_fmioi,13000.0,-13910.0,0.0,26910.0,1,4,REVENUE
567GAB2000,LBV,TC,2026,0.0,13164.73,20148.0,5109.41,-5109.41,fmavct_kbfc,654012.0,-165700.0,2276.0,817436.0,9,2,20|30|50
272GAB2000,LBV,40,2026,0.0,2412.48,75742.22,56.76,-56.76,fmavct_kbfc,1399984.36,288597.37,0.0,1111386.99,11,2,40
221PRC1002,BRV,TC,2026,114549.09,152047.62,72711.19,291441.64,-176892.55,fmavct_kbfc,875446.0,-509242.18,0.0,1384688.18,4,2,10'|11|13|20|30|40|50
A210442051,NAI,30,2026,0.0,4302.39,0.0,0.0,-4302.39,fmifiit_fmioi,0.0,0.0,0.0,0.0,0,no_ps_link,30
501ZIM1000,HAR,REVENUE,2026,1170000.0,0.0,0.0,0.0,1170000.0,fmifiit_fmioi,2710696.74,-1170000.0,0.0,3880696.74,9,4,REVENUE
469GLO4000,ITH,30,2026,306.54,13537.21,0.0,38016.32,-37709.78,fmavct_kbfc,727173.25,105948.08,0.0,621225.17,1,2,30
3210211062,EES,20,2026,0.0,1184.56,2352.94,0.0,-3537.5,fmifiit_fmioi,0.0,0.0,0.0,0.0,0,no_ps_link,20
3210215071,KNG,11,2026,0.0,3164.0,12656.0,0.0,-15820.0,fmifiit_fmioi,0.0,0.0,0.0,0.0,0,no_ps_link,11
3210225101,KNG,11,2026,0.0,336.0,9344.0,0.0,-9680.0,fmifiit_fmioi,0.0,0.0,0.0,0.0,0,no_ps_link,11
3210561092,MON,20,2026,0.0,3690.89,16047.91,0.0,-19738.8,fmifiit_fmioi,0.0,0.0,0.0,0.0,0,no_ps_link,20
3210551141,CEO,11,2026,0.0,6499.04,16400.0,0.0,-22899.04,fmifiit_fmioi,0.0,0.0,0.0,0.0,0,no_ps_link,11
513INT2008,HYD,REVENUE,2026,763.89,0.0,0.0,0.0,763.89,fmifiit_fmioi,124733.86,6567.53,0.0,118166.33,8,4,REVENUE
A230576041,VNI,40,2026,0.0,99.95,0.0,0.0,-99.95,fmifiit_fmioi,0.0,0.0,0.0,0.0,0,no_ps_link,40
549HAI1000,POP,TC,2026,0.0,62825.82,452364.69,3.85,-3.85,fmavct_kbfc,5213644.91,4775.0,0.0,5208869.91,27,2,10'|11|13|20|30|40|50
3210415031,KNG,20,2026,0.0,564.22,12494.92,0.0,-13059.14,fmifiit_fmioi,0.0,0.0,0.0,0.0,0,no_ps_link,20
2210425023,MXC,10',2026,41.23,248.43,0.0,0.0,-207.2,fmifiit_fmioi,0.0,0.0,0.0,0.0,0,no_ps_link,10'
A230575091,QUI,20,2026,0.0,14075.04,49906.64,0.0,-63981.68,fmifiit_fmioi,0.0,0.0,0.0,0.0,0,no_ps_link,20
3210144092,BEJ,20,2026,0.0,6821.0,27442.0,0.0,-34263.0,fmifiit_fmioi,0.0,0.0,0.0,0.0,0,no_ps_link,20
198CSV4543,WHC,TC,2026,0.0,14000.0,365050.0,79.6,-79.6,fmavct_kbfc,1451780.0,3000.0,7000.0,1441780.0,32,2,11|20
633CRP7342,NAI,30,2026,0.0,3895.0,0.0,0.0,-3895.0,fmifiit_fmioi,0.0,0.0,0.0,0.0,0,no_ps_link,30
3210511181,CEO,13,2026,0.0,5921.49,0.0,0.0,-5921.49,fmifiit_fmioi,0.0,0.0,0.0,0.0,0,no_ps_link,13
633CRP7112,BGK,50,2026,0.0,739.66,366.2,0.0,-1105.86,fmifiit_fmioi,0.0,0.0,0.0,0.0,0,no_ps_link,50
3210211241,SCI,13,2026,771.97,771.97,0.0,0.0,0.0,fmifiit_fmioi,0.0,0.0,0.0,0.0,0,no_ps_link,13
3210211241,SCI,10',2026,11.28,11.28,0.0,0.0,0.0,fmifiit_fmioi,0.0,0.0,0.0,0.0,0,no_ps_link,10'
3210215291,GUC,50,2026,0.0,16.06,0.0,0.0,-16.06,fmifiit_fmioi,0.0,0.0,0.0,0.0,0,no_ps_link,50
3210225181,GUC,50,2026,0.0,31.49,0.0,0.0,-31.49,fmifiit_fmioi,0.0,0.0,0.0,0.0,0,no_ps_link,50
3210245061,GUC,50,2026,0.0,15.43,0.0,0.0,-15.43,fmifiit_fmioi,0.0,0.0,0.0,0.0,0,no_ps_link,50
3210161022,EDP,13,2026,10000.0,0.0,0.0,0.0,10000.0,fmifiit_fmioi,0.0,0.0,0.0,0.0,0,no_ps_link,13
633CRP1691,EDP,13,2026,5000.0,0.0,0.0,0.0,5000.0,fmifiit_fmioi,0.0,0.0,0.0,0.0,0,no_ps_link,13
3210141012,YLS,13,2026,1800.0,0.0,0.0,0.0,1800.0,fmifiit_fmioi,0.0,0.0,0.0,0.0,0,no_ps_link,13
A210111022,EDP,13,2026,3296.89,0.0,0.0,0.0,3296.89,fmifiit_fmioi,0.0,0.0,0.0,0.0,0,no_ps_link,13
235RER4000,VNI,50,2026,0.0,151.81,15594.0,9937.19,-9937.19,fmavct_kbfc,1579727.43,-169292.51,0.0,1749019.94,33,2,50
A310611061,OPS,13,2026,0.0,5200.21,0.0,0.0,-5200.21,fmifiit_fmioi,0.0,0.0,0.0,0.0,0,no_ps_link,13
A310611061,OPS,BRSTAT,2026,0.0,310.15,0.0,0.0,-310.15,fmifiit_fmioi,0.0,0.0,0.0,0.0,0,no_ps_link,BRSTAT
A310611061,OPS,CDSP,2026,0.0,310.14,0.0,0.0,-310.14,fmifiit_fmioi,0.0,0.0,0.0,0.0,0,no_ps_link,CDSP
3210461051,SHS,11,2026,0.0,40897.73,0.0,0.0,-40897.73,fmifiit_fmioi,0.0,0.0,0.0,0.0,0,no_ps_link,11
3210461051,SHS,10',2026,0.0,725.36,0.0,0.0,-725.36,fmifiit_fmioi,0.0,0.0,0.0,0.0,0,no_ps_link,10'
3210531121,MON,10',2026,0.0,340.46,0.0,0.0,-340.46,fmifiit_fmioi,0.0,0.0,0.0,0.0,0,no_ps_link,10'
3210531121,MON,11,2026,0.0,19002.98,0.0,0.0,-19002.98,fmifiit_fmioi,0.0,0.0,0.0,0.0,0,no_ps_link,11
469GLO1000,HED,10',2026,0.0,818.06,0.0,17879.91,-17879.91,fmavct_kbfc,789349.38,74417.32,0.0,714932.06,2,2,10'
534AFG4006,KAB,11,2026,201.68,74728.83,145116.0,6084.83,-5883.15,fmavct_kbfc,6993976.02,523261.76,10028.06,6460686.2,15,2,11
808GLO2002,HYD,TC,2026,0.0,63212.49,0.0,75912.38,-75912.38,fmavct_kbfc,148338.64,-48686.18,0.0,197024.82,1,2,10'|11
257GLO1043,IPS,11,2026,0.0,40309.69,0.0,236.0,-236.0,fmavct_kbfc,101122.99,36213.31,0.0,64909.68,46,2,11
257GLO1043,IPS,10',2026,1980.04,1632.41,0.0,5859.84,-3879.8,fmavct_kbfc,101122.99,36213.31,0.0,64909.68,46,2,10'
196PER4043,WHC,TC,2026,0.0,64719.05,0.0,16200.0,-16200.0,fmavct_kbfc,215630.9,-88643.7,0.0,304274.6,7,2,10'|11
A310721021,HEQ,11,2026,0.0,94091.79,0.0,0.0,-94091.79,fmifiit_fmioi,0.0,0.0,0.0,0.0,0,no_ps_link,11
A310721021,HEQ,CDCE,2026,0.0,4951.68,0.0,0.0,-4951.68,fmifiit_fmioi,0.0,0.0,0.0,0.0,0,no_ps_link,CDCE
A230582062,BAM,11,2026,0.0,3451.36,0.0,0.0,-3451.36,fmifiit_fmioi,0.0,0.0,0.0,0.0,0,no_ps_link,11
A230582151,LBV,11,2026,0.0,75217.02,0.0,0.0,-75217.02,fmifiit_fmioi,0.0,0.0,0.0,0.0,0,no_ps_link,11
A230582151,LBV,10',2026,102.17,18742.27,0.0,0.0,-18640.1,fmifiit_fmioi,0.0,0.0,0.0,0.0,0,no_ps_link,10'
A210261041,SDS,10',2026,0.0,1693.71,0.0,0.0,-1693.71,fmifiit_fmioi,0.0,0.0,0.0,0.0,0,no_ps_link,10'
A210261041,SDS,11,2026,0.0,49762.54,63526.82,0.0,-113289.36,fmifiit_fmioi,0.0,0.0,0.0,0.0,0,no_ps_link,11
3210121012,IGE,10',2026,0.0,138.99,0.0,0.0,-138.99,fmifiit_fmioi,0.0,0.0,0.0,0.0,0,no_ps_link,10'
3210121012,IGE,11,2026,0.0,13899.47,0.0,0.0,-13899.47,fmifiit_fmioi,0.0,0.0,0.0,0.0,0,no_ps_link,11
A210441032,AGI,10',2026,0.0,558.95,0.0,0.0,-558.95,fmifiit_fmioi,0.0,0.0,0.0,0.0,0,no_ps_link,10'
A210541012,CHP,10',2026,0.0,165.44,0.0,0.0,-165.44,fmifiit_fmioi,0.0,0.0,0.0,0.0,0,no_ps_link,10'
A210541012,CHP,11,2026,0.0,16544.41,0.0,0.0,-16544.41,fmifiit_fmioi,0.0,0.0,0.0,0.0,0,no_ps_link,11
2210521022,MHM,10',2026,0.0,71.5,0.0,0.0,-71.5,fmifiit_fmioi,0.0,0.0,0.0,0.0,0,no_ps_link,10'
A210531162,CCE,10',2026,0.0,985.44,0.0,0.0,-985.44,fmifiit_fmioi,0.0,0.0,0.0,0.0,0,no_ps_link,10'
A210531162,CCE,11,2026,0.0,57742.48,33960.0,0.0,-91702.48,fmifiit_fmioi,0.0,0.0,0.0,0.0,0,no_ps_link,11
680HRM4110,HRM,11,2026,0.0,1987.41,0.0,0.0,-1987.41,fmifiit_fmioi,0.0,0.0,0.0,0.0,0,no_ps_link,11
642ENV9002,AEO,11,2026,0.0,66544.68,0.0,0.0,-66544.68,fmifiit_fmioi,0.0,0.0,0.0,0.0,0,no_ps_link,11
642ENV9002,AEO,10',2026,0.0,1191.94,0.0,0.0,-1191.94,fmifiit_fmioi,0.0,0.0,0.0,0.0,0,no_ps_link,10'
633CRP3590,BIO,11,2026,0.0,2686.64,34298.22,0.0,-36984.86,fmifiit_fmioi,0.0,0.0,0.0,0.0,0,no_ps_link,11
125GEF0000,GLO,13,2026,533.18,533.18,0.0,0.0,0.0,fmifiit_fmioi,0.0,0.0,0.0,0.0,1,4,13
570GLO2043,PBS,TC,2026,125.71,6281.34,0.0,34000.0,-33874.29,fmavct_kbfc,271378.26,6195.2,0.0,265183.06,8,2,10'
A210343021,JAK,13,2026,0.0,446.28,0.0,0.0,-446.28,fmifiit_fmioi,0.0,0.0,0.0,0.0,0,no_ps_link,13
A210343021,JAK,10',2026,0.0,4.2,0.0,0.0,-4.2,fmifiit_fmioi,0.0,0.0,0.0,0.0,0,no_ps_link,10'
A230584091,KAB,11,2026,43184.4,64259.36,0.0,0.0,-21074.96,fmifiit_fmioi,0.0,0.0,0.0,0.0,0,no_ps_link,11
A230584091,KAB,10',2026,164.0,1144.13,0.0,0.0,-980.13,fmifiit_fmioi,0.0,0.0,0.0,0.0,0,no_ps_link,10'
570GLO5014,KSD,REVENUE,2026,2591.86,0.0,0.0,0.0,2591.86,fmifiit_fmioi,287023.98,52990.02,0.0,234033.96,7,4,REVENUE
570GLO5018,UAI,REVENUE,2026,2591.86,0.0,0.0,0.0,2591.86,fmifiit_fmioi,1101513.0,737602.2,0.0,363910.8,6,4,REVENUE
526ROK9001,BFM,REVENUE,2026,3817466.1,0.0,0.0,0.0,3817466.1,fmifiit_fmioi,0.0,24357.0,0.0,-24357.0,1,3,REVENUE
526IRQ1000,BAG,REVENUE,2026,197861.05,0.0,0.0,0.0,197861.05,fmifiit_fmioi,16700468.56,5718580237.46,178685049.81,-5880564818.71,53,3,REVENUE
235BIH5000,SAR,TC,2026,1099.18,14017.06,0.0,8171.7,-7072.52,fmavct_kbfc,1287000.0,-773792.27,0.0,2060792.27,33,2,10'|13|50
3210444052,BEJ,13,2026,0.0,20168.55,0.0,0.0,-20168.55,fmifiit_fmioi,0.0,0.0,0.0,0.0,0,no_ps_link,13
A2101H1022,HEQ,BRSTAT,2026,0.0,436.34,0.0,0.0,-436.34,fmifiit_fmioi,0.0,0.0,0.0,0.0,0,no_ps_link,BRSTAT
A2101H1022,HEQ,10',2026,0.0,75.8,0.0,0.0,-75.8,fmifiit_fmioi,0.0,0.0,0.0,0.0,0,no_ps_link,10'
A2101H1022,HEQ,13,2026,0.0,7579.35,0.0,0.0,-7579.35,fmifiit_fmioi,0.0,0.0,0.0,0.0,0,no_ps_link,13
A2101H1022,HEQ,CDSP,2026,0.0,436.3,0.0,0.0,-436.3,fmifiit_fmioi,0.0,0.0,0.0,0.0,0,no_ps_link,CDSP
3210221171,HYD,10',2026,0.0,113.69,0.0,0.0,-113.69,fmifiit_fmioi,0.0,0.0,0.0,0.0,0,no_ps_link,10'
3210221171,HYD,13,2026,0.0,11368.59,0.0,0.0,-11368.59,fmifiit_fmioi,0.0,0.0,0.0,0.0,0,no_ps_link,13
469GLO3002,HRS,10',2026,0.0,63.66,0.0,76600.93,-76600.93,fmavct_kbfc,177846.05,-136740.44,0.0,314586.49,1,2,10'
469GLO2005,PCB,13,2026,0.0,4172.28,0.0,73891.61,-73891.61,fmavct_kbfc,3059160.2,422970.05,0.0,2636190.15,6,2,13
A310521022,HEQ,BRSTAT,2026,0.0,589.46,0.0,0.0,-589.46,fmifiit_fmioi,0.0,0.0,0.0,0.0,0,no_ps_link,BRSTAT
A310521022,HEQ,10',2026,0.0,95.29,0.0,0.0,-95.29,fmifiit_fmioi,0.0,0.0,0.0,0.0,0,no_ps_link,10'
A310521022,HEQ,13,2026,0.0,9529.74,0.0,0.0,-9529.74,fmifiit_fmioi,0.0,0.0,0.0,0.0,0,no_ps_link,13
A310521022,HEQ,CDSP,2026,0.0,589.46,0.0,0.0,-589.46,fmifiit_fmioi,0.0,0.0,0.0,0.0,0,no_ps_link,CDSP
2210451024,BIO,10',2026,0.0,81.12,0.0,0.0,-81.12,fmifiit_fmioi,0.0,0.0,0.0,0.0,0,no_ps_link,10'
2210451024,BIO,13,2026,0.0,8111.22,0.0,0.0,-8111.22,fmifiit_fmioi,0.0,0.0,0.0,0.0,0,no_ps_link,13
2210512042,WHC,10',2026,0.0,73.24,0.0,0.0,-73.24,fmifiit_fmioi,0.0,0.0,0.0,0.0,0,no_ps_link,10'
2210512042,WHC,13,2026,0.0,7324.02,0.0,0.0,-7324.02,fmifiit_fmioi,0.0,0.0,0.0,0.0,0,no_ps_link,13
3210515012,WHC,10',2026,0.0,48.82,0.0,0.0,-48.82,fmifiit_fmioi,0.0,0.0,0.0,0.0,0,no_ps_link,10'
3210515012,WHC,13,2026,0.0,4882.75,0.0,0.0,-4882.75,fmifiit_fmioi,0.0,0.0,0.0,0.0,0,no_ps_link,13
3210551032,DCE,13,2026,0.0,4446.4,0.0,0.0,-4446.4,fmifiit_fmioi,0.0,0.0,0.0,0.0,0,no_ps_link,13
680ADM4102,ADM,10',2026,16.5,5088.58,0.0,0.0,-5072.08,fmifiit_fmioi,0.0,0.0,0.0,0.0,0,no_ps_link,10'
633CRP3390,IRD,10',2026,0.0,53.59,0.0,0.0,-53.59,fmifiit_fmioi,0.0,0.0,0.0,0.0,0,no_ps_link,10'
633CRP3390,IRD,13,2026,0.0,5360.66,0.0,0.0,-5360.66,fmifiit_fmioi,0.0,0.0,0.0,0.0,0,no_ps_link,13
633CRP1330,JAK,10',2026,46.74,2661.64,0.0,0.0,-2614.9,fmifiit_fmioi,0.0,0.0,0.0,0.0,0,no_ps_link,10'
633CRP1330,JAK,13,2026,0.0,6032.56,0.0,0.0,-6032.56,fmifiit_fmioi,0.0,0.0,0.0,0.0,0,no_ps_link,13
922IND4005,NDL,10',2026,0.0,24.86,0.0,139914.52,-139914.52,fmavct_kbfc,180755.77,3176475.42,0.0,-2995719.65,1,1,10'
922IND4005,NDL,13,2026,0.0,2482.82,0.0,18061.15,-18061.15,fmavct_kbfc,180755.77,3176475.42,0.0,-2995719.65,1,1,13
633TFC7333,KAT,10',2026,0.0,0.92,0.0,0.0,-0.92,fmifiit_fmioi,0.0,0.0,0.0,0.0,0,no_ps_link,10'
633TFC7333,KAT,13,2026,0.0,285.07,0.0,0.0,-285.07,fmifiit_fmioi,0.0,0.0,0.0,0.0,0,no_ps_link,13
A230544031,BGK,10',2026,0.0,99.55,0.0,0.0,-99.55,fmifiit_fmioi,0.0,0.0,0.0,0.0,0,no_ps_link,10'
2230835042,BGK,10',2026,0.0,35.31,0.0,0.0,-35.31,fmifiit_fmioi,0.0,0.0,0.0,0.0,0,no_ps_link,10'
2230835042,BGK,13,2026,0.0,3700.81,0.0,0.0,-3700.81,fmifiit_fmioi,0.0,0.0,0.0,0.0,0,no_ps_link,13
3230835042,BGK,10',2026,0.0,70.62,0.0,0.0,-70.62,fmifiit_fmioi,0.0,0.0,0.0,0.0,0,no_ps_link,10'
499GLO1000,EEO,13,2026,2943.73,5887.46,0.0,1538.83,1404.9,fmavct_kbfc,1895820.65,7981589.7,2960752.74,-9046521.79,30,3,13
271AFG4005,KAB,PC,2026,0.0,205.72,0.0,3575.0,-3575.0,fmavct_kbfc,3080907.0,209006.4,0.0,2871900.6,17,2,10'|13
A210225212,HAV,10',2026,0.0,39.57,0.0,0.0,-39.57,fmifiit_fmioi,0.0,0.0,0.0,0.0,0,no_ps_link,10'
A210225212,HAV,13,2026,0.0,3956.13,0.0,0.0,-3956.13,fmifiit_fmioi,0.0,0.0,0.0,0.0,0,no_ps_link,13
633CRP1307,ATA,13,2026,0.0,5289.25,0.0,0.0,-5289.25,fmifiit_fmioi,0.0,0.0,0.0,0.0,0,no_ps_link,13
633CRP7337,LBV,10',2026,0.0,833.2,0.0,0.0,-833.2,fmifiit_fmioi,0.0,0.0,0.0,0.0,0,no_ps_link,10'
633CRP7337,LBV,13,2026,0.0,1119.76,0.0,0.0,-1119.76,fmifiit_fmioi,0.0,0.0,0.0,0.0,0,no_ps_link,13
3230835041,BGK,10',2026,1.11,1.11,0.0,0.0,0.0,fmifiit_fmioi,0.0,0.0,0.0,0.0,0,no_ps_link,10'
3230835041,BGK,13,2026,111.39,111.39,0.0,0.0,0.0,fmifiit_fmioi,0.0,0.0,0.0,0.0,0,no_ps_link,13
185GEF0004,IEP,20,2026,0.0,8878.0,758863.16,0.0,-767741.16,fmifiit_fmioi,0.0,0.0,0.0,0.0,0,no_ps_link,20
3210641151,IEO,11,2026,0.0,11534.57,49416.56,0.0,-60951.13,fmifiit_fmioi,0.0,0.0,0.0,0.0,0,no_ps_link,11
A210641012,FEJ,50,2026,0.0,11983.53,0.0,0.0,-11983.53,fmifiit_fmioi,0.0,0.0,0.0,0.0,0,no_ps_link,50
633CRP5290,FEJ,50,2026,0.0,1857.3,0.0,0.0,-1857.3,fmifiit_fmioi,0.0,0.0,0.0,0.0,0,no_ps_link,50
680ADM4101,ADM,10',2026,0.0,4170.13,0.0,0.0,-4170.13,fmifiit_fmioi,0.0,0.0,0.0,0.0,0,no_ps_link,10'
511IES5525,IES,40,2026,0.0,865.76,0.0,0.0,-865.76,fmifiit_fmioi,0.0,0.0,0.0,0.0,0,no_ps_link,40
A210231011,HYD,40,2026,3621.03,1392.11,2784.22,0.0,-555.3,fmifiit_fmioi,0.0,0.0,0.0,0.0,0,no_ps_link,40
A210231031,HYD,40,2026,0.0,1225.63,2451.26,0.0,-3676.89,fmifiit_fmioi,0.0,0.0,0.0,0.0,0,no_ps_link,40
A210231031,HYD,20,2026,0.0,131.43,262.86,0.0,-394.29,fmifiit_fmioi,0.0,0.0,0.0,0.0,0,no_ps_link,20
3210161022,EDP,20,2026,0.0,3600.0,38800.0,0.0,-42400.0,fmifiit_fmioi,0.0,0.0,0.0,0.0,0,no_ps_link,20
633CRP1350,SJO,11,2026,0.0,2602.75,7823.2,0.0,-10425.95,fmifiit_fmioi,0.0,0.0,0.0,0.0,0,no_ps_link,11
637FOR7321,GUC,20,2026,0.0,1869.0,3738.0,0.0,-5607.0,fmifiit_fmioi,0.0,0.0,0.0,0.0,0,no_ps_link,20
3210233041,SUV,20,2026,0.0,42000.0,399087.46,0.0,-441087.46,fmifiit_fmioi,0.0,0.0,0.0,0.0,0,no_ps_link,20
633CRP7311,BEJ,50,2026,0.0,58.28,318.96,0.0,-377.24,fmifiit_fmioi,0.0,0.0,0.0,0.0,0,no_ps_link,50
3230835032,SUV,50,2026,0.0,775.37,2198.66,0.0,-2974.03,fmifiit_fmioi,0.0,0.0,0.0,0.0,0,no_ps_link,50
537CMB4001,PNP,20,2026,0.0,30000.0,1749439.22,7140.67,-7140.67,fmavct_kbfc,740632.47,-28152.78,0.0,768785.25,1,2,20
2210464012,BGK,50,2026,0.0,91.74,0.0,0.0,-91.74,fmifiit_fmioi,0.0,0.0,0.0,0.0,0,no_ps_link,50
701RAS1000,API,20,2026,0.0,236665.87,1064278.89,47057.64,-47057.64,fmavct_kbfc,4008608.88,-268019.1,1512.04,4275115.94,7,2,20
633CRP7336,KNS,30,2026,0.0,370.0,0.0,0.0,-370.0,fmifiit_fmioi,0.0,0.0,0.0,0.0,0,no_ps_link,30
632HQF9002,AEO,REVENUE,2026,744.44,167085.84,0.0,0.0,-166341.4,fmifiit_fmioi,0.0,0.0,0.0,0.0,0,no_ps_link,REVENUE
3210554022,BEJ,10',2026,20.99,262.27,0.0,0.0,-241.28,fmifiit_fmioi,0.0,0.0,0.0,0.0,0,no_ps_link,10'
A210664012,NDL,30,2026,76.67,1199.79,0.0,0.0,-1123.12,fmifiit_fmioi,0.0,0.0,0.0,0.0,0,no_ps_link,30
567UKR4002,IEV,TC,2026,566.74,86727.7,553987.47,4333.34,-3766.6,fmavct_kbfc,4416402.68,-1548650.59,0.0,5965053.27,11,2,10'|11|13|20|40|50
235RSS1001,JUB,REVENUE,2026,300000.0,0.0,0.0,0.0,300000.0,fmifiit_fmioi,2295616.83,-72713.98,0.0,2368330.81,17,4,REVENUE
549FRA1000,HAE,REVENUE,2026,224913.49,0.0,0.0,0.0,224913.49,fmifiit_fmioi,669911.57,-113063.95,0.0,782975.52,1,4,REVENUE
549IRE1000,TED,REVENUE,2026,190311.42,0.0,0.0,0.0,190311.42,fmifiit_fmioi,566848.26,-104089.97,3500.0,667438.23,1,4,REVENUE
507GLO1039,UNE,REVENUE,2026,230680.51,0.0,0.0,0.0,230680.51,fmifiit_fmioi,409358.09,-465420.41,0.0,874778.5,1,4,REVENUE
680HRM3109,HRM,20,2026,0.0,3.53,31155.5,0.0,-31159.03,fmifiit_fmioi,0.0,0.0,0.0,0.0,0,no_ps_link,20
633CRP4146,POP,50,2026,0.0,267.71,535.42,0.0,-803.13,fmifiit_fmioi,0.0,0.0,0.0,0.0,0,no_ps_link,50
680HRM4105,HRM,11,2026,0.0,1153.4,0.0,0.0,-1153.4,fmifiit_fmioi,0.0,0.0,0.0,0.0,0,no_ps_link,11
680FIN4101,FIN,40,2026,1312.2,0.0,0.0,0.0,1312.2,fmifiit_fmioi,0.0,0.0,0.0,0.0,0,no_ps_link,40
570GLO1032,FLI,40,2026,209.2,264.02,243.97,116214.25,-116005.05,fmavct_kbfc,3353626.27,1470221.91,2500000.0,-616595.64,18,1,40
633CRP1455,UNE,50,2026,504.11,0.0,0.0,0.0,504.11,fmifiit_fmioi,0.0,0.0,0.0,0.0,0,no_ps_link,50
633CRP1390,ESD,50,2026,4.79,0.0,0.0,0.0,4.79,fmifiit_fmioi,0.0,0.0,0.0,0.0,0,no_ps_link,50
680LAL4101,LAL,50,2026,2859.34,0.0,0.0,0.0,2859.34,fmifiit_fmioi,0.0,0.0,0.0,0.0,0,no_ps_link,50
A310611061,OPS,50,2026,1063.82,63.53,0.0,0.0,1000.29,fmifiit_fmioi,0.0,0.0,0.0,0.0,0,no_ps_link,50
A310611071,OPS,50,2026,887.81,355.75,0.0,0.0,532.06,fmifiit_fmioi,0.0,0.0,0.0,0.0,0,no_ps_link,50
680IOS4103,INV,40,2026,261.0,0.0,0.0,0.0,261.0,fmifiit_fmioi,0.0,0.0,0.0,0.0,0,no_ps_link,40
680IOS4101,EVA,40,2026,260.96,0.0,91.62,0.0,169.34,fmifiit_fmioi,0.0,0.0,0.0,0.0,0,no_ps_link,40
680ETH4101,ETH,40,2026,59.14,0.0,0.0,0.0,59.14,fmifiit_fmioi,0.0,0.0,0.0,0.0,0,no_ps_link,40
A310611061,OPS,40,2026,898.02,1320.28,3455.79,0.0,-3878.05,fmifiit_fmioi,0.0,0.0,0.0,0.0,0,no_ps_link,40
680LAL4101,LAL,40,2026,1692.32,0.0,0.0,0.0,1692.32,fmifiit_fmioi,0.0,0.0,0.0,0.0,0,no_ps_link,40
A310611071,OPS,40,2026,835.87,0.0,186.0,0.0,649.87,fmifiit_fmioi,0.0,0.0,0.0,0.0,0,no_ps_link,40
680DIG4101,CAB,40,2026,2957.32,565.64,2182.89,0.0,208.79,fmifiit_fmioi,0.0,0.0,0.0,0.0,0,no_ps_link,40
680IOS4103,INV,50,2026,62.67,201.17,0.0,0.0,-138.5,fmifiit_fmioi,0.0,0.0,0.0,0.0,0,no_ps_link,50
680IOS4101,EVA,50,2026,62.66,256.97,0.0,0.0,-194.31,fmifiit_fmioi,0.0,0.0,0.0,0.0,0,no_ps_link,50
3210211071,EES,40,2026,176.27,0.0,169.24,0.0,7.03,fmifiit_fmioi,0.0,0.0,0.0,0.0,0,no_ps_link,40
3210211061,EES,40,2026,3246.99,0.0,50197.12,0.0,-46950.13,fmifiit_fmioi,0.0,0.0,0.0,0.0,0,no_ps_link,40
3210211051,EES,40,2026,558.2,0.0,0.0,0.0,558.2,fmifiit_fmioi,0.0,0.0,0.0,0.0,0,no_ps_link,40
633CRP1190,EME,50,2026,7.13,0.0,0.0,0.0,7.13,fmifiit_fmioi,0.0,0.0,0.0,0.0,0,no_ps_link,50
A210451071,AGI,50,2026,20.81,0.0,0.0,0.0,20.81,fmifiit_fmioi,0.0,0.0,0.0,0.0,0,no_ps_link,50
680DBS4106,DBS,50,2026,3297.23,515.77,1064.6,0.0,1716.86,fmifiit_fmioi,0.0,0.0,0.0,0.0,0,no_ps_link,50
680BSP4202,BSP,40,2026,2523.12,558.0,1116.0,0.0,849.12,fmifiit_fmioi,0.0,0.0,0.0,0.0,0,no_ps_link,40
680BSP3204,BSP,40,2026,1135.0,0.0,0.0,0.0,1135.0,fmifiit_fmioi,0.0,0.0,0.0,0.0,0,no_ps_link,40
525GLO1003,IPS,40,2026,1065.94,0.0,6269.68,3155.87,-2089.93,fmavct_kbfc,2861345.24,324997.19,8000.0,2528348.05,10,2,40
680DBM4101,DBM,40,2026,663.53,0.0,0.0,0.0,663.53,fmifiit_fmioi,0.0,0.0,0.0,0.0,0,no_ps_link,40
3120311032,LAL,40,2026,16.5,0.0,0.0,0.0,16.5,fmifiit_fmioi,0.0,0.0,0.0,0.0,0,no_ps_link,40
A230211011,GEN,40,2026,2117.87,0.0,0.0,0.0,2117.87,fmifiit_fmioi,0.0,0.0,0.0,0.0,0,no_ps_link,40
A210641021,IEO,40,2026,4184.3,339.54,0.0,0.0,3844.76,fmifiit_fmioi,0.0,0.0,0.0,0.0,0,no_ps_link,40
A210451061,OPC,50,2026,3563.63,444.96,0.0,0.0,3118.67,fmifiit_fmioi,0.0,0.0,0.0,0.0,0,no_ps_link,50
680HRM4110,HRM,40,2026,3895.51,0.0,0.0,0.0,3895.51,fmifiit_fmioi,0.0,0.0,0.0,0.0,0,no_ps_link,40
3210161022,EDP,40,2026,1730.1,0.0,0.0,0.0,1730.1,fmifiit_fmioi,0.0,0.0,0.0,0.0,0,no_ps_link,40
469GLO1007,IPS,REVENUE,2026,200000.0,0.0,0.0,0.0,200000.0,fmifiit_fmioi,726775.63,-440479.63,0.0,1167255.26,1,4,REVENUE
3210546031,KNG,10',2026,0.0,1988.62,0.0,0.0,-1988.62,fmifiit_fmioi,0.0,0.0,0.0,0.0,0,no_ps_link,10'
549RLA4001,KNG,PC,2026,0.0,13150.19,0.0,1592.62,-1592.62,fmavct_kbfc,6550201.23,9968596.47,0.0,-3418395.24,40,1,10'
3210211231,EES,40,2026,417.73,0.0,10600.0,0.0,-10182.27,fmifiit_fmioi,0.0,0.0,0.0,0.0,0,no_ps_link,40
A210521031,UCH,50,2026,3215.4,0.0,0.0,0.0,3215.4,fmifiit_fmioi,0.0,0.0,0.0,0.0,0,no_ps_link,50
3210652121,DAK,20,2026,0.0,264.41,168857.34,0.0,-169121.75,fmifiit_fmioi,0.0,0.0,0.0,0.0,0,no_ps_link,20
3230835021,API,40,2026,0.0,2720.0,229642.4,0.0,-232362.4,fmifiit_fmioi,0.0,0.0,0.0,0.0,0,no_ps_link,40
633CRP3591,SHS,20,2026,1254.9,1600.0,28945.92,0.0,-29291.02,fmifiit_fmioi,0.0,0.0,0.0,0.0,0,no_ps_link,20
507GLO1037,PLS,20,2026,494.81,11019.89,163997.54,0.0,-174522.62,fmifiit_fmioi,473114.1,554887.79,0.0,-81773.69,1,1,20
412RAF0029,AFR,20,2026,0.0,714.27,176479.83,585028.87,-585028.87,fmavct_kbfc,426150.12,8557291.13,45835.0,-8176976.01,6,1,20
570GLO2046,IOC,20,2026,0.0,5547.19,11394.38,5521.75,-5521.75,fmavct_kbfc,620000.0,162543.04,300.0,457156.96,1,2,20
580INT1000,EDU,30,2026,94.27,15277.57,0.0,8114.94,-8020.67,fmavct_kbfc,4580634.09,1675760.88,932451.66,1972421.55,13,2,30
555GLO2003,IOC,TC,2026,8722.87,300.52,37934.9,3467.61,5255.26,fmavct_kbfc,1049149.0,-214927.81,0.0,1264076.81,8,4,10'|11
3230835681,HAN,40,2026,0.0,16268.72,92608.26,0.0,-108876.98,fmifiit_fmioi,0.0,0.0,0.0,0.0,0,no_ps_link,40
3230835681,HAN,20,2026,0.0,921.72,4777.92,0.0,-5699.64,fmifiit_fmioi,0.0,0.0,0.0,0.0,0,no_ps_link,20
727CHD1009,YAO,TC,2026,0.0,396.37,185837.21,711358.85,-711358.85,fmavct_kbfc,400000.0,169111.89,680.0,230208.11,6,2,20|40
3210421091,SHS,30,2026,0.0,670.78,0.0,0.0,-670.78,fmifiit_fmioi,0.0,0.0,0.0,0.0,0,no_ps_link,30
633CRP1303,ACR,40,2026,0.0,487.16,2511.78,0.0,-2998.94,fmifiit_fmioi,0.0,0.0,0.0,0.0,0,no_ps_link,40
A230572061,ACR,50,2026,0.0,28.12,26943.86,0.0,-26971.98,fmifiit_fmioi,0.0,0.0,0.0,0.0,0,no_ps_link,50
3210221111,HYD,20,2026,0.0,19964.0,105704.84,0.0,-125668.84,fmifiit_fmioi,0.0,0.0,0.0,0.0,0,no_ps_link,20
549YEM4001,DOH,REVENUE,2026,513088.77,0.0,0.0,0.0,513088.77,fmifiit_fmioi,50192380.98,3448865.67,702917.78,46040597.53,21,4,REVENUE
549UKR5000,DHE,REVENUE,2026,1370457.9,0.0,0.0,0.0,1370457.9,fmifiit_fmioi,5903958.0,-1997447.51,93.3,7901312.21,10,4,REVENUE
507GLO1039,UNE,10',2026,1939.5,318.46,0.0,0.0,1621.04,fmifiit_fmioi,409358.09,-465420.41,0.0,874778.5,1,4,10'
3210641021,DPT,13,2026,1590.36,0.0,0.0,0.0,1590.36,fmifiit_fmioi,0.0,0.0,0.0,0.0,0,no_ps_link,13
3210631111,FMD,13,2026,4771.08,0.0,0.0,0.0,4771.08,fmifiit_fmioi,0.0,0.0,0.0,0.0,0,no_ps_link,13
518BDI1001,BUJ,REVENUE,2026,27706.72,0.0,0.0,0.0,27706.72,fmifiit_fmioi,154898.02,745111.49,0.0,-590213.47,8,3,REVENUE
473LEB9001,BSP,REVENUE,2026,1184537.76,0.0,0.0,0.0,1184537.76,fmifiit_fmioi,0.0,-368390.79,0.0,368390.79,1,4,REVENUE
235BDI4000,YAO,REVENUE,2026,412708.63,0.0,0.0,0.0,412708.63,fmifiit_fmioi,1542836.0,-412708.63,0.0,1955544.63,93,4,REVENUE
2210511053,WHC,10',2026,0.0,416.87,0.0,0.0,-416.87,fmifiit_fmioi,0.0,0.0,0.0,0.0,0,no_ps_link,10'
257GLO1043,IPS,13,2026,6320.17,0.0,0.0,3500.0,2820.17,fmavct_kbfc,101122.99,36213.31,0.0,64909.68,46,4,13
3210526102,BRZ,10',2026,13.33,1242.48,0.0,0.0,-1229.15,fmifiit_fmioi,0.0,0.0,0.0,0.0,0,no_ps_link,10'
A230545061,MXC,40,2026,0.0,163.14,0.0,0.0,-163.14,fmifiit_fmioi,0.0,0.0,0.0,0.0,0,no_ps_link,40
549RLA4001,KNG,20,2026,0.0,47745.54,3192047.12,10.87,-10.87,fmavct_kbfc,6550201.23,9968596.47,0.0,-3418395.24,40,1,20
633CRP1106,API,50,2026,0.0,559.81,74.2,0.0,-634.01,fmifiit_fmioi,0.0,0.0,0.0,0.0,0,no_ps_link,50
3210484042,HAN,11,2026,0.0,775.0,8990.0,0.0,-9765.0,fmifiit_fmioi,0.0,0.0,0.0,0.0,0,no_ps_link,11
633CRP1658,YAO,50,2026,0.0,142.91,4732.84,0.0,-4875.75,fmifiit_fmioi,0.0,0.0,0.0,0.0,0,no_ps_link,50
637FOR7333,KAT,REVENUE,2026,0.0,14939.6,0.0,0.0,-14939.6,fmifiit_fmioi,0.0,0.0,0.0,0.0,0,no_ps_link,REVENUE
633CRP5391,FMD,10',2026,140.33,5070.59,0.0,0.0,-4930.26,fmifiit_fmioi,0.0,0.0,0.0,0.0,0,no_ps_link,10'
A230572031,YAO,40,2026,0.0,250.52,513.12,0.0,-763.64,fmifiit_fmioi,0.0,0.0,0.0,0.0,0,no_ps_link,40
3230837132,STG,20,2026,0.0,3076.32,14966.7,0.0,-18043.02,fmifiit_fmioi,0.0,0.0,0.0,0.0,0,no_ps_link,20
633CRP2156,VNI,50,2026,170.01,0.0,0.0,0.0,170.01,fmifiit_fmioi,0.0,0.0,0.0,0.0,0,no_ps_link,50
469GLO1007,IPS,50,2026,295.16,50000.0,0.0,40352.59,-40057.43,fmavct_kbfc,726775.63,-440479.63,0.0,1167255.26,1,2,50
474GLO1005,TED,TC,2026,9083.38,162746.31,702.58,1744.83,7338.55,fmavct_kbfc,1165000.0,-818441.16,0.0,1983441.16,41,4,10'|11|13|20|50
412RAF0029,AFR,50,2026,2372.54,14.58,0.0,34018.8,-31646.26,fmavct_kbfc,426150.12,8557291.13,45835.0,-8176976.01,6,1,50
A210541011,CHP,50,2026,1485.21,136.58,0.0,0.0,1348.63,fmifiit_fmioi,0.0,0.0,0.0,0.0,0,no_ps_link,50
570GLO2034,VNI,REVENUE,2026,40369.09,0.0,0.0,0.0,40369.09,fmifiit_fmioi,655853.0,-22037.61,0.0,677890.61,16,4,REVENUE
406GLO1056,GCP,REVENUE,2026,183046.0,0.0,0.0,0.0,183046.0,fmifiit_fmioi,171071.0,-10313.0,0.0,181384.0,1,4,REVENUE
3210245061,GUC,10',2026,8.5,0.0,0.0,0.0,8.5,fmifiit_fmioi,0.0,0.0,0.0,0.0,0,no_ps_link,10'
567UKR1002,IEV,TC,2026,1621.22,76114.38,259551.88,4034.69,-2413.47,fmavct_kbfc,3288744.59,-1316318.6,0.0,4605063.19,11,2,10'|13|20|40|50
2210215141,MXC,50,2026,0.0,564.43,0.0,0.0,-564.43,fmifiit_fmioi,0.0,0.0,0.0,0.0,0,no_ps_link,50
3230875151,POP,50,2026,0.0,3000.0,0.0,0.0,-3000.0,fmifiit_fmioi,0.0,0.0,0.0,0.0,0,no_ps_link,50
193EWS2042,PRT,REVENUE,2026,416000.0,0.0,0.0,0.0,416000.0,fmifiit_fmioi,630320.56,942642.69,0.0,-312322.13,1,3,REVENUE
193EWS2043,PRT,REVENUE,2026,416000.0,0.0,0.0,0.0,416000.0,fmifiit_fmioi,388784.0,-297207.67,0.0,685991.67,1,4,REVENUE
513GLO2050,HYD,50,2026,0.0,315.12,209.92,0.0,-525.04,fmifiit_fmioi,1794774.47,86527.5,5320.0,1702926.97,12,2,50
2210214024,BEJ,50,2026,0.0,26.18,52.36,0.0,-78.54,fmifiit_fmioi,0.0,0.0,0.0,0.0,0,no_ps_link,50
3210554022,BEJ,11,2026,0.0,3183.54,8183.54,0.0,-11367.08,fmifiit_fmioi,0.0,0.0,0.0,0.0,0,no_ps_link,11
504NEP1000,KAT,20,2026,0.0,65765.39,696381.76,0.0,-762147.15,fmifiit_fmioi,1772704.5,2406451.28,630287.56,-1264034.34,15,1,20
680HRM3115,HRM,20,2026,0.0,205598.9,6393534.69,0.0,-6599133.59,fmifiit_fmioi,0.0,0.0,0.0,0.0,0,no_ps_link,20
A230542211,WIN,20,2026,0.0,1608.11,4122.14,0.0,-5730.25,fmifiit_fmioi,0.0,0.0,0.0,0.0,0,no_ps_link,20
3230876101,SAR,50,2026,0.0,10.93,0.0,0.0,-10.93,fmifiit_fmioi,0.0,0.0,0.0,0.0,0,no_ps_link,50
633CRP1602,ABU,50,2026,0.0,5.08,861.28,0.0,-866.36,fmifiit_fmioi,0.0,0.0,0.0,0.0,0,no_ps_link,50
633CRP1112,BGK,50,2026,0.0,3.31,1531.96,0.0,-1535.27,fmifiit_fmioi,0.0,0.0,0.0,0.0,0,no_ps_link,50
504LEB5000,BEI,TC,2026,0.0,31115.92,68305.18,0.0,-99421.1,fmifiit_fmioi,739289.12,-291181.97,0.0,1030471.09,15,2,11|20|50
556GLO5001,DHE,30,2026,62.25,6685.24,5772.52,9183.32,-9121.07,fmavct_kbfc,4123087.62,1861461.5,18000.0,2243626.12,35,2,30
3210114042,NDL,40,2026,0.0,287.36,559.48,0.0,-846.84,fmifiit_fmioi,0.0,0.0,0.0,0.0,0,no_ps_link,40
537INT2000,DRR,50,2026,0.0,117.04,0.0,23833.33,-23833.33,fmavct_kbfc,758990.0,1493541.56,49500.0,-784051.56,3,1,50
537INT2000,DRR,10',2026,139.7,4090.82,0.0,26479.53,-26339.83,fmavct_kbfc,758990.0,1493541.56,49500.0,-784051.56,3,1,10'
182GLO4043,DCE,TC,2026,0.0,58258.64,929018.5,36026.47,-36026.47,fmavct_kbfc,2746582.3,1431.86,0.0,2745150.44,21,2,10'|13|20|30
406GLO1056,GCP,TC,2026,508.59,48188.4,12752.4,6583.14,-6074.55,fmavct_kbfc,171071.0,-10313.0,0.0,181384.0,1,2,10'|20|30|50
633CRP1602,ABU,20,2026,0.0,1835.46,3351.58,0.0,-5187.04,fmifiit_fmioi,0.0,0.0,0.0,0.0,0,no_ps_link,20
3230841891,LBV,20,2026,0.0,4586.02,16258.94,0.0,-20844.96,fmifiit_fmioi,0.0,0.0,0.0,0.0,0,no_ps_link,20
680BSP3002,BSP,20,2026,0.0,10119.11,62839.72,0.0,-72958.83,fmifiit_fmioi,0.0,0.0,0.0,0.0,0,no_ps_link,20
680BSP4201,BSP,20,2026,0.0,1366.0,2732.0,0.0,-4098.0,fmifiit_fmioi,0.0,0.0,0.0,0.0,0,no_ps_link,20
822GLO4001,DCE,TC,2026,0.0,9019.62,49494.4,10052.56,-10052.56,fmavct_kbfc,336947.0,-158179.49,0.0,495126.49,1,2,20
821GLO1004,SDG,NPC,2026,0.0,2750.0,12424.56,0.04,-0.04,fmavct_kbfc,287578.57,63810.0,0.0,223768.57,1,2,20
680ETH3101,ETH,10',2026,0.0,327.34,0.0,0.0,-327.34,fmifiit_fmioi,0.0,0.0,0.0,0.0,0,no_ps_link,10'
555RAS2026,IOC,TC,2026,6402.28,76788.26,157250.0,39352.79,-32950.51,fmavct_kbfc,240873.0,7170.95,25204.05,208498.0,16,2,10'|11|20
633CRP7341,MXC,11,2026,0.0,1738.16,3476.32,0.0,-5214.48,fmifiit_fmioi,0.0,0.0,0.0,0.0,0,no_ps_link,11
669ICT9002,BKI,11,2026,0.0,4021.35,18107.42,0.0,-22128.77,fmifiit_fmioi,0.0,0.0,0.0,0.0,0,no_ps_link,11
A210521011,LHE,20,2026,1409.64,18592.38,100005.54,0.0,-117188.28,fmifiit_fmioi,0.0,0.0,0.0,0.0,0,no_ps_link,20
2210513013,RAB,40,2026,0.0,660.7,2676.16,0.0,-3336.86,fmifiit_fmioi,0.0,0.0,0.0,0.0,0,no_ps_link,40
501PER4001,LIM,40,2026,0.0,150.87,819.98,281.87,-281.87,fmavct_kbfc,50916.97,7527.3,0.0,43389.67,1,2,40
633CRP1330,JAK,11,2026,0.0,13170.82,198998.0,0.0,-212168.82,fmifiit_fmioi,0.0,0.0,0.0,0.0,0,no_ps_link,11
3230855021,API,40,2026,0.0,15060.0,36200.38,0.0,-51260.38,fmifiit_fmioi,0.0,0.0,0.0,0.0,0,no_ps_link,40
650RER0001,VNI,40,2026,0.0,956.85,42007.4,149436.97,-149436.97,fmavct_kbfc,161261.61,-77328.57,0.0,238590.18,1,2,40
A230543011,AMN,40,2026,0.0,350.3,273.02,0.0,-623.32,fmifiit_fmioi,0.0,0.0,0.0,0.0,0,no_ps_link,40
3210114022,BGK,20,2026,0.0,2027.48,129814.14,0.0,-131841.62,fmifiit_fmioi,0.0,0.0,0.0,0.0,0,no_ps_link,20
3210544101,ISB,20,2026,0.0,2726.71,41140.45,0.0,-43867.16,fmifiit_fmioi,0.0,0.0,0.0,0.0,0,no_ps_link,20
3210521021,UCH,11,2026,0.0,15000.0,108626.16,0.0,-123626.16,fmifiit_fmioi,0.0,0.0,0.0,0.0,0,no_ps_link,11
549GLO1003,GEM,30,2026,67.77,21182.32,0.0,0.8,66.97,fmavct_kbfc,6937525.68,460012.45,2000.0,6475513.23,11,4,30
3210633071,DHA,20,2026,0.0,16900.41,120680.76,0.0,-137581.17,fmifiit_fmioi,0.0,0.0,0.0,0.0,0,no_ps_link,20
A230542171,LAD,40,2026,0.0,1091.42,0.0,0.0,-1091.42,fmifiit_fmioi,0.0,0.0,0.0,0.0,0,no_ps_link,40
633CRP5217,DAK,40,2026,0.0,175.8,0.0,0.0,-175.8,fmifiit_fmioi,0.0,0.0,0.0,0.0,0,no_ps_link,40
3210141012,YLS,30,2026,0.0,40313.28,0.0,0.0,-40313.28,fmifiit_fmioi,0.0,0.0,0.0,0.0,0,no_ps_link,30
3210221011,HYD,20,2026,0.0,10144.93,77398.6,0.0,-87543.53,fmifiit_fmioi,0.0,0.0,0.0,0.0,0,no_ps_link,20
669ICT9002,BKI,GAINS,2026,5100.18,0.0,0.0,0.0,5100.18,fmifiit_fmioi,0.0,0.0,0.0,0.0,0,no_ps_link,GAINS
A110113021,SCG,13,2026,0.0,8643.17,0.0,0.0,-8643.17,fmifiit_fmioi,0.0,0.0,0.0,0.0,0,no_ps_link,13
A110113021,SCG,CDSP,2026,0.0,435.34,0.0,0.0,-435.34,fmifiit_fmioi,0.0,0.0,0.0,0.0,0,no_ps_link,CDSP
A110113021,SCG,BRSTAT,2026,0.0,435.36,0.0,0.0,-435.36,fmifiit_fmioi,0.0,0.0,0.0,0.0,0,no_ps_link,BRSTAT
A110112021,SCX,13,2026,0.0,328951.99,0.0,0.0,-328951.99,fmifiit_fmioi,0.0,0.0,0.0,0.0,0,no_ps_link,13
A110112021,SCX,CDSP,2026,0.0,21176.28,0.0,0.0,-21176.28,fmifiit_fmioi,0.0,0.0,0.0,0.0,0,no_ps_link,CDSP
A110112021,SCX,BRSTAT,2026,0.0,21128.29,0.0,0.0,-21128.29,fmifiit_fmioi,0.0,0.0,0.0,0.0,0,no_ps_link,BRSTAT
633TFC7305,AMN,20,2026,0.0,12.0,7412.72,0.0,-7424.72,fmifiit_fmioi,0.0,0.0,0.0,0.0,0,no_ps_link,20
2210155041,STG,40,2026,0.0,170.0,5233.38,0.0,-5403.38,fmifiit_fmioi,0.0,0.0,0.0,0.0,0,no_ps_link,40
A230542691,BRV,40,2026,0.0,5532.88,11065.76,0.0,-16598.64,fmifiit_fmioi,0.0,0.0,0.0,0.0,0,no_ps_link,40
A230572081,BAM,40,2026,0.0,22.85,0.0,0.0,-22.85,fmifiit_fmioi,0.0,0.0,0.0,0.0,0,no_ps_link,40
422ARG0005,IEP,50,2026,0.0,24.19,50801.8,70979.17,-70979.17,fmavct_kbfc,293605.21,-22605066.25,0.0,22898671.46,1,2,50
3230837091,MTD,40,2026,0.0,1861.24,62106.7,0.0,-63967.94,fmifiit_fmioi,0.0,0.0,0.0,0.0,0,no_ps_link,40
A110111031,SCX,10',2026,0.0,57992.86,0.0,0.0,-57992.86,fmifiit_fmioi,0.0,0.0,0.0,0.0,0,no_ps_link,10'
A110111031,SCX,30,2026,0.0,554.0,0.0,0.0,-554.0,fmifiit_fmioi,0.0,0.0,0.0,0.0,0,no_ps_link,30
263ZIM2000,HAR,50,2026,0.0,4.4,16104.26,0.0,-16108.66,fmifiit_fmioi,1073248.62,147444.38,10000.0,915804.24,6,2,50
COL1000571,SJO,TC,2026,12815.0,134337.53,481141.81,5500.0,7315.0,fmavct_kbfc,1352934.92,5900.0,0.0,1347034.92,22,4,11|20|30
A210231051,HYD,20,2026,0.0,2994.52,5989.04,0.0,-8983.56,fmifiit_fmioi,0.0,0.0,0.0,0.0,0,no_ps_link,20
505GLO4000,MHM,30,2026,0.0,1302.2,0.0,0.0,-1302.2,fmifiit_fmioi,4310598.5,-759341.11,130999.0,4938940.61,4,2,30
221KEN2000,NAI,50,2026,0.0,1286.21,21028.48,25603.57,-25603.57,fmavct_kbfc,9217393.92,12827091.52,221836.74,-3831534.34,27,1,50
A210442051,NAI,50,2026,0.0,25.12,0.0,0.0,-25.12,fmifiit_fmioi,0.0,0.0,0.0,0.0,0,no_ps_link,50
GEF,UNE,REVENUE,2026,0.0,205.46,0.0,0.0,-205.46,fmifiit_fmioi,0.0,0.0,0.0,0.0,0,no_ps_link,REVENUE
3230211022,ABV,10',2026,162.0,0.0,0.0,0.0,162.0,fmifiit_fmioi,0.0,0.0,0.0,0.0,0,no_ps_link,10'
3210411022,IRD,40,2026,576.7,0.0,0.0,0.0,576.7,fmifiit_fmioi,0.0,0.0,0.0,0.0,0,no_ps_link,40
3210221171,HYD,40,2026,78.25,0.0,5998.0,0.0,-5919.75,fmifiit_fmioi,0.0,0.0,0.0,0.0,0,no_ps_link,40
412INT0001,AFR,40,2026,634.37,2757.74,11995.0,45402.45,-44768.08,fmavct_kbfc,1134123.5,1013581.51,0.0,120541.99,8,2,40
A110111031,SCX,40,2026,438.12,0.0,0.0,0.0,438.12,fmifiit_fmioi,0.0,0.0,0.0,0.0,0,no_ps_link,40
A210231051,HYD,40,2026,1204.82,0.0,0.0,0.0,1204.82,fmifiit_fmioi,0.0,0.0,0.0,0.0,0,no_ps_link,40
A210451061,OPC,40,2026,2705.33,0.0,0.0,0.0,2705.33,fmifiit_fmioi,0.0,0.0,0.0,0.0,0,no_ps_link,40
A110111041,GBS,11,2026,0.0,1253.33,2506.66,0.0,-3759.99,fmifiit_fmioi,0.0,0.0,0.0,0.0,0,no_ps_link,11
633CRP1412,BGK,10',2026,18.52,4969.42,0.0,0.0,-4950.9,fmifiit_fmioi,0.0,0.0,0.0,0.0,0,no_ps_link,10'
633CRP4145,PNP,10',2026,0.0,220.56,0.0,0.0,-220.56,fmifiit_fmioi,0.0,0.0,0.0,0.0,0,no_ps_link,10'
A210482021,NAI,30,2026,0.0,4531.56,0.0,0.0,-4531.56,fmifiit_fmioi,0.0,0.0,0.0,0.0,0,no_ps_link,30
570MON2000,BEJ,REVENUE,2026,544525.0,0.0,0.0,0.0,544525.0,fmifiit_fmioi,1376146.77,126218353.44,23463.28,-124865669.95,1,3,REVENUE
808GLO4005,LHE,REVENUE,2026,114411.0,0.0,0.0,0.0,114411.0,fmifiit_fmioi,321309.0,-7652.12,0.0,328961.12,1,4,REVENUE
546GLO2009,SCI,REVENUE,2026,234000.0,0.0,0.0,0.0,234000.0,fmifiit_fmioi,1181331.72,412715.67,344.67,768271.38,6,4,REVENUE
546GLO2011,DRR,REVENUE,2026,558074.0,0.0,0.0,0.0,558074.0,fmifiit_fmioi,465041.0,-183594.77,0.0,648635.77,5,4,REVENUE
810GLO4007,EPR,REVENUE,2026,75255.0,0.0,0.0,0.0,75255.0,fmifiit_fmioi,298258.0,-310388.73,276.0,608370.73,1,4,REVENUE
810GLO1020,IEP,REVENUE,2026,212150.0,0.0,0.0,0.0,212150.0,fmifiit_fmioi,162470.0,-170338.42,2580.0,330228.42,1,4,REVENUE
3210564042,JAK,10',2026,23.87,2572.81,0.0,0.0,-2548.94,fmifiit_fmioi,0.0,0.0,0.0,0.0,0,no_ps_link,10'
810GLO1020,IEP,10',2026,36.99,869.4,0.0,17740.01,-17703.02,fmavct_kbfc,162470.0,-170338.42,2580.0,330228.42,1,2,10'
560IRQ4000,BAG,40,2026,0.0,1968.17,212138.28,1020.47,-1020.47,fmavct_kbfc,56701869.09,2042881901.8,0.0,-1986180032.71,19,1,40
633CRP9003,IEV,REVENUE,2026,3265.29,0.0,0.0,0.0,3265.29,fmifiit_fmioi,375.0,-3197980.67,133.0,3198222.67,705,4,REVENUE
633CRP9003,KAT,REVENUE,2026,5087.5,0.0,0.0,0.0,5087.5,fmifiit_fmioi,375.0,-3197980.67,133.0,3198222.67,705,4,REVENUE
633CRP9003,MTD,REVENUE,2026,25528.32,0.0,0.0,0.0,25528.32,fmifiit_fmioi,375.0,-3197980.67,133.0,3198222.67,705,4,REVENUE
633CRP9003,ABU,REVENUE,2026,63377.48,0.0,0.0,0.0,63377.48,fmifiit_fmioi,375.0,-3197980.67,133.0,3198222.67,705,4,REVENUE
633CRP9003,IOC,REVENUE,2026,16808.48,0.0,0.0,0.0,16808.48,fmifiit_fmioi,375.0,-3197980.67,133.0,3198222.67,705,4,REVENUE
633CRP9003,JAK,REVENUE,2026,58860.36,0.0,0.0,0.0,58860.36,fmifiit_fmioi,375.0,-3197980.67,133.0,3198222.67,705,4,REVENUE
633CRP9003,MXC,REVENUE,2026,5836.83,0.0,0.0,0.0,5836.83,fmifiit_fmioi,375.0,-3197980.67,133.0,3198222.67,705,4,REVENUE
526GLO2004,HYD,REVENUE,2026,342031.01,0.0,0.0,0.0,342031.01,fmifiit_fmioi,2915485.78,46995087.95,6776548.0,-50856150.17,20,3,REVENUE
549RER3002,RPF,REVENUE,2026,30077.39,3018.81,0.0,0.0,27058.58,fmifiit_fmioi,210458.79,-55205.34,337.0,265327.13,7,4,REVENUE
636TPF9001,UNESCO,GAINS,2026,0.0,2064.07,0.0,0.0,-2064.07,fmifiit_fmioi,0.0,0.0,0.0,0.0,0,no_ps_link,GAINS
637FOR9000,BRZ,REVENUE,2026,0.0,529.82,0.0,0.0,-529.82,fmifiit_fmioi,0.0,0.0,0.0,0.0,0,no_ps_link,REVENUE
354GLO5011,IPD,REVENUE,2026,100000.0,0.0,0.0,0.0,100000.0,fmifiit_fmioi,3548462.25,2567906.12,1000.0,979556.13,54,4,REVENUE
354GLO5012,IPD,REVENUE,2026,102000.0,0.0,0.0,0.0,102000.0,fmifiit_fmioi,4643498.01,355002.55,1538472.14,2750023.32,50,4,REVENUE
355GLO5005,IPD,REVENUE,2026,4400.0,0.0,0.0,0.0,4400.0,fmifiit_fmioi,915251.91,-91857.88,0.0,1007109.79,17,4,REVENUE
537GLO0003,DBS,REVENUE,2026,150000.0,0.0,0.0,0.0,150000.0,fmifiit_fmioi,137614.0,-150000.0,0.0,287614.0,1,4,REVENUE
537RAS4003,ATA,REVENUE,2026,117141.0,0.0,0.0,0.0,117141.0,fmifiit_fmioi,107468.81,-117141.0,0.0,224609.81,1,4,REVENUE
511IES5515,IES,10',2026,187.46,0.0,0.0,0.0,187.46,fmifiit_fmioi,0.0,0.0,0.0,0.0,0,no_ps_link,10'
917URU1001,IES,30,2026,17572.88,17404.0,0.0,1696208.87,-1678635.99,fmavct_kbfc,1280064.61,266164.26,0.02,1013900.33,1,2,30
917URU1001,IES,50,2026,6334.83,0.0,2752.52,20000.0,-13665.17,fmavct_kbfc,1280064.61,266164.26,0.02,1013900.33,1,2,50
511IES5545,IES,10',2026,1653.5,0.0,0.0,0.0,1653.5,fmifiit_fmioi,0.0,0.0,0.0,0.0,0,no_ps_link,10'
355GLO5007,IPD,REVENUE,2026,21000.0,0.0,0.0,0.0,21000.0,fmifiit_fmioi,773389.02,-161146.28,11490.0,923045.3,13,4,REVENUE
469GLO1004,HED,REVENUE,2026,201214.0,0.0,0.0,0.0,201214.0,fmifiit_fmioi,1116583.0,-325864.8,0.0,1442447.8,2,4,REVENUE
A230542121,HAR,40,2026,0.0,860.74,0.0,0.0,-860.74,fmifiit_fmioi,0.0,0.0,0.0,0.0,0,no_ps_link,40
559JPN9001,BSP,REVENUE,2026,237274.0,0.0,0.0,0.0,237274.0,fmifiit_fmioi,0.0,310407.0,0.0,-310407.0,1,3,REVENUE
559GLO1045,SDG,REVENUE,2026,230407.0,0.0,0.0,0.0,230407.0,fmifiit_fmioi,0.0,-230407.0,0.0,230407.0,11,4,REVENUE
3230711052,CPE,40,2026,891.06,0.0,7921.54,0.0,-7030.48,fmifiit_fmioi,0.0,0.0,0.0,0.0,0,no_ps_link,40
3230711061,CPE,40,2026,129.45,0.0,10198.24,0.0,-10068.79,fmifiit_fmioi,0.0,0.0,0.0,0.0,0,no_ps_link,40
825GLO0003,CAB,10',2026,0.0,782.62,0.0,11206093.43,-11206093.43,fmavct_kbfc,174418.04,4576.33,0.0,169841.71,1,2,10'
530GLO5000,FEJ,REVENUE,2026,27446.25,0.0,0.0,0.0,27446.25,fmifiit_fmioi,299586.4,72926.65,0.0,226659.75,5,4,REVENUE
A230411071,CPE,20,2026,0.0,1167.46,1313.91,0.0,-2481.37,fmifiit_fmioi,0.0,0.0,0.0,0.0,0,no_ps_link,20
A230411051,CPE,40,2026,0.0,805.12,0.0,0.0,-805.12,fmifiit_fmioi,0.0,0.0,0.0,0.0,0,no_ps_link,40
OPF,UNESCO,REVENUE,2026,3344209.54,0.0,0.0,0.0,3344209.54,fmifiit_fmioi,0.0,0.0,0.0,0.0,0,no_ps_link,REVENUE
MBF,UNESCO,REVENUE,2026,2992932.74,0.0,0.0,0.0,2992932.74,fmifiit_fmioi,0.0,0.0,0.0,0.0,0,no_ps_link,REVENUE
534AFG4006,KAB,REVENUE,2026,489142.0,0.0,0.0,0.0,489142.0,fmifiit_fmioi,6993976.02,523261.76,10028.06,6460686.2,15,4,REVENUE
182GLO4041,DCE,80,2026,0.0,2472.93,0.0,0.0,-2472.93,fmifiit_fmioi,2229312.26,155679.7,16227.0,2057405.56,41,2,80
182GLO4043,DCE,80,2026,0.0,579.23,0.0,0.0,-579.23,fmifiit_fmioi,2746582.3,1431.86,0.0,2745150.44,21,2,80
196EVA4042,WHC,80,2026,0.0,20313.7,0.0,0.0,-20313.7,fmifiit_fmioi,1284715.31,-54418.01,0.0,1339133.32,1,2,80
196EVA4043,WHC,80,2026,0.0,2118.36,0.0,0.0,-2118.36,fmifiit_fmioi,51623.0,-130657.66,0.0,182280.66,1,2,80
196PER4043,WHC,80,2026,0.0,4530.33,0.0,434025.16,-434025.16,fmavct_kbfc,215630.9,-88643.7,0.0,304274.6,7,2,80
221PRC1002,BRV,80,2026,0.0,10920.71,0.0,20538.34,-20538.34,fmavct_kbfc,875446.0,-509242.18,0.0,1384688.18,4,2,80
230RAS2007,JAK,80,2026,0.0,543.8,0.0,274.73,-274.73,fmavct_kbfc,657924.0,685346.32,1038211.47,-1065633.79,27,1,80
235BIH5000,SAR,80,2026,0.0,981.19,0.0,1992.36,-1992.36,fmavct_kbfc,1287000.0,-773792.27,0.0,2060792.27,33,2,80
235GUA1002,GUC,80,2026,0.0,1415.16,0.0,0.0,-1415.16,fmifiit_fmioi,1410000.0,142578.78,12000.0,1255421.22,57,2,80
235RSS3000,JUB,80,2026,0.0,978.88,0.0,19312.69,-19312.69,fmavct_kbfc,3133712.46,406683.82,0.0,2727028.64,33,2,80
257GLO1043,IPS,80,2026,0.0,3516.96,0.0,5511.31,-5511.31,fmavct_kbfc,101122.99,36213.31,0.0,64909.68,46,2,80
257GLO1046,IPS,80,2026,0.0,2985.58,0.0,4719.75,-4719.75,fmavct_kbfc,745899.6,31422054.71,0.0,-30676155.11,46,1,80
271AFG4004,KAB,80,2026,0.0,60.98,0.0,6958.31,-6958.31,fmavct_kbfc,467320.15,22838.91,0.0,444481.24,14,2,80
273PER2000,LIM,80,2026,0.0,3513.52,0.0,8300.0,-8300.0,fmavct_kbfc,2237770.76,44958.54,5200.0,2187612.22,75,2,80
355GLO5005,IPD,80,2026,0.0,490.0,0.0,0.0,-490.0,fmifiit_fmioi,915251.91,-91857.88,0.0,1007109.79,17,2,80
355GLO5008,IPD,80,2026,0.0,8649.16,0.0,15.03,-15.03,fmavct_kbfc,1334735.44,-191275.0,26250.0,1499760.44,19,2,80
402EGY4003,WHC,80,2026,0.0,140.0,0.0,10239.94,-10239.94,fmavct_kbfc,349532.02,2454179.2,0.0,-2104647.18,15,1,80
406GLO0088,CPE,80,2026,0.0,327.87,0.0,7473.21,-7473.21,fmavct_kbfc,42781.0,2000.0,0.0,40781.0,1,2,80
406GLO1056,GCP,80,2026,0.0,1105.29,0.0,6995.89,-6995.89,fmavct_kbfc,171071.0,-10313.0,0.0,181384.0,1,2,80
406GLO3009,MTF,80,2026,0.0,1190.5,0.0,41836.42,-41836.42,fmavct_kbfc,17720.0,-11562.0,0.0,29282.0,1,2,80
406HAI0002,POP,80,2026,0.0,3403.2,0.0,0.0,-3403.2,fmifiit_fmioi,50000.0,133910.0,0.0,-83910.0,1,1,80
412RAF4003,DCE,80,2026,0.0,518.94,0.0,64540.65,-64540.65,fmavct_kbfc,15098.88,5500.0,0.0,9598.88,2,2,80
474GLO1005,TED,80,2026,0.0,12028.03,0.0,0.0,-12028.03,fmifiit_fmioi,1165000.0,-818441.16,0.0,1983441.16,41,2,80
504LEB5000,BEI,80,2026,0.0,2627.33,0.0,0.0,-2627.33,fmifiit_fmioi,739289.12,-291181.97,0.0,1030471.09,15,2,80
505GLO4000,MHM,80,2026,0.0,12398.83,0.0,0.0,-12398.83,fmifiit_fmioi,4310598.5,-759341.11,130999.0,4938940.61,4,2,80
507GLO1039,UNE,80,2026,0.0,7220.34,0.0,0.0,-7220.34,fmifiit_fmioi,409358.09,-465420.41,0.0,874778.5,1,2,80
513TRI2000,EES,80,2026,0.0,1491.3,0.0,0.0,-1491.3,fmifiit_fmioi,91600.0,16570.0,0.0,75030.0,2,2,80
520GLO0001,OPS,80,2026,0.0,10861.01,0.0,10666.66,-10666.66,fmavct_kbfc,2325742.52,-1103537.16,104800.0,3324479.68,5,2,80
523AFG1000,KAB,80,2026,0.0,2496.33,0.0,2836.45,-2836.45,fmavct_kbfc,292513.76,-110775.67,0.0,403289.43,7,2,80
526IVC5000,DHE,80,2026,0.0,4833.95,0.0,34.34,-34.34,fmavct_kbfc,1117268.46,299704.58,29141.8,788422.08,14,2,80
537CMB4001,PNP,80,2026,0.0,2700.0,0.0,611.33,-611.33,fmavct_kbfc,740632.47,-28152.78,0.0,768785.25,1,2,80
538GLO2000,EES,80,2026,0.0,273.49,0.0,361.98,-361.98,fmavct_kbfc,4684936.94,1251663.6,0.0,3433273.34,27,2,80
549HAI1000,POP,80,2026,0.0,1997.08,0.0,16418.22,-16418.22,fmavct_kbfc,5213644.91,4775.0,0.0,5208869.91,27,2,80
549RLA4001,KNG,80,2026,0.0,4262.7,0.0,9530.24,-9530.24,fmavct_kbfc,6550201.23,9968596.47,0.0,-3418395.24,40,1,80
555GLO2003,IOC,80,2026,0.0,812.11,0.0,3.86,-3.86,fmavct_kbfc,1049149.0,-214927.81,0.0,1264076.81,8,2,80
555RAS2026,IOC,80,2026,0.0,2492.15,0.0,14.47,-14.47,fmavct_kbfc,240873.0,7170.95,25204.05,208498.0,16,2,80
567GAB2000,LBV,80,2026,0.0,1112.19,0.0,1115153.31,-1115153.31,fmavct_kbfc,654012.0,-165700.0,2276.0,817436.0,9,2,80
567UKR1002,IEV,80,2026,0.0,6250.44,0.0,3383.23,-3383.23,fmavct_kbfc,3288744.59,-1316318.6,0.0,4605063.19,11,2,80
567UKR4002,IEV,80,2026,0.0,3772.63,0.0,17658.33,-17658.33,fmavct_kbfc,4416402.68,-1548650.59,0.0,5965053.27,11,2,80
567UKR5002,IEV,80,2026,0.0,6081.78,0.0,11403.74,-11403.74,fmavct_kbfc,2196859.52,-1006658.64,0.0,3203518.16,13,2,80
570GLO2016,HYD,80,2026,0.0,138.84,0.0,248.54,-248.54,fmavct_kbfc,290177.76,4075.96,0.0,286101.8,21,2,80
570GLO2032,IOC,80,2026,0.0,5900.26,0.0,425.22,-425.22,fmavct_kbfc,1835054.38,37508.0,0.0,1797546.38,14,2,80
570GLO2043,PBS,80,2026,0.0,561.13,0.0,569.65,-569.65,fmavct_kbfc,271378.26,6195.2,0.0,265183.06,8,2,80
570PAL1000,RAM,80,2026,0.0,8234.94,0.0,3032.31,-3032.31,fmavct_kbfc,3129717.95,-801456.85,70000.0,3861174.8,25,2,80
570RER2003,VNI,80,2026,0.0,3054.5,0.0,5910.51,-5910.51,fmavct_kbfc,714013.7,-237606.24,0.0,951619.94,7,2,80
570RSS1001,JUB,80,2026,0.0,7954.6,0.0,1977.0,-1977.0,fmavct_kbfc,1090261.34,10171.1,0.0,1080090.24,18,2,80
577CHD5000,YAO,80,2026,0.0,569.76,0.0,585.49,-585.49,fmavct_kbfc,192535.4,-97748.59,74599.1,215684.89,5,2,80
580GLO1005,ITE,80,2026,0.0,250.44,0.0,57.47,-57.47,fmavct_kbfc,45486.19,2737.07,0.0,42749.12,1,2,80
580GLO1007,ITE,80,2026,0.0,156.33,0.0,8900.0,-8900.0,fmavct_kbfc,51555.56,1736.98,0.0,49818.58,1,2,80
802GLO1005,PLS,80,2026,0.0,815.81,0.0,56380.2,-56380.2,fmavct_kbfc,125950.23,118976.31,2849.16,4124.76,1,2,80
808GLO2002,HYD,80,2026,0.0,7585.5,0.0,36189.97,-36189.97,fmavct_kbfc,148338.64,-48686.18,0.0,197024.82,1,2,80
821GLO0006,AFR,80,2026,0.0,694.84,0.0,4477.74,-4477.74,fmavct_kbfc,66419.26,33012.28,4430.35,28976.63,1,2,80
822GLO4001,DCE,80,2026,0.0,1082.35,0.0,50781.05,-50781.05,fmavct_kbfc,336947.0,-158179.49,0.0,495126.49,1,2,80
825GLO0003,CAB,80,2026,0.0,93.91,0.0,44169.8,-44169.8,fmavct_kbfc,174418.04,4576.33,0.0,169841.71,1,2,80
825RAB4000,WHC,80,2026,0.0,113.4,0.0,74373.04,-74373.04,fmavct_kbfc,208525.14,-56919.22,0.0,265444.36,1,2,80
922IND4005,NDL,80,2026,0.0,225.69,0.0,56654.71,-56654.71,fmavct_kbfc,180755.77,3176475.42,0.0,-2995719.65,1,1,80
COL1000571,SJO,80,2026,0.0,5833.73,0.0,866.67,-866.67,fmavct_kbfc,1352934.92,5900.0,0.0,1347034.92,22,2,80
RAF0125662,NAI,80,2026,0.0,0.27,0.0,416.67,-416.67,fmavct_kbfc,418515.45,19300.0,0.0,399215.45,22,2,80
727KIR1002,API,80,2026,1315.24,0.0,0.0,57870.39,-56555.15,fmavct_kbfc,0.0,-174999.51,0.0,174999.51,1,2,80
641COU9000,CPE,80,2026,2.76,0.0,0.0,184449.74,-184446.98,fmavct_kbfc,0.0,0.0,0.0,0.0,0,no_ps_link,80
727CHD1010,YAO,80,2026,7.41,0.0,0.0,7579.68,-7572.27,fmavct_kbfc,0.0,0.0,0.0,0.0,1,2,80
3210441061,YOU,20,2026,0.0,2500.0,114997.0,0.0,-117497.0,fmifiit_fmioi,0.0,0.0,0.0,0.0,0,no_ps_link,20
534GLO5000,FEJ,PC,2026,0.0,2038.95,10013.38,629.13,-629.13,fmavct_kbfc,198113.1,29094.57,0.0,169018.53,6,2,11
3210316051,NDL,10',2026,104.38,2357.91,0.0,0.0,-2253.53,fmifiit_fmioi,0.0,0.0,0.0,0.0,0,no_ps_link,10'
3210313041,SUV,10',2026,0.0,1187.8,0.0,0.0,-1187.8,fmifiit_fmioi,0.0,0.0,0.0,0.0,0,no_ps_link,10'
A230542221,YAO,40,2026,0.0,111.72,0.0,0.0,-111.72,fmifiit_fmioi,0.0,0.0,0.0,0.0,0,no_ps_link,40
3240211011,FEL,30,2026,0.0,7463.03,342800.0,0.0,-350263.03,fmifiit_fmioi,0.0,0.0,0.0,0.0,0,no_ps_link,30
A230573081,RAM,20,2026,0.0,6250.0,13750.0,0.0,-20000.0,fmifiit_fmioi,0.0,0.0,0.0,0.0,0,no_ps_link,20
3210141012,YLS,20,2026,0.0,21617.59,71902.5,0.0,-93520.09,fmifiit_fmioi,0.0,0.0,0.0,0.0,0,no_ps_link,20
A210111022,EDP,20,2026,0.0,13261.92,26774.36,0.0,-40036.28,fmifiit_fmioi,0.0,0.0,0.0,0.0,0,no_ps_link,20
3210141012,YLS,50,2026,2854.27,325.56,0.0,0.0,2528.71,fmifiit_fmioi,0.0,0.0,0.0,0.0,0,no_ps_link,50
633CRP2616,CAI,11,2026,0.0,833.0,5770.0,0.0,-6603.0,fmifiit_fmioi,0.0,0.0,0.0,0.0,0,no_ps_link,11
570GLO4029,CPD,20,2026,0.0,10031.07,544187.96,1857.57,-1857.57,fmavct_kbfc,2821330.46,22980408.6,36257.53,-20195335.67,21,1,20
3210514032,PNP,50,2026,0.0,131.8,299.78,0.0,-431.58,fmifiit_fmioi,0.0,0.0,0.0,0.0,0,no_ps_link,50
567VIE2000,HAN,TC,2026,835.84,27545.48,257811.06,409918.19,-409082.35,fmavct_kbfc,1122193.0,-533333.0,0.0,1655526.0,7,2,10'|11|13|20|40
560LEB4000,BEI,TC,2026,0.0,4000.0,30835.78,4720.14,-4720.14,fmavct_kbfc,2665043.38,0.0,0.0,2665043.38,13,2,11
32101B6011,UNE,10',2026,0.0,282.0,0.0,0.0,-282.0,fmifiit_fmioi,0.0,0.0,0.0,0.0,0,no_ps_link,10'
633CRP2190,EES,20,2026,804.12,9464.11,45735.88,0.0,-54395.87,fmifiit_fmioi,0.0,0.0,0.0,0.0,0,no_ps_link,20
499GLO1000,EEO,20,2026,0.0,22246.2,230994.32,0.0,-253240.52,fmifiit_fmioi,1895820.65,7981589.7,2960752.74,-9046521.79,30,1,20
A210221091,EES,10',2026,123.38,7651.99,0.0,0.0,-7528.61,fmifiit_fmioi,0.0,0.0,0.0,0.0,0,no_ps_link,10'
680BSP3301,BSP,20,2026,0.0,24.2,55107.52,0.0,-55131.72,fmifiit_fmioi,0.0,0.0,0.0,0.0,0,no_ps_link,20
680BSP4102,BSP,40,2026,1192.59,186.0,372.0,0.0,634.59,fmifiit_fmioi,0.0,0.0,0.0,0.0,0,no_ps_link,40
32101B4111,NDL,10',2026,55.33,0.0,0.0,0.0,55.33,fmifiit_fmioi,0.0,0.0,0.0,0.0,0,no_ps_link,10'
2210514024,WHC,10',2026,37.26,1259.69,0.0,0.0,-1222.43,fmifiit_fmioi,0.0,0.0,0.0,0.0,0,no_ps_link,10'
3210315081,IOC,10',2026,0.0,7373.88,0.0,0.0,-7373.88,fmifiit_fmioi,0.0,0.0,0.0,0.0,0,no_ps_link,10'
3210521051,AGI,10',2026,15.48,1853.33,0.0,0.0,-1837.85,fmifiit_fmioi,0.0,0.0,0.0,0.0,0,no_ps_link,10'
549RER2023,VNI,TC,2026,54.4,9324.39,36473.28,43341.88,-43287.48,fmavct_kbfc,1051964.0,-341447.0,0.0,1393411.0,35,2,10'|11
3230421121,NAI,20,2026,0.0,10.0,3416.42,0.0,-3426.42,fmifiit_fmioi,0.0,0.0,0.0,0.0,0,no_ps_link,20
808GLO1006,IPS,10',2026,0.0,31.23,0.0,48766.5,-48766.5,fmavct_kbfc,239193.09,-18196.47,0.0,257389.56,1,2,10'
3210171081,SDG,40,2026,6800.0,0.0,0.0,0.0,6800.0,fmifiit_fmioi,0.0,0.0,0.0,0.0,0,no_ps_link,40
520GLO2007,IOC,50,2026,0.0,2817.65,0.0,112.81,-112.81,fmavct_kbfc,489482.48,43196.26,0.0,446286.22,10,2,50
A230111021,COR,10',2026,1179.94,4049.25,0.0,0.0,-2869.31,fmifiit_fmioi,0.0,0.0,0.0,0.0,0,no_ps_link,10'
3210133031,RAB,20,2026,0.0,4579.62,99340.6,0.0,-103920.22,fmifiit_fmioi,0.0,0.0,0.0,0.0,0,no_ps_link,20
207BGD1000,DHA,REVENUE,2026,0.0,207.79,0.0,0.0,-207.79,fmifiit_fmioi,92681.16,0.0,0.0,92681.16,13,2,REVENUE
416GLO1042,SDG,REVENUE,2026,142565.1,0.0,0.0,0.0,142565.1,fmifiit_fmioi,720434.04,-404687.15,0.0,1125121.19,2,4,REVENUE
416GLO1043,SDG,REVENUE,2026,142565.1,0.0,0.0,0.0,142565.1,fmifiit_fmioi,133238.41,0.0,0.0,133238.41,1,4,REVENUE
3210113071,KHA,20,2026,0.0,983.92,19307.58,0.0,-20291.5,fmifiit_fmioi,0.0,0.0,0.0,0.0,0,no_ps_link,20
821GLO4002,CAI,NPC,2026,0.0,727.0,0.0,903441.28,-903441.28,fmavct_kbfc,233896.43,48741.02,0.0,185155.41,1,2,20
633CRP2111,BEJ,20,2026,0.0,1500.0,3000.0,0.0,-4500.0,fmifiit_fmioi,0.0,0.0,0.0,0.0,0,no_ps_link,20
728RAS2002,ATA,30,2026,0.0,7746.51,0.0,60229.22,-60229.22,fmavct_kbfc,20502932.24,20036768.46,113814.0,352349.78,80,2,30
633CRP7328,ISB,20,2026,0.0,1700.0,14249.5,0.0,-15949.5,fmifiit_fmioi,0.0,0.0,0.0,0.0,0,no_ps_link,20
633CRP2128,ISB,20,2026,0.0,1074.01,2748.02,0.0,-3822.03,fmifiit_fmioi,0.0,0.0,0.0,0.0,0,no_ps_link,20
2210155041,STG,10',2026,0.0,122.0,0.0,0.0,-122.0,fmifiit_fmioi,0.0,0.0,0.0,0.0,0,no_ps_link,10'
633CRP1416,CAI,11,2026,0.0,333.0,13090.0,0.0,-13423.0,fmifiit_fmioi,0.0,0.0,0.0,0.0,0,no_ps_link,11
2230835042,BGK,40,2026,0.0,1079.86,10461.06,0.0,-11540.92,fmifiit_fmioi,0.0,0.0,0.0,0.0,0,no_ps_link,40
A210534052,BEJ,11,2026,0.0,6600.0,26400.0,0.0,-33000.0,fmifiit_fmioi,0.0,0.0,0.0,0.0,0,no_ps_link,11
A230573051,BEI,13,2026,0.0,25183.03,0.0,0.0,-25183.03,fmifiit_fmioi,0.0,0.0,0.0,0.0,0,no_ps_link,13
A230541021,ADM,10',2026,89.8,5325.76,0.0,0.0,-5235.96,fmifiit_fmioi,0.0,0.0,0.0,0.0,0,no_ps_link,10'
633CRP1420,DOH,50,2026,0.0,19.2,38.4,0.0,-57.6,fmifiit_fmioi,0.0,0.0,0.0,0.0,0,no_ps_link,50
633CRP4120,DOH,50,2026,0.0,38.41,76.82,0.0,-115.23,fmifiit_fmioi,0.0,0.0,0.0,0.0,0,no_ps_link,50
3210464022,NDL,30,2026,0.0,124.0,0.0,0.0,-124.0,fmifiit_fmioi,0.0,0.0,0.0,0.0,0,no_ps_link,30
A210281011,PBS,30,2026,0.0,9987.66,0.0,0.0,-9987.66,fmifiit_fmioi,0.0,0.0,0.0,0.0,0,no_ps_link,30
549GLO3002,BIO,REVENUE,2026,0.0,92269.19,0.0,0.0,-92269.19,fmifiit_fmioi,54688.33,0.0,0.0,54688.33,5,2,REVENUE
3210241051,PBS,20,2026,0.0,112861.63,640183.36,0.0,-753044.99,fmifiit_fmioi,0.0,0.0,0.0,0.0,0,no_ps_link,20
A230411061,CPE,20,2026,0.0,30771.44,122879.12,0.0,-153650.56,fmifiit_fmioi,0.0,0.0,0.0,0.0,0,no_ps_link,20
A230411051,CPE,20,2026,0.0,9145.67,18291.34,0.0,-27437.01,fmifiit_fmioi,0.0,0.0,0.0,0.0,0,no_ps_link,20
633CRP7306,API,40,2026,0.0,983.76,15780.66,0.0,-16764.42,fmifiit_fmioi,0.0,0.0,0.0,0.0,0,no_ps_link,40
448INT2214,TWA,TC,2026,0.0,2201.44,3065885.74,47372.28,-47372.28,fmavct_kbfc,1806328.2,36168.34,101348.12,1668811.74,4,2,30
680DBS3305,DBS,20,2026,0.0,28308.24,1082816.34,0.0,-1111124.58,fmifiit_fmioi,0.0,0.0,0.0,0.0,0,no_ps_link,20
3210551152,DCE,11,2026,0.0,18223.46,63944.94,0.0,-82168.4,fmifiit_fmioi,0.0,0.0,0.0,0.0,0,no_ps_link,11
A210452041,ABU,20,2026,0.0,135.2,0.0,0.0,-135.2,fmifiit_fmioi,0.0,0.0,0.0,0.0,0,no_ps_link,20
3210135032,MTD,30,2026,0.0,515.0,0.0,0.0,-515.0,fmifiit_fmioi,0.0,0.0,0.0,0.0,0,no_ps_link,30
INT1004958,IES,TC,2026,0.0,146886.05,269625.2,46985.04,-46985.04,fmavct_kbfc,684480.0,0.0,0.0,684480.0,18,2,11|20|30|50
3210566073,LIM,30,2026,0.0,2438.99,0.0,0.0,-2438.99,fmifiit_fmioi,0.0,0.0,0.0,0.0,0,no_ps_link,30
3210115052,MXC,50,2026,0.0,808.39,274.41,0.0,-1082.8,fmifiit_fmioi,0.0,0.0,0.0,0.0,0,no_ps_link,50
A230311042,BGK,11,2026,0.0,27999.0,55998.0,0.0,-83997.0,fmifiit_fmioi,0.0,0.0,0.0,0.0,0,no_ps_link,11
3210554022,BEJ,50,2026,0.0,21.27,0.0,0.0,-21.27,fmifiit_fmioi,0.0,0.0,0.0,0.0,0,no_ps_link,50
3210214062,BEJ,30,2026,0.0,918.33,0.0,0.0,-918.33,fmifiit_fmioi,0.0,0.0,0.0,0.0,0,no_ps_link,30
633CRP2190,EES,40,2026,0.0,31.71,76756.7,0.0,-76788.41,fmifiit_fmioi,0.0,0.0,0.0,0.0,0,no_ps_link,40
3210131021,GCP,10',2026,0.0,767.03,0.0,0.0,-767.03,fmifiit_fmioi,0.0,0.0,0.0,0.0,0,no_ps_link,10'
633CRP7348,RAB,30,2026,0.0,1116.96,0.0,0.0,-1116.96,fmifiit_fmioi,0.0,0.0,0.0,0.0,0,no_ps_link,30
680BSP4202,BSP,11,2026,0.0,6754.82,13892.22,0.0,-20647.04,fmifiit_fmioi,0.0,0.0,0.0,0.0,0,no_ps_link,11
2210121012,E30,20,2026,0.0,567.73,35697.28,0.0,-36265.01,fmifiit_fmioi,0.0,0.0,0.0,0.0,0,no_ps_link,20
633CRP1148,RAB,30,2026,0.0,191.21,0.0,0.0,-191.21,fmifiit_fmioi,0.0,0.0,0.0,0.0,0,no_ps_link,30
633CRP1490,EEO,11,2026,0.0,6118.4,23807.8,0.0,-29926.2,fmifiit_fmioi,0.0,0.0,0.0,0.0,0,no_ps_link,11
3210513061,RAB,40,2026,0.0,1868.09,12754.68,0.0,-14622.77,fmifiit_fmioi,0.0,0.0,0.0,0.0,0,no_ps_link,40
3210513061,RAB,20,2026,0.0,38.54,57411.48,0.0,-57450.02,fmifiit_fmioi,0.0,0.0,0.0,0.0,0,no_ps_link,20
3230834391,RAB,40,2026,0.0,6028.31,31453.66,0.0,-37481.97,fmifiit_fmioi,0.0,0.0,0.0,0.0,0,no_ps_link,40
3230834391,RAB,20,2026,0.0,155.72,168557.7,0.0,-168713.42,fmifiit_fmioi,0.0,0.0,0.0,0.0,0,no_ps_link,20
406CUB1000,HAV,REVENUE,2026,53500.0,0.0,0.0,0.0,53500.0,fmifiit_fmioi,50000.0,0.0,0.0,50000.0,1,4,REVENUE
570PER1004,LIM,REVENUE,2026,759584.0,0.0,0.0,0.0,759584.0,fmifiit_fmioi,2479710.7,66787.82,940.46,2411982.42,1,4,REVENUE
526RAF1009,FLI,40,2026,0.0,4987.84,103928.16,9323.65,-9323.65,fmavct_kbfc,5750396.0,212648109.72,444374.24,-207342087.96,19,1,40
A210472011,HAR,40,2026,0.0,7112.55,14225.1,0.0,-21337.65,fmifiit_fmioi,0.0,0.0,0.0,0.0,0,no_ps_link,40
727MYA1006,BGK,TC,2026,0.0,2644.13,1005874.38,162506.75,-162506.75,fmavct_kbfc,4423267.0,0.0,0.0,4423267.0,12,2,20|40|50
A210452041,ABU,30,2026,0.0,1349.85,0.0,0.0,-1349.85,fmifiit_fmioi,0.0,0.0,0.0,0.0,0,no_ps_link,30
2210154033,BGK,20,2026,0.0,4259.61,26406.9,0.0,-30666.51,fmifiit_fmioi,0.0,0.0,0.0,0.0,0,no_ps_link,20
637FOR7309,BAM,40,2026,0.0,7948.3,16421.94,0.0,-24370.24,fmifiit_fmioi,0.0,0.0,0.0,0.0,0,no_ps_link,40
3210141012,YLS,40,2026,0.0,4172.38,8344.76,0.0,-12517.14,fmifiit_fmioi,0.0,0.0,0.0,0.0,0,no_ps_link,40
406MAG1000,NAI,REVENUE,2026,32100.0,0.0,0.0,0.0,32100.0,fmifiit_fmioi,30000.0,0.0,0.0,30000.0,1,4,REVENUE
549RAF2004,NAI,REVENUE,2026,182517.19,0.0,0.0,0.0,182517.19,fmifiit_fmioi,1429008.2,3663144.52,0.0,-2234136.32,35,3,REVENUE
A210664012,NDL,20,2026,0.0,1336.98,0.0,0.0,-1336.98,fmifiit_fmioi,0.0,0.0,0.0,0.0,0,no_ps_link,20
A230411071,CPE,11,2026,0.0,4247.72,15123.42,0.0,-19371.14,fmifiit_fmioi,0.0,0.0,0.0,0.0,0,no_ps_link,11
3210154012,BGK,20,2026,0.0,1112.6,2305.38,0.0,-3417.98,fmifiit_fmioi,0.0,0.0,0.0,0.0,0,no_ps_link,20
3210133021,KHA,20,2026,0.0,1203.17,18666.48,0.0,-19869.65,fmifiit_fmioi,0.0,0.0,0.0,0.0,0,no_ps_link,20
456GLO4043,ITR,TC,2026,0.0,8910.0,18810.0,13200.89,-13200.89,fmavct_kbfc,213660.0,-167190.77,0.0,380850.77,6,2,20
526RAS4030,BEJ,REVENUE,2026,50000.0,0.0,0.0,0.0,50000.0,fmifiit_fmioi,0.0,0.0,0.0,0.0,7,4,REVENUE
467GLO9000,BFM,REVENUE,2026,211949.33,0.0,0.0,0.0,211949.33,fmifiit_fmioi,0.0,-177683.93,0.0,177683.93,1,4,REVENUE
3230211011,COR,40,2026,0.0,910.74,13619.68,0.0,-14530.42,fmifiit_fmioi,0.0,0.0,0.0,0.0,0,no_ps_link,40
3230211041,COR,20,2026,0.0,36.3,323.44,0.0,-359.74,fmifiit_fmioi,0.0,0.0,0.0,0.0,0,no_ps_link,20
3230621072,BSP,20,2026,0.0,4765.18,21551.56,0.0,-26316.74,fmifiit_fmioi,0.0,0.0,0.0,0.0,0,no_ps_link,20
3210161022,EDP,10',2026,24.32,1627.47,0.0,0.0,-1603.15,fmifiit_fmioi,0.0,0.0,0.0,0.0,0,no_ps_link,10'
A230131011,PAX,50,2026,469.88,0.0,0.0,0.0,469.88,fmifiit_fmioi,0.0,0.0,0.0,0.0,0,no_ps_link,50
538GLO5000,FOE,50,2026,1079.04,4.2,3074.0,32146.85,-31067.81,fmavct_kbfc,10347636.69,-97226.61,34074.33,10410788.97,12,2,50
A210541011,CHP,20,2026,2376.78,0.0,0.0,0.0,2376.78,fmifiit_fmioi,0.0,0.0,0.0,0.0,0,no_ps_link,20
A210221061,EES,20,2026,469.88,0.0,128000.0,0.0,-127530.12,fmifiit_fmioi,0.0,0.0,0.0,0.0,0,no_ps_link,20
2210611011,UAI,13,2026,12257.77,0.0,0.0,0.0,12257.77,fmifiit_fmioi,0.0,0.0,0.0,0.0,0,no_ps_link,13
A210221061,EES,50,2026,27.38,496.24,0.0,0.0,-468.86,fmifiit_fmioi,0.0,0.0,0.0,0.0,0,no_ps_link,50
3210411101,SHS,50,2026,0.0,196.91,0.0,0.0,-196.91,fmifiit_fmioi,0.0,0.0,0.0,0.0,0,no_ps_link,50
633CRP2222,HAN,10',2026,0.0,1085.63,0.0,0.0,-1085.63,fmifiit_fmioi,0.0,0.0,0.0,0.0,0,no_ps_link,10'
A210451071,AGI,10',2026,80.31,9056.5,0.0,0.0,-8976.19,fmifiit_fmioi,0.0,0.0,0.0,0.0,0,no_ps_link,10'
680ADM3106,AEO,50,2026,0.0,8119.3,0.0,0.0,-8119.3,fmifiit_fmioi,0.0,0.0,0.0,0.0,0,no_ps_link,50
3210631061,MDE,11,2026,0.0,10224.9,101039.36,0.0,-111264.26,fmifiit_fmioi,0.0,0.0,0.0,0.0,0,no_ps_link,11
633CRP1492,YLS,20,2026,0.0,9737.56,20437.06,0.0,-30174.62,fmifiit_fmioi,0.0,0.0,0.0,0.0,0,no_ps_link,20
A210133031,RAB,20,2026,0.0,1882.07,4730.81,0.0,-6612.88,fmifiit_fmioi,0.0,0.0,0.0,0.0,0,no_ps_link,20
198ADB4342,WHC,TC,2026,0.0,386405.5,1192390.04,0.0,-1578795.54,fmifiit_fmioi,249045.74,0.0,8764.0,240281.74,1,2,20
32101B2062,BRV,11,2026,0.0,24289.87,102673.08,0.0,-126962.95,fmifiit_fmioi,0.0,0.0,0.0,0.0,0,no_ps_link,11
469GLO4000,ITH,50,2026,0.0,60882.89,0.0,45544.32,-45544.32,fmavct_kbfc,727173.25,105948.08,0.0,621225.17,1,2,50
A210221071,EES,50,2026,730.56,1304.71,0.0,0.0,-574.15,fmifiit_fmioi,0.0,0.0,0.0,0.0,0,no_ps_link,50
A210521011,LHE,13,2026,6361.44,0.52,0.0,0.0,6360.92,fmifiit_fmioi,0.0,0.0,0.0,0.0,0,no_ps_link,13
A230151011,PAX,13,2026,2120.48,0.0,0.0,0.0,2120.48,fmifiit_fmioi,0.0,0.0,0.0,0.0,0,no_ps_link,13
3210244051,SUV,10',2026,0.0,2029.13,0.0,0.0,-2029.13,fmifiit_fmioi,0.0,0.0,0.0,0.0,0,no_ps_link,10'
3210155061,KNG,50,2026,0.0,800.0,0.0,0.0,-800.0,fmifiit_fmioi,0.0,0.0,0.0,0.0,0,no_ps_link,50
3210165071,KNG,50,2026,0.0,100.0,0.0,0.0,-100.0,fmifiit_fmioi,0.0,0.0,0.0,0.0,0,no_ps_link,50
570RSS1000,JUB,REVENUE,2026,605100.0,0.0,0.0,0.0,605100.0,fmifiit_fmioi,5769764.29,330053.06,65960.5,5373750.73,9,4,REVENUE
199GLO4242,LHE,REVENUE,2026,18218.27,0.0,0.0,0.0,18218.27,fmifiit_fmioi,43925.23,-44500.0,0.0,88425.23,1,4,REVENUE
199GLO4243,LHE,REVENUE,2026,18218.27,0.0,0.0,0.0,18218.27,fmifiit_fmioi,16026.0,0.0,0.0,16026.0,1,4,REVENUE
A210111022,EDP,10',2026,0.0,3261.04,0.0,0.0,-3261.04,fmifiit_fmioi,0.0,0.0,0.0,0.0,0,no_ps_link,10'
A230574101,HAN,20,2026,0.0,4145.0,8290.0,0.0,-12435.0,fmifiit_fmioi,0.0,0.0,0.0,0.0,0,no_ps_link,20
570VIE4003,HAN,40,2026,0.0,10870.99,57306.06,5000.0,-5000.0,fmavct_kbfc,777548.69,17740886.49,0.0,-16963337.8,1,1,40
3210514092,HAN,40,2026,0.0,7028.34,16376.19,0.0,-23404.53,fmifiit_fmioi,0.0,0.0,0.0,0.0,0,no_ps_link,40
2210514063,HAN,40,2026,0.0,105.0,21536.26,0.0,-21641.26,fmifiit_fmioi,0.0,0.0,0.0,0.0,0,no_ps_link,40
570RAS1008,BGK,40,2026,15000.0,4173.59,35471.88,72735.57,-57735.57,fmavct_kbfc,2752292.0,10427928.3,11971800.2,-19647436.5,6,1,40
727VIE1004,HAN,TC,2026,486.3,12658.82,15358.01,2261.76,-1775.46,fmavct_kbfc,1470980.0,-1054000.0,0.0,2524980.0,8,2,10'|13|20|40
570AFG4000,KAB,40,2026,0.0,132.28,10405.4,8904.76,-8904.76,fmavct_kbfc,1457249.49,26615.96,11500.0,1419133.53,27,2,40
261CPR5001,BEJ,20,2026,0.0,572.98,127267.86,12753.7,-12753.7,fmavct_kbfc,231775.72,37834.56,18000.0,175941.16,8,2,20
555RAS2025,JAK,20,2026,0.0,18434.7,216684.58,36763.18,-36763.18,fmavct_kbfc,364306.43,2538858.79,1745844.0,-3920396.36,1,1,20
635SAD9004,OPS,40,2026,0.0,429.55,10379.09,0.0,-10808.64,fmifiit_fmioi,0.0,0.0,0.0,0.0,0,no_ps_link,40
633CRP1601,ABJ,11,2026,0.0,4700.76,27778.49,0.0,-32479.25,fmifiit_fmioi,0.0,0.0,0.0,0.0,0,no_ps_link,11
505GLO4001,LHE,50,2026,0.0,44.74,0.0,0.0,-44.74,fmifiit_fmioi,2443376.34,2062034.38,60723.2,320618.76,80,2,50
633CRP2117,DAK,30,2026,0.0,1061.23,0.0,0.0,-1061.23,fmifiit_fmioi,0.0,0.0,0.0,0.0,0,no_ps_link,30
A310611031,OPS,40,2026,0.0,845.16,0.0,0.0,-845.16,fmifiit_fmioi,0.0,0.0,0.0,0.0,0,no_ps_link,40
A230141011,AFR,10',2026,115.8,2397.53,0.0,0.0,-2281.73,fmifiit_fmioi,0.0,0.0,0.0,0.0,0,no_ps_link,10'
3230511131,KNG,11,2026,0.0,1500.0,11600.0,0.0,-13100.0,fmifiit_fmioi,0.0,0.0,0.0,0.0,0,no_ps_link,11
507ZAM1000,HAR,20,2026,0.0,1909.03,19386.71,7834.34,-7834.34,fmavct_kbfc,110277.57,173623.79,0.0,-63346.22,1,1,20
235RER4000,VNI,REVENUE,2026,230050.0,0.0,0.0,0.0,230050.0,fmifiit_fmioi,1579727.43,-169292.51,0.0,1749019.94,33,4,REVENUE
309INT1010,PEQ,REVENUE,2026,510000.0,0.0,0.0,0.0,510000.0,fmifiit_fmioi,821439.23,68310.67,6.0,753122.56,2,4,REVENUE
549RER2014,IOC,REVENUE,2026,37236.63,0.0,0.0,0.0,37236.63,fmifiit_fmioi,1406323.5,76310.72,0.0,1330012.78,19,4,REVENUE
507INT1005,UNE,REVENUE,2026,0.0,21764.48,0.0,0.0,-21764.48,fmifiit_fmioi,2152425.27,-1298936.49,0.0,3451361.76,1,2,REVENUE
A210281011,PBS,11,2026,0.0,8642.94,17285.88,0.0,-25928.82,fmifiit_fmioi,0.0,0.0,0.0,0.0,0,no_ps_link,11
526MYA5001,BGK,REVENUE,2026,0.0,215507.86,0.0,0.0,-215507.86,fmifiit_fmioi,6530.88,140901.12,0.0,-134370.24,1,1,REVENUE
633CRP1391,GCP,10',2026,0.0,1576.65,0.0,0.0,-1576.65,fmifiit_fmioi,0.0,0.0,0.0,0.0,0,no_ps_link,10'
202MEX3000,MXC,TC,2026,0.0,5031.32,54493.79,2465.0,-2465.0,fmavct_kbfc,130932.0,0.0,0.0,130932.0,8,2,11|20|40|50
A230574151,API,50,2026,0.0,94.73,0.0,0.0,-94.73,fmifiit_fmioi,0.0,0.0,0.0,0.0,0,no_ps_link,50
3210514102,TAS,20,2026,0.0,61.89,37453.38,0.0,-37515.27,fmifiit_fmioi,0.0,0.0,0.0,0.0,0,no_ps_link,20
A230544071,HAN,20,2026,0.0,33.16,324.98,0.0,-358.14,fmifiit_fmioi,0.0,0.0,0.0,0.0,0,no_ps_link,20
3230835042,BGK,50,2026,0.0,233.22,895.22,0.0,-1128.44,fmifiit_fmioi,0.0,0.0,0.0,0.0,0,no_ps_link,50
637FOR7312,BGK,20,2026,0.0,2964.76,17539.59,0.0,-20504.35,fmifiit_fmioi,0.0,0.0,0.0,0.0,0,no_ps_link,20
633CRP1622,HAN,11,2026,0.0,597.39,1200.0,0.0,-1797.39,fmifiit_fmioi,0.0,0.0,0.0,0.0,0,no_ps_link,11
633CRP3390,IRD,30,2026,0.0,2394.11,0.0,0.0,-2394.11,fmifiit_fmioi,0.0,0.0,0.0,0.0,0,no_ps_link,30
3230711011,CPE,10',2026,0.0,72.79,0.0,0.0,-72.79,fmifiit_fmioi,0.0,0.0,0.0,0.0,0,no_ps_link,10'
A210233011,RAB,50,2026,0.0,43.32,0.0,0.0,-43.32,fmifiit_fmioi,0.0,0.0,0.0,0.0,0,no_ps_link,50
3210441091,SHS,20,2026,0.0,7912.09,4105.09,0.0,-12017.18,fmifiit_fmioi,0.0,0.0,0.0,0.0,0,no_ps_link,20
406GLO0090,CPE,TC,2026,0.0,6185.57,21857.4,752.61,-752.61,fmavct_kbfc,11587.0,0.0,0.0,11587.0,1,2,20
633TFC7328,ISB,20,2026,0.0,271.93,20699.66,0.0,-20971.59,fmifiit_fmioi,0.0,0.0,0.0,0.0,0,no_ps_link,20
504PAL4006,MHM,20,2026,0.0,20000.0,438256.0,0.0,-458256.0,fmifiit_fmioi,1537396.57,53471.2,0.0,1483925.37,23,2,20
3210622141,JUB,50,2026,0.0,2094.39,0.0,0.0,-2094.39,fmifiit_fmioi,0.0,0.0,0.0,0.0,0,no_ps_link,50
534SYR4001,EPR,TC,2026,0.0,25714.0,114548.0,968.71,-968.71,fmavct_kbfc,637659.0,0.0,0.0,637659.0,9,2,11|20|40
637FOR7304,ADI,20,2026,0.0,1535.79,0.0,0.0,-1535.79,fmifiit_fmioi,0.0,0.0,0.0,0.0,0,no_ps_link,20
3210641022,DPT,10',2026,61.09,930.69,0.0,0.0,-869.6,fmifiit_fmioi,0.0,0.0,0.0,0.0,0,no_ps_link,10'
2210561012,CPD,10',2026,120.26,627.6,0.0,0.0,-507.34,fmifiit_fmioi,0.0,0.0,0.0,0.0,0,no_ps_link,10'
680LAL3101,LAL,10',2026,0.0,293.99,0.0,0.0,-293.99,fmifiit_fmioi,0.0,0.0,0.0,0.0,0,no_ps_link,10'
473AFG0001,UNC,TC,2026,0.0,1174.31,0.0,43328.25,-43328.25,fmavct_kbfc,46728.97,-26902.62,0.0,73631.59,1,2,10'
3210463031,RAB,20,2026,0.0,11502.14,35982.44,0.0,-47484.58,fmifiit_fmioi,0.0,0.0,0.0,0.0,0,no_ps_link,20
3210463032,RAB,20,2026,0.0,7375.43,123485.1,0.0,-130860.53,fmifiit_fmioi,0.0,0.0,0.0,0.0,0,no_ps_link,20
A230411061,CPE,10',2026,0.0,91.84,0.0,0.0,-91.84,fmifiit_fmioi,0.0,0.0,0.0,0.0,0,no_ps_link,10'
650RER6000,VNI,13,2026,0.0,1295.92,0.0,1847.37,-1847.37,fmavct_kbfc,1188110.15,-372779.26,33.87,1560855.54,37,2,13
570GLO2031,CPH,TC,2026,0.0,19656.28,0.0,859.06,-859.06,fmavct_kbfc,1272634.84,15535.94,0.0,1257098.9,14,2,30|50
570RAF0003,PAX,30,2026,0.0,10637.03,0.0,12087.84,-12087.84,fmavct_kbfc,642155.96,-166675.38,0.0,808831.34,4,2,30
A210541011,CHP,30,2026,0.0,2367.89,0.0,0.0,-2367.89,fmifiit_fmioi,0.0,0.0,0.0,0.0,0,no_ps_link,30
823GLO3000,YOU,PC,2026,0.0,40179.89,0.0,2878328.62,-2878328.62,fmavct_kbfc,124622.0,0.0,0.0,124622.0,2,2,10'|11
633CRP1492,YLS,30,2026,0.0,1403.22,0.0,0.0,-1403.22,fmifiit_fmioi,0.0,0.0,0.0,0.0,0,no_ps_link,30
A210315031,CTG,40,2026,0.0,155.43,0.0,0.0,-155.43,fmifiit_fmioi,0.0,0.0,0.0,0.0,0,no_ps_link,40
202MEX3000,MXC,REVENUE,2026,27396.28,0.0,0.0,0.0,27396.28,fmifiit_fmioi,130932.0,0.0,0.0,130932.0,8,4,REVENUE
A210431012,IRD,10',2026,0.0,361.3,0.0,0.0,-361.3,fmifiit_fmioi,0.0,0.0,0.0,0.0,0,no_ps_link,10'
A230575091,QUI,50,2026,0.0,60.88,5058.68,0.0,-5119.56,fmifiit_fmioi,0.0,0.0,0.0,0.0,0,no_ps_link,50
2210215141,MXC,20,2026,0.0,510.98,16912.24,0.0,-17423.22,fmifiit_fmioi,0.0,0.0,0.0,0.0,0,no_ps_link,20
3230841621,BEJ,11,2026,0.0,14000.0,56000.0,0.0,-70000.0,fmifiit_fmioi,0.0,0.0,0.0,0.0,0,no_ps_link,11
534PAK1001,ISB,50,2026,0.0,114.65,5378.98,2589.57,-2589.57,fmavct_kbfc,1990212.7,28003308.01,33471923.6,-59485018.91,5,1,50
680ADM4102,ADM,20,2026,0.0,7516.08,45384.79,0.0,-52900.87,fmifiit_fmioi,0.0,0.0,0.0,0.0,0,no_ps_link,20
3210621131,FEJ,30,2026,0.0,39290.65,0.0,0.0,-39290.65,fmifiit_fmioi,0.0,0.0,0.0,0.0,0,no_ps_link,30
2210541013,LHE,50,2026,103.09,0.0,0.0,0.0,103.09,fmifiit_fmioi,0.0,0.0,0.0,0.0,0,no_ps_link,50
3230833141,LBV,40,2026,0.0,42.72,42822.34,0.0,-42865.06,fmifiit_fmioi,0.0,0.0,0.0,0.0,0,no_ps_link,40
A2305B3081,RAM,50,2026,0.0,1341.14,0.0,0.0,-1341.14,fmifiit_fmioi,0.0,0.0,0.0,0.0,0,no_ps_link,50
549GLO1003,GEM,50,2026,0.0,6584.02,0.0,1.98,-1.98,fmavct_kbfc,6937525.68,460012.45,2000.0,6475513.23,11,2,50
A310611041,OPS,BRSTAT,2026,0.0,156.32,0.0,0.0,-156.32,fmifiit_fmioi,0.0,0.0,0.0,0.0,0,no_ps_link,BRSTAT
A310611041,OPS,13,2026,0.0,2419.15,0.0,0.0,-2419.15,fmifiit_fmioi,0.0,0.0,0.0,0.0,0,no_ps_link,13
A310611041,OPS,CDSP,2026,0.0,156.32,0.0,0.0,-156.32,fmifiit_fmioi,0.0,0.0,0.0,0.0,0,no_ps_link,CDSP
469GLO1004,HED,30,2026,0.0,19550.34,0.0,27130.98,-27130.98,fmavct_kbfc,1116583.0,-325864.8,0.0,1442447.8,2,2,30
3210141022,YLS,11,2026,0.0,15771.07,147808.68,0.0,-163579.75,fmifiit_fmioi,0.0,0.0,0.0,0.0,0,no_ps_link,11
3230836021,GLO,40,2026,0.0,1081.09,4996.56,0.0,-6077.65,fmifiit_fmioi,0.0,0.0,0.0,0.0,0,no_ps_link,40
MBF,HRM,20,2026,1381327.74,817627.2,1751942.4,0.0,-1188241.86,fmifiit_fmioi,0.0,0.0,0.0,0.0,0,no_ps_link,20
406QAT0001,DOH,REVENUE,2026,32100.0,0.0,0.0,0.0,32100.0,fmifiit_fmioi,30000.0,0.0,0.0,30000.0,1,4,REVENUE
406IRA4001,TEH,REVENUE,2026,32100.0,0.0,0.0,0.0,32100.0,fmifiit_fmioi,30000.0,0.0,0.0,30000.0,1,4,REVENUE
406IRA1001,TEH,REVENUE,2026,32100.0,0.0,0.0,0.0,32100.0,fmifiit_fmioi,30000.0,0.0,0.0,30000.0,1,4,REVENUE
473LEB5000,BEI,TC,2026,0.0,11041.56,48807.2,207.26,-207.26,fmavct_kbfc,322706.93,0.0,0.0,322706.93,3,2,11|20
637FOR7333,KAT,40,2026,0.0,259.06,0.0,0.0,-259.06,fmifiit_fmioi,0.0,0.0,0.0,0.0,0,no_ps_link,40
A210442051,NAI,20,2026,0.0,3987.83,10553.59,0.0,-14541.42,fmifiit_fmioi,0.0,0.0,0.0,0.0,0,no_ps_link,20
235CMR3003,YAO,30,2026,0.0,390.85,0.0,19487.78,-19487.78,fmavct_kbfc,6069820.86,1707380.87,2506.5,4359933.49,57,2,30
A210541011,CHP,13,2026,4240.96,0.0,0.0,0.0,4240.96,fmifiit_fmioi,0.0,0.0,0.0,0.0,0,no_ps_link,13
A210441141,IRD,13,2026,3180.72,0.0,0.0,0.0,3180.72,fmifiit_fmioi,0.0,0.0,0.0,0.0,0,no_ps_link,13
A230131011,PAX,13,2026,2120.48,0.0,0.0,0.0,2120.48,fmifiit_fmioi,0.0,0.0,0.0,0.0,0,no_ps_link,13
633CRP5558,YAO,20,2026,0.0,1793.15,18330.61,0.0,-20123.76,fmifiit_fmioi,0.0,0.0,0.0,0.0,0,no_ps_link,20
A230151011,PAX,50,2026,3299.01,0.0,0.0,0.0,3299.01,fmifiit_fmioi,0.0,0.0,0.0,0.0,0,no_ps_link,50
3210411022,IRD,20,2026,4735.16,0.0,6613.46,0.0,-1878.3,fmifiit_fmioi,0.0,0.0,0.0,0.0,0,no_ps_link,20
A210222171,DAR,11,2026,0.0,4335.43,13545.71,0.0,-17881.14,fmifiit_fmioi,0.0,0.0,0.0,0.0,0,no_ps_link,11
507GLO1039,UNE,20,2026,0.0,5491.15,114193.34,0.0,-119684.49,fmifiit_fmioi,409358.09,-465420.41,0.0,874778.5,1,2,20
680HRM4109,HRM,50,2026,0.0,160.48,0.0,0.0,-160.48,fmifiit_fmioi,0.0,0.0,0.0,0.0,0,no_ps_link,50
A2106A1042,UAI,50,2026,0.0,59172.83,0.0,0.0,-59172.83,fmifiit_fmioi,0.0,0.0,0.0,0.0,0,no_ps_link,50
680HRM4102,HRM,50,2026,0.0,30000.0,0.0,0.0,-30000.0,fmifiit_fmioi,0.0,0.0,0.0,0.0,0,no_ps_link,50
3230841791,KNS,11,2026,0.0,2145.0,52128.48,0.0,-54273.48,fmifiit_fmioi,0.0,0.0,0.0,0.0,0,no_ps_link,11
637FOR7347,QUI,50,2026,0.0,523.0,1046.0,0.0,-1569.0,fmifiit_fmioi,0.0,0.0,0.0,0.0,0,no_ps_link,50
938MOR4003,RAB,REVENUE,2026,125324.64,0.0,0.0,0.0,125324.64,fmifiit_fmioi,239533.52,64513.97,1062.0,173957.55,1,4,REVENUE
A2101B5012,SJO,11,2026,0.0,5500.0,15500.0,0.0,-21000.0,fmifiit_fmioi,0.0,0.0,0.0,0.0,0,no_ps_link,11
3210464022,NDL,50,2026,0.0,142.77,363.82,0.0,-506.59,fmifiit_fmioi,0.0,0.0,0.0,0.0,0,no_ps_link,50
A230574011,KAB,20,2026,0.0,13110.0,27046.8,0.0,-40156.8,fmifiit_fmioi,0.0,0.0,0.0,0.0,0,no_ps_link,20
3230833211,YAO,20,2026,0.0,58.3,433008.3,0.0,-433066.6,fmifiit_fmioi,0.0,0.0,0.0,0.0,0,no_ps_link,20
525GLO1003,IPS,30,2026,0.0,6263.79,0.0,227.53,-227.53,fmavct_kbfc,2861345.24,324997.19,8000.0,2528348.05,10,2,30
633CRP1610,BEI,40,2026,0.0,12.0,799.5,0.0,-811.5,fmifiit_fmioi,0.0,0.0,0.0,0.0,0,no_ps_link,40
633CRP2610,BEI,40,2026,0.0,19.48,0.0,0.0,-19.48,fmifiit_fmioi,0.0,0.0,0.0,0.0,0,no_ps_link,40
A230543031,BEI,40,2026,0.0,7.01,0.0,0.0,-7.01,fmifiit_fmioi,0.0,0.0,0.0,0.0,0,no_ps_link,40
218MOZ1003,MAP,REVENUE,2026,303493.02,0.0,0.0,0.0,303493.02,fmifiit_fmioi,8279309.95,6201988.18,1919631.48,157690.29,138,4,REVENUE
469GLO1001,BAS,REVENUE,2026,200000.0,0.0,0.0,0.0,200000.0,fmifiit_fmioi,680710.41,-351374.17,0.0,1032084.58,2,4,REVENUE
221LEB5001,BEI,REVENUE,2026,199999.8,0.0,0.0,0.0,199999.8,fmifiit_fmioi,704555.0,0.0,0.0,704555.0,25,4,REVENUE
567TUR2001,VNI,TC,2026,0.0,8954.29,22402.22,8676.61,-8676.61,fmavct_kbfc,127858.0,-53333.0,0.0,181191.0,11,2,10'|11|13
580RAF1006,ESC,40,2026,0.0,468.38,61582.8,223.2,-223.2,fmavct_kbfc,13204000.92,177878364.93,250127.83,-164924491.84,33,1,40
680REV9000,UNESCO,50,2026,0.0,2820.25,0.0,0.0,-2820.25,fmifiit_fmioi,0.0,-34136967.9,0.0,34136967.9,1,2,50
A110112031,SCX,40,2026,0.0,13546.63,31182.99,0.0,-44729.62,fmifiit_fmioi,0.0,0.0,0.0,0.0,0,no_ps_link,40
A210315031,CTG,10',2026,5.61,1713.84,0.0,0.0,-1708.23,fmifiit_fmioi,0.0,0.0,0.0,0.0,0,no_ps_link,10'
503RAF2007,IOC,REVENUE,2026,0.0,81418.29,0.0,0.0,-81418.29,fmifiit_fmioi,649576.18,82559.42,0.0,567016.76,27,2,REVENUE
A230572081,BAM,50,2026,0.0,61199.12,0.0,0.0,-61199.12,fmifiit_fmioi,0.0,0.0,0.0,0.0,0,no_ps_link,50
3210556083,MXC,11,2026,0.0,1156.65,11291.43,0.0,-12448.08,fmifiit_fmioi,0.0,0.0,0.0,0.0,0,no_ps_link,11
633CRP5511,BEJ,10',2026,24.78,285.0,0.0,0.0,-260.22,fmifiit_fmioi,0.0,0.0,0.0,0.0,0,no_ps_link,10'
2210514042,JAK,13,2026,0.0,9.39,0.0,0.0,-9.39,fmifiit_fmioi,0.0,0.0,0.0,0.0,0,no_ps_link,13
570PER1004,LIM,30,2026,27.89,0.0,0.0,1657.0,-1629.11,fmavct_kbfc,2479710.7,66787.82,940.46,2411982.42,1,2,30
637FOR7305,AMN,REVENUE,2026,0.0,26474.0,0.0,0.0,-26474.0,fmifiit_fmioi,0.0,0.0,0.0,0.0,0,no_ps_link,REVENUE
A210592051,BAM,50,2026,0.0,214.92,0.0,0.0,-214.92,fmifiit_fmioi,0.0,0.0,0.0,0.0,0,no_ps_link,50
A410111012,FIN,50,2026,43718.18,85923.06,0.0,0.0,-42204.88,fmifiit_fmioi,0.0,0.0,0.0,0.0,0,no_ps_link,50
3230421181,RAM,10',2026,0.0,588.1,0.0,0.0,-588.1,fmifiit_fmioi,0.0,0.0,0.0,0.0,0,no_ps_link,10'
556GLO5001,DHE,50,2026,0.0,260.24,0.0,307.09,-307.09,fmavct_kbfc,4123087.62,1861461.5,18000.0,2243626.12,35,2,50
2210154033,BGK,30,2026,199.37,7628.88,0.0,0.0,-7429.51,fmifiit_fmioi,0.0,0.0,0.0,0.0,0,no_ps_link,30
185GEF0004,UIS,11,2026,3711.57,3502.93,7536.0,0.0,-7327.36,fmifiit_fmioi,0.0,0.0,0.0,0.0,0,no_ps_link,11
549TAJ1000,ATA,30,2026,8.43,0.0,0.0,3833.33,-3824.9,fmavct_kbfc,20931353.13,6712230.72,24158.89,14194963.52,60,2,30
513GLO2050,HYD,30,2026,284.36,0.0,0.0,0.0,284.36,fmifiit_fmioi,1794774.47,86527.5,5320.0,1702926.97,12,4,30
3210556022,STG,30,2026,93.44,0.0,0.0,0.0,93.44,fmifiit_fmioi,0.0,0.0,0.0,0.0,0,no_ps_link,30
3210546022,STG,30,2026,39.3,231.88,0.0,0.0,-192.58,fmifiit_fmioi,0.0,0.0,0.0,0.0,0,no_ps_link,30
633CRP7317,DAK,50,2026,0.0,1067.42,20524.53,0.0,-21591.95,fmifiit_fmioi,0.0,0.0,0.0,0.0,0,no_ps_link,50
580RAF4000,WHC,REVENUE,2026,69791.6,0.0,0.0,0.0,69791.6,fmifiit_fmioi,683288.0,185673.41,0.0,497614.59,1,4,REVENUE
3210411022,IRD,50,2026,187.86,1082.27,0.0,0.0,-894.41,fmifiit_fmioi,0.0,0.0,0.0,0.0,0,no_ps_link,50
3210121012,IGE,50,2026,5752.28,0.0,0.0,0.0,5752.28,fmifiit_fmioi,0.0,0.0,0.0,0.0,0,no_ps_link,50
3210111232,EDP,50,2026,2562.43,0.0,0.0,0.0,2562.43,fmifiit_fmioi,0.0,0.0,0.0,0.0,0,no_ps_link,50
A210441141,IRD,50,2026,6244.24,1545.54,0.0,0.0,4698.7,fmifiit_fmioi,0.0,0.0,0.0,0.0,0,no_ps_link,50
454USL9001,USL,50,2026,2878.96,0.0,0.0,0.0,2878.96,fmifiit_fmioi,0.0,-35582.8,0.0,35582.8,1,4,50
633CRP8890,CPE,20,2026,0.0,8548.01,17627.6,0.0,-26175.61,fmifiit_fmioi,0.0,0.0,0.0,0.0,0,no_ps_link,20
A230411071,CPE,40,2026,0.0,5451.26,10902.52,0.0,-16353.78,fmifiit_fmioi,0.0,0.0,0.0,0.0,0,no_ps_link,40
633CRP2490,PBS,11,2026,0.0,7881.61,15817.22,0.0,-23698.83,fmifiit_fmioi,0.0,0.0,0.0,0.0,0,no_ps_link,11
A210641011,FEJ,30,2026,0.0,7568.0,0.0,0.0,-7568.0,fmifiit_fmioi,0.0,0.0,0.0,0.0,0,no_ps_link,30
727PRC1005,BRV,20,2026,0.0,1481.69,7472483.6,218650.16,-218650.16,fmavct_kbfc,17904976.67,9097068.16,290.28,8807618.23,34,2,20
549GLO4003,DCE,50,2026,0.0,48.8,1690.18,328.38,-328.38,fmavct_kbfc,15320339.61,5503709.41,241230.05,9575400.15,43,2,50
549RER2015,IOC,20,2026,0.0,2974.2,7960.38,154879.33,-154879.33,fmavct_kbfc,1216956.32,-1859.28,0.0,1218815.6,21,2,20
3310731011,HEQ,10',2026,0.0,562.38,0.0,0.0,-562.38,fmifiit_fmioi,0.0,0.0,0.0,0.0,0,no_ps_link,10'
537SEN4000,DAK,40,2026,0.0,1262.03,5048.12,2988.16,-2988.16,fmavct_kbfc,559633.0,-554298.7,0.0,1113931.7,1,2,40
A210551011,ITR,10',2026,42.9,837.33,0.0,0.0,-794.43,fmifiit_fmioi,0.0,0.0,0.0,0.0,0,no_ps_link,10'
680HRM4106,HRM,11,2026,0.0,30055.48,0.0,0.0,-30055.48,fmifiit_fmioi,0.0,0.0,0.0,0.0,0,no_ps_link,11
727PRC1005,BRV,30,2026,0.0,0.01,0.0,436764.86,-436764.86,fmavct_kbfc,17904976.67,9097068.16,290.28,8807618.23,34,2,30
A210117011,UIL,50,2026,173549.9,0.0,0.0,0.0,173549.9,fmifiit_fmioi,0.0,0.0,0.0,0.0,0,no_ps_link,50
A210137011,UIL,50,2026,173549.9,0.0,0.0,0.0,173549.9,fmifiit_fmioi,0.0,0.0,0.0,0.0,0,no_ps_link,50
A2101A8011,UIL,50,2026,231399.97,0.0,0.0,0.0,231399.97,fmifiit_fmioi,0.0,0.0,0.0,0.0,0,no_ps_link,50
727PRC1005,BRV,PC,2026,0.0,1609.52,452447.36,300372.79,-300372.79,fmavct_kbfc,17904976.67,9097068.16,290.28,8807618.23,34,2,10'|11
198ADB4243,WHC,TC,2026,0.0,507614.21,2186006.48,394.66,-394.66,fmavct_kbfc,520834.0,0.0,0.0,520834.0,1,2,20
501ZIM1000,HAR,TC,2026,3456.92,317337.75,657021.96,0.0,-970902.79,fmifiit_fmioi,2710696.74,-1170000.0,0.0,3880696.74,9,2,10'|13|20|30|40|50
3210566022,STG,30,2026,0.0,887.51,0.0,0.0,-887.51,fmifiit_fmioi,0.0,0.0,0.0,0.0,0,no_ps_link,30
A210451071,AGI,13,2026,0.0,1980.24,0.0,0.0,-1980.24,fmifiit_fmioi,0.0,0.0,0.0,0.0,0,no_ps_link,13
A210451071,AGI,BRSTAT,2026,0.0,142.02,0.0,0.0,-142.02,fmifiit_fmioi,0.0,0.0,0.0,0.0,0,no_ps_link,BRSTAT
A210451071,AGI,CDSP,2026,0.0,146.71,0.0,0.0,-146.71,fmifiit_fmioi,0.0,0.0,0.0,0.0,0,no_ps_link,CDSP
A210531011,DCE,BRSTAT,2026,0.0,47.42,0.0,0.0,-47.42,fmifiit_fmioi,0.0,0.0,0.0,0.0,0,no_ps_link,BRSTAT
A210531011,DCE,CDSP,2026,0.0,47.42,0.0,0.0,-47.42,fmifiit_fmioi,0.0,0.0,0.0,0.0,0,no_ps_link,CDSP
469GLO1004,HED,13,2026,0.0,13332.74,0.0,2788.85,-2788.85,fmavct_kbfc,1116583.0,-325864.8,0.0,1442447.8,2,2,13
A310721021,SEC,BRSTAT,2026,0.0,18.72,0.0,0.0,-18.72,fmifiit_fmioi,0.0,0.0,0.0,0.0,0,no_ps_link,BRSTAT
A310721021,SEC,13,2026,0.0,295.94,0.0,0.0,-295.94,fmifiit_fmioi,0.0,0.0,0.0,0.0,0,no_ps_link,13
A310721021,SEC,CDSP,2026,0.0,18.72,0.0,0.0,-18.72,fmifiit_fmioi,0.0,0.0,0.0,0.0,0,no_ps_link,CDSP
3210221032,HYD,13,2026,0.0,3772.38,0.0,0.0,-3772.38,fmifiit_fmioi,0.0,0.0,0.0,0.0,0,no_ps_link,13
633CRP2290,HYD,13,2026,0.0,9035.27,0.0,0.0,-9035.27,fmifiit_fmioi,0.0,0.0,0.0,0.0,0,no_ps_link,13
511IES4585,IES,11,2026,0.0,29219.71,0.0,0.0,-29219.71,fmifiit_fmioi,0.0,0.0,0.0,0.0,0,no_ps_link,11
520GLO2007,IOC,PC,2026,0.0,22312.2,87285.88,53732.68,-53732.68,fmavct_kbfc,489482.48,43196.26,0.0,446286.22,10,2,10'|11
808GLO4004,WHC,11,2026,0.0,15243.47,0.0,10114.31,-10114.31,fmavct_kbfc,296029.16,-10409.19,0.0,306438.35,1,2,11
570GLO2046,IOC,50,2026,0.0,47.24,0.0,7610.93,-7610.93,fmavct_kbfc,620000.0,162543.04,300.0,457156.96,1,2,50
201RER1000,EME,TC,2026,958.06,12480.27,19980.0,0.0,-31502.21,fmifiit_fmioi,46728.97,0.0,0.0,46728.97,1,2,10'|11
551GLO0031,BSP,11,2026,0.0,42693.74,0.0,143031.66,-143031.66,fmavct_kbfc,143720.0,-342246.0,0.0,485966.0,1,2,11
185GEF0004,IEP,BRSTAT,2026,0.0,739.68,0.0,0.0,-739.68,fmifiit_fmioi,0.0,0.0,0.0,0.0,0,no_ps_link,BRSTAT
185GEF0004,IEP,CDCE,2026,0.0,739.68,0.0,0.0,-739.68,fmifiit_fmioi,0.0,0.0,0.0,0.0,0,no_ps_link,CDCE
A230582021,ABU,BRSTAT,2026,0.0,321.06,0.0,0.0,-321.06,fmifiit_fmioi,0.0,0.0,0.0,0.0,0,no_ps_link,BRSTAT
A230582021,ABU,11,2026,0.0,7982.01,0.0,0.0,-7982.01,fmifiit_fmioi,0.0,0.0,0.0,0.0,0,no_ps_link,11
A230582021,ABU,10',2026,0.0,79.83,0.0,0.0,-79.83,fmifiit_fmioi,0.0,0.0,0.0,0.0,0,no_ps_link,10'
A230582021,ABU,CDCE,2026,0.0,321.06,0.0,0.0,-321.06,fmifiit_fmioi,0.0,0.0,0.0,0.0,0,no_ps_link,CDCE
A230582061,BAM,11,2026,0.0,2875.08,0.0,0.0,-2875.08,fmifiit_fmioi,0.0,0.0,0.0,0.0,0,no_ps_link,11
A230582061,BAM,10',2026,0.0,28.75,0.0,0.0,-28.75,fmifiit_fmioi,0.0,0.0,0.0,0.0,0,no_ps_link,10'
A230582202,YAO,11,2026,0.0,1861.9,0.0,0.0,-1861.9,fmifiit_fmioi,0.0,0.0,0.0,0.0,0,no_ps_link,11
A230582202,YAO,10',2026,0.0,18.62,0.0,0.0,-18.62,fmifiit_fmioi,0.0,0.0,0.0,0.0,0,no_ps_link,10'
A2101H4121,PNP,11,2026,0.0,24046.8,0.0,0.0,-24046.8,fmifiit_fmioi,0.0,0.0,0.0,0.0,0,no_ps_link,11
A2101H4121,PNP,10',2026,0.0,403.92,0.0,0.0,-403.92,fmifiit_fmioi,0.0,0.0,0.0,0.0,0,no_ps_link,10'
3210212371,JUB,13,2026,0.0,1591.88,0.0,0.0,-1591.88,fmifiit_fmioi,0.0,0.0,0.0,0.0,0,no_ps_link,13
3210212371,JUB,10',2026,0.0,28.36,0.0,0.0,-28.36,fmifiit_fmioi,0.0,0.0,0.0,0.0,0,no_ps_link,10'
2210515012,VNI,10',2026,0.0,65.53,0.0,0.0,-65.53,fmifiit_fmioi,0.0,0.0,0.0,0.0,0,no_ps_link,10'
2210515012,VNI,11,2026,0.0,8756.93,0.0,0.0,-8756.93,fmifiit_fmioi,0.0,0.0,0.0,0.0,0,no_ps_link,11
633CRP2242,NAI,11,2026,0.0,21569.6,32977.38,0.0,-54546.98,fmifiit_fmioi,0.0,0.0,0.0,0.0,0,no_ps_link,11
633CRP1391,GCP,11,2026,0.0,44989.93,0.0,0.0,-44989.93,fmifiit_fmioi,0.0,0.0,0.0,0.0,0,no_ps_link,11
633CRP3591,SHS,10',2026,0.0,1689.81,0.0,0.0,-1689.81,fmifiit_fmioi,0.0,0.0,0.0,0.0,0,no_ps_link,10'
633CRP2290,HYD,11,2026,0.0,12113.2,2400.0,0.0,-14513.2,fmifiit_fmioi,0.0,0.0,0.0,0.0,0,no_ps_link,11
A210282012,YAO,10',2026,0.0,109.41,0.0,0.0,-109.41,fmifiit_fmioi,0.0,0.0,0.0,0.0,0,no_ps_link,10'
A210282012,YAO,13,2026,0.0,6037.37,0.0,0.0,-6037.37,fmifiit_fmioi,0.0,0.0,0.0,0.0,0,no_ps_link,13
549RLA4000,HAV,30,2026,0.0,94.0,0.0,48.06,-48.06,fmavct_kbfc,19981027.28,2464672.4,0.0,17516354.88,9,2,30
633CRP7306,API,20,2026,0.0,493.21,42678.36,0.0,-43171.57,fmifiit_fmioi,0.0,0.0,0.0,0.0,0,no_ps_link,20
A210551011,ITR,BRSTAT,2026,0.0,354.23,0.0,0.0,-354.23,fmifiit_fmioi,0.0,0.0,0.0,0.0,0,no_ps_link,BRSTAT
A210551011,ITR,11,2026,0.0,12327.4,35102.01,0.0,-47429.41,fmifiit_fmioi,0.0,0.0,0.0,0.0,0,no_ps_link,11
A210551011,ITR,CDCE,2026,0.0,347.55,0.0,0.0,-347.55,fmifiit_fmioi,0.0,0.0,0.0,0.0,0,no_ps_link,CDCE
A210521011,LHE,CDSP,2026,0.0,0.04,0.0,0.0,-0.04,fmifiit_fmioi,0.0,0.0,0.0,0.0,0,no_ps_link,CDSP
A210272022,KNS,30,2026,0.0,1118.0,0.0,0.0,-1118.0,fmifiit_fmioi,0.0,0.0,0.0,0.0,0,no_ps_link,30
3230841581,BGK,10',2026,0.0,243.37,0.0,0.0,-243.37,fmifiit_fmioi,0.0,0.0,0.0,0.0,0,no_ps_link,10'
213GLO2020,LIN,REVENUE,2026,187206.4,0.0,0.0,0.0,187206.4,fmifiit_fmioi,2775208.38,-220340.68,0.0,2995549.06,44,4,REVENUE
570RAF0003,PAX,REVENUE,2026,150000.0,0.0,0.0,0.0,150000.0,fmifiit_fmioi,642155.96,-166675.38,0.0,808831.34,4,4,REVENUE
537LEB2000,BEI,REVENUE,2026,117371.0,0.0,0.0,0.0,117371.0,fmifiit_fmioi,89179.8,0.0,0.0,89179.8,1,4,REVENUE
3210514092,HAN,11,2026,0.0,8078.15,48690.53,0.0,-56768.68,fmifiit_fmioi,0.0,0.0,0.0,0.0,0,no_ps_link,11
637FOR7312,BGK,40,2026,0.0,2712.1,13570.42,0.0,-16282.52,fmifiit_fmioi,0.0,0.0,0.0,0.0,0,no_ps_link,40
263ZIM2000,HAR,30,2026,0.0,980.8,0.0,745.0,-745.0,fmavct_kbfc,1073248.62,147444.38,10000.0,915804.24,6,2,30
3210254032,BEJ,13,2026,0.0,5600.84,0.0,0.0,-5600.84,fmifiit_fmioi,0.0,0.0,0.0,0.0,0,no_ps_link,13
A230573051,BEI,10',2026,0.0,40.03,0.0,0.0,-40.03,fmifiit_fmioi,0.0,0.0,0.0,0.0,0,no_ps_link,10'
680DBS4102,DBS,13,2026,0.0,487.12,0.0,0.0,-487.12,fmifiit_fmioi,0.0,0.0,0.0,0.0,0,no_ps_link,13
700CPR4000,BEJ,PC,2026,12022.62,25846.0,89319.0,11.08,12011.54,fmavct_kbfc,1018030.11,7897.43,0.0,1010132.68,20,4,10'|11|13
A210315041,NDL,10',2026,0.0,33.37,0.0,0.0,-33.37,fmifiit_fmioi,0.0,0.0,0.0,0.0,0,no_ps_link,10'
A210315041,NDL,13,2026,0.0,3338.76,0.0,0.0,-3338.76,fmifiit_fmioi,0.0,0.0,0.0,0.0,0,no_ps_link,13
633CRP5442,NAI,10',2026,0.0,5820.46,0.0,0.0,-5820.46,fmifiit_fmioi,0.0,0.0,0.0,0.0,0,no_ps_link,10'
633CRP5442,NAI,13,2026,0.0,3977.52,0.0,0.0,-3977.52,fmifiit_fmioi,0.0,0.0,0.0,0.0,0,no_ps_link,13
633CRP4148,RAB,10',2026,0.0,19.08,0.0,0.0,-19.08,fmifiit_fmioi,0.0,0.0,0.0,0.0,0,no_ps_link,10'
633CRP4148,RAB,13,2026,0.0,1907.58,0.0,0.0,-1907.58,fmifiit_fmioi,0.0,0.0,0.0,0.0,0,no_ps_link,13
2210215141,MXC,13,2026,0.0,5790.67,0.0,0.0,-5790.67,fmifiit_fmioi,0.0,0.0,0.0,0.0,0,no_ps_link,13
3210556083,MXC,10',2026,14.14,2213.48,0.0,0.0,-2199.34,fmifiit_fmioi,0.0,0.0,0.0,0.0,0,no_ps_link,10'
3210556083,MXC,13,2026,0.0,6534.88,0.0,0.0,-6534.88,fmifiit_fmioi,0.0,0.0,0.0,0.0,0,no_ps_link,13
570RAS1006,BGK,PC,2026,0.0,8546.02,0.0,2218.48,-2218.48,fmavct_kbfc,474286.36,1071550.0,0.0,-597263.64,5,1,10'|13
2210173022,BEI,13,2026,0.0,945.7,0.0,0.0,-945.7,fmifiit_fmioi,0.0,0.0,0.0,0.0,0,no_ps_link,13
3210133012,BEI,13,2026,0.0,945.7,0.0,0.0,-945.7,fmifiit_fmioi,0.0,0.0,0.0,0.0,0,no_ps_link,13
3210544052,TAS,10',2026,0.0,14.91,0.0,0.0,-14.91,fmifiit_fmioi,0.0,0.0,0.0,0.0,0,no_ps_link,10'
3210544052,TAS,13,2026,0.0,1491.59,0.0,0.0,-1491.59,fmifiit_fmioi,0.0,0.0,0.0,0.0,0,no_ps_link,13
A210234022,TEH,10',2026,0.0,8.49,0.0,0.0,-8.49,fmifiit_fmioi,0.0,0.0,0.0,0.0,0,no_ps_link,10'
A210234022,TEH,13,2026,0.0,849.16,0.0,0.0,-849.16,fmifiit_fmioi,0.0,0.0,0.0,0.0,0,no_ps_link,13
570MLI4003,BAM,TC,2026,544.0,19442.06,3653.46,660.54,-116.54,fmavct_kbfc,1343119.28,-366000.0,0.0,1709119.28,53,2,10'|13|20
633CRP1109,BAM,10',2026,0.0,6.46,0.0,0.0,-6.46,fmifiit_fmioi,0.0,0.0,0.0,0.0,0,no_ps_link,10'
633CRP1109,BAM,13,2026,0.0,646.43,0.0,0.0,-646.43,fmifiit_fmioi,0.0,0.0,0.0,0.0,0,no_ps_link,13
633CRP2109,BAM,10',2026,0.0,8.03,0.0,0.0,-8.03,fmifiit_fmioi,0.0,0.0,0.0,0.0,0,no_ps_link,10'
633CRP2109,BAM,13,2026,0.0,802.83,0.0,0.0,-802.83,fmifiit_fmioi,0.0,0.0,0.0,0.0,0,no_ps_link,13
633CRP4209,BAM,10',2026,0.0,0.41,0.0,0.0,-0.41,fmifiit_fmioi,0.0,0.0,0.0,0.0,0,no_ps_link,10'
633CRP4209,BAM,13,2026,0.0,41.29,0.0,0.0,-41.29,fmifiit_fmioi,0.0,0.0,0.0,0.0,0,no_ps_link,13
469GLO1007,IPS,10',2026,0.0,64.78,0.0,21668.78,-21668.78,fmavct_kbfc,726775.63,-440479.63,0.0,1167255.26,1,2,10'
469GLO1007,IPS,13,2026,0.0,6478.24,0.0,28262.71,-28262.71,fmavct_kbfc,726775.63,-440479.63,0.0,1167255.26,1,2,13
A110112031,SCX,13,2026,0.0,6311.94,0.0,0.0,-6311.94,fmifiit_fmioi,0.0,0.0,0.0,0.0,0,no_ps_link,13
A110112031,SCX,BRSTAT,2026,0.0,373.98,0.0,0.0,-373.98,fmifiit_fmioi,0.0,0.0,0.0,0.0,0,no_ps_link,BRSTAT
A110112031,SCX,CDSP,2026,0.0,373.98,0.0,0.0,-373.98,fmifiit_fmioi,0.0,0.0,0.0,0.0,0,no_ps_link,CDSP
A110112031,SCX,10',2026,0.0,42.88,0.0,0.0,-42.88,fmifiit_fmioi,0.0,0.0,0.0,0.0,0,no_ps_link,10'
A230211011,GEN,BRSTAT,2026,125.37,107.59,0.0,0.0,17.78,fmifiit_fmioi,0.0,0.0,0.0,0.0,0,no_ps_link,BRSTAT
A230211011,GEN,CDSP,2026,125.37,107.59,0.0,0.0,17.78,fmifiit_fmioi,0.0,0.0,0.0,0.0,0,no_ps_link,CDSP
185GEF0004,GEN,13,2026,2074.0,2074.0,0.0,0.0,0.0,fmifiit_fmioi,0.0,0.0,0.0,0.0,0,no_ps_link,13
637FOR7334,KHA,50,2026,0.0,4.66,0.0,0.0,-4.66,fmifiit_fmioi,0.0,0.0,0.0,0.0,0,no_ps_link,50
221KEN2000,NAI,40,2026,0.0,2058.35,31830.92,915607.3,-915607.3,fmavct_kbfc,9217393.92,12827091.52,221836.74,-3831534.34,27,1,40
727GLO1007,ESD,REVENUE,2026,620000.4,0.0,0.0,0.0,620000.4,fmifiit_fmioi,25924706.0,10149269.77,132114.18,15643322.05,167,4,REVENUE
727GLO1008,ESD,REVENUE,2026,192200.22,0.0,0.0,0.0,192200.22,fmifiit_fmioi,0.0,-52038.0,0.0,52038.0,1,4,REVENUE
727CHD1012,YAO,REVENUE,2026,17746368.0,0.0,0.0,0.0,17746368.0,fmifiit_fmioi,85561709.0,3223070.02,9552568.73,72786070.25,28,4,REVENUE
3230711051,CPE,10',2026,65.24,831.17,0.0,0.0,-765.93,fmifiit_fmioi,0.0,0.0,0.0,0.0,0,no_ps_link,10'
199GLO4342,LHE,REVENUE,2026,12542.39,0.0,0.0,0.0,12542.39,fmifiit_fmioi,30138.32,0.0,0.0,30138.32,3,4,REVENUE
199GLO4642,LHE,REVENUE,2026,3966.05,0.0,0.0,0.0,3966.05,fmifiit_fmioi,24075.66,1500.0,0.0,22575.66,1,4,REVENUE
199GLO4842,LHE,REVENUE,2026,525.51,0.0,0.0,0.0,525.51,fmifiit_fmioi,74492.48,-22736.38,0.0,97228.86,3,4,REVENUE
199GLO4250,LHE,REVENUE,2026,2514.93,0.0,0.0,0.0,2514.93,fmifiit_fmioi,34770.39,3758.08,0.0,31012.31,1,4,REVENUE
201AFG1002,KAB,REVENUE,2026,2822590.47,0.0,0.0,0.0,2822590.47,fmifiit_fmioi,18627081.21,224929.44,10784.0,18391367.77,42,4,REVENUE
549RLA4000,HAV,50,2026,0.0,306.38,319733.38,289852.0,-289852.0,fmavct_kbfc,19981027.28,2464672.4,0.0,17516354.88,9,2,50
2210572063,CEO,10',2026,0.0,1291.64,0.0,0.0,-1291.64,fmifiit_fmioi,0.0,0.0,0.0,0.0,0,no_ps_link,10'
263RAS4000,API,PC,2026,0.0,6596.61,0.0,0.0,-6596.61,fmifiit_fmioi,1246177.7,-318170.94,5565.0,1558783.64,8,2,10'
521STM0001,STM,40,2026,8000.0,55125.29,110315.78,0.0,-157441.07,fmifiit_fmioi,0.0,0.0,0.0,0.0,0,no_ps_link,40
3230411011,RMS,40,2026,113.04,0.0,0.0,0.0,113.04,fmifiit_fmioi,0.0,0.0,0.0,0.0,0,no_ps_link,40
A210161021,OPC,50,2026,2175.55,0.0,0.0,0.0,2175.55,fmifiit_fmioi,0.0,0.0,0.0,0.0,0,no_ps_link,50
A310511011,CLD,50,2026,1753.9,87.6,0.0,0.0,1666.3,fmifiit_fmioi,0.0,0.0,0.0,0.0,0,no_ps_link,50
556GLO5001,DHE,40,2026,8018.33,2285.84,26951.2,59447.98,-51429.65,fmavct_kbfc,4123087.62,1861461.5,18000.0,2243626.12,35,2,40
498GLO4000,ICD,40,2026,10000.0,1127.63,6478.24,0.0,2394.13,fmifiit_fmioi,672270.29,-378727.3,0.0,1050997.59,4,4,40
811GLO5000,FEJ,10',2026,44.0,1831.91,0.0,30670.37,-30626.37,fmavct_kbfc,273840.95,54371.13,0.0,219469.82,1,2,10'
412RAF0029,AFR,40,2026,4132.23,0.0,0.0,44660.0,-40527.77,fmavct_kbfc,426150.12,8557291.13,45835.0,-8176976.01,6,1,40
570GLO1033,E30,NPC,2026,223.14,1254.0,119219.48,87577.87,-87354.73,fmavct_kbfc,395851.16,3822384.73,0.0,-3426533.57,6,1,20|50
564ITE0058,ITE,40,2026,4882.69,0.0,0.0,0.0,4882.69,fmifiit_fmioi,0.0,0.0,0.0,0.0,0,no_ps_link,40
680DBM4101,DBM,50,2026,354.34,0.0,0.0,0.0,354.34,fmifiit_fmioi,0.0,0.0,0.0,0.0,0,no_ps_link,50
3210521021,UCH,50,2026,0.0,2.26,0.0,0.0,-2.26,fmifiit_fmioi,0.0,0.0,0.0,0.0,0,no_ps_link,50
3310611021,OPS,20,2026,0.0,8433.73,408039.16,0.0,-416472.89,fmifiit_fmioi,0.0,0.0,0.0,0.0,0,no_ps_link,20
549RER1001,EDU,REVENUE,2026,628044.54,0.0,0.0,0.0,628044.54,fmifiit_fmioi,5079722.16,311220.83,5500.0,4763001.33,18,4,REVENUE
A230574111,DHA,40,2026,0.0,23.36,0.0,0.0,-23.36,fmifiit_fmioi,0.0,0.0,0.0,0.0,0,no_ps_link,40
637FOR7305,AMN,50,2026,0.0,550.32,62001.15,0.0,-62551.47,fmifiit_fmioi,0.0,0.0,0.0,0.0,0,no_ps_link,50
633CRP6112,BGK,40,2026,0.0,88.01,0.0,0.0,-88.01,fmifiit_fmioi,0.0,0.0,0.0,0.0,0,no_ps_link,40
537RAS5001,BGK,40,2026,0.0,297.02,458.24,3615.71,-3615.71,fmavct_kbfc,551559.0,2323994.17,0.0,-1772435.17,1,1,40
633CRP3112,BGK,40,2026,0.0,88.01,541.54,0.0,-629.55,fmifiit_fmioi,0.0,0.0,0.0,0.0,0,no_ps_link,40
633CRP1134,KHA,20,2026,0.0,705.0,18521.32,0.0,-19226.32,fmifiit_fmioi,0.0,0.0,0.0,0.0,0,no_ps_link,20
3210114033,DHA,11,2026,0.0,1075.0,3225.0,0.0,-4300.0,fmifiit_fmioi,0.0,0.0,0.0,0.0,0,no_ps_link,11
3210532051,ADI,20,2026,0.0,1086.22,9990.72,0.0,-11076.94,fmifiit_fmioi,0.0,0.0,0.0,0.0,0,no_ps_link,20
3210552101,ADI,20,2026,0.0,196.59,8929.82,0.0,-9126.41,fmifiit_fmioi,0.0,0.0,0.0,0.0,0,no_ps_link,20
3210135032,MTD,11,2026,9000.0,0.0,0.0,0.0,9000.0,fmifiit_fmioi,0.0,0.0,0.0,0.0,0,no_ps_link,11
3210461022,ATD,13,2026,4500.0,0.0,0.0,0.0,4500.0,fmifiit_fmioi,0.0,0.0,0.0,0.0,0,no_ps_link,13
A210195012,MTD,11,2026,34280.0,0.0,0.0,0.0,34280.0,fmifiit_fmioi,0.0,0.0,0.0,0.0,0,no_ps_link,11
2210611011,UAI,20,2026,1001.18,0.0,3546.41,0.0,-2545.23,fmifiit_fmioi,0.0,0.0,0.0,0.0,0,no_ps_link,20
A210441141,IRD,20,2026,9509.31,0.0,0.0,0.0,9509.31,fmifiit_fmioi,0.0,0.0,0.0,0.0,0,no_ps_link,20
A210232161,DAK,30,2026,0.0,5391.61,0.0,0.0,-5391.61,fmifiit_fmioi,0.0,0.0,0.0,0.0,0,no_ps_link,30
201BGD1001,DHA,50,2026,0.0,399.22,4094.46,316523.8,-316523.8,fmavct_kbfc,9647985.09,44162771.48,23992487.86,-58507274.25,27,1,50
3230833091,BUJ,50,2026,0.0,283.85,41847.48,0.0,-42131.33,fmifiit_fmioi,0.0,0.0,0.0,0.0,0,no_ps_link,50
633CRP4149,RAM,10',2026,0.0,6.57,0.0,0.0,-6.57,fmifiit_fmioi,0.0,0.0,0.0,0.0,0,no_ps_link,10'
A310611031,OPS,50,2026,0.0,1815.16,9585.43,0.0,-11400.59,fmifiit_fmioi,0.0,0.0,0.0,0.0,0,no_ps_link,50
A210233011,RAB,10',2026,0.0,1341.41,0.0,0.0,-1341.41,fmifiit_fmioi,0.0,0.0,0.0,0.0,0,no_ps_link,10'
469GLO4000,ITH,10',2026,0.0,402.68,0.0,82238.3,-82238.3,fmavct_kbfc,727173.25,105948.08,0.0,621225.17,1,2,10'
727HAI1000,POP,PC,2026,0.0,500.0,650260.94,60304.37,-60304.37,fmavct_kbfc,4503791.84,4036114.29,0.0,467677.55,21,2,11
3210511022,WHC,13,2026,0.0,1920.0,0.0,0.0,-1920.0,fmifiit_fmioi,0.0,0.0,0.0,0.0,0,no_ps_link,13
549RER2018,BRU,20,2026,0.0,5644.67,41477.71,63299.01,-63299.01,fmavct_kbfc,1565177.68,98864.74,12.0,1466300.94,35,2,20
3230835031,SUV,40,2026,0.0,73323.3,104129.46,0.0,-177452.76,fmifiit_fmioi,0.0,0.0,0.0,0.0,0,no_ps_link,40
701RAS1000,API,40,2026,0.0,6600.57,43490.02,86587.88,-86587.88,fmavct_kbfc,4008608.88,-268019.1,1512.04,4275115.94,7,2,40
633CRP5207,ATA,20,2026,0.0,174.3,1823.12,0.0,-1997.42,fmifiit_fmioi,0.0,0.0,0.0,0.0,0,no_ps_link,20
3210541021,LHE,50,2026,0.0,1718.66,0.0,0.0,-1718.66,fmifiit_fmioi,0.0,0.0,0.0,0.0,0,no_ps_link,50
406RAB2001,CAI,REVENUE,2026,959.27,0.0,0.0,0.0,959.27,fmifiit_fmioi,0.0,0.0,0.0,0.0,1,4,REVENUE
406GLO9000,ODG,REVENUE,2026,24792.06,0.0,0.0,0.0,24792.06,fmifiit_fmioi,0.0,-7377.86,0.0,7377.86,1,4,REVENUE
A210161071,HED,20,2026,0.0,27557.36,55938.62,0.0,-83495.98,fmifiit_fmioi,0.0,0.0,0.0,0.0,0,no_ps_link,20
650ITA9000,BFM,REVENUE,2026,1353280.04,0.0,0.0,0.0,1353280.04,fmifiit_fmioi,0.0,168515.0,0.0,-168515.0,1,3,REVENUE
650RER4004,VNI,REVENUE,2026,549010.28,0.0,0.0,0.0,549010.28,fmifiit_fmioi,1434281.16,0.0,0.0,1434281.16,6,4,REVENUE
RSS1000165,JUB,PC,2026,0.0,457.96,0.0,1416.66,-1416.66,fmavct_kbfc,1669872.75,36174.98,15271.61,1618426.16,18,2,10'
A230545501,KNG,40,2026,1702.6,0.0,0.0,0.0,1702.6,fmifiit_fmioi,0.0,0.0,0.0,0.0,0,no_ps_link,40
727LIR1001,ABU,REVENUE,2026,2142.7,0.0,0.0,0.0,2142.7,fmifiit_fmioi,0.0,0.0,0.0,0.0,1,4,REVENUE
727SEN1003,DAK,REVENUE,2026,48.96,0.0,0.0,0.0,48.96,fmifiit_fmioi,0.0,0.0,0.0,0.0,1,4,REVENUE
549CMR4000,YAO,REVENUE,2026,767933.33,0.0,0.0,0.0,767933.33,fmifiit_fmioi,4461182.24,405328.79,25069.0,4030784.45,21,4,REVENUE
A210445061,KNG,10',2026,0.0,2500.0,0.0,0.0,-2500.0,fmifiit_fmioi,0.0,0.0,0.0,0.0,0,no_ps_link,10'
A210431012,IRD,11,2026,0.0,8047.05,7296.55,0.0,-15343.6,fmifiit_fmioi,0.0,0.0,0.0,0.0,0,no_ps_link,11
3210641151,IEO,10',2026,0.0,3000.0,0.0,0.0,-3000.0,fmifiit_fmioi,0.0,0.0,0.0,0.0,0,no_ps_link,10'
633CRP5190,UAI,40,2026,0.0,702.58,0.0,0.0,-702.58,fmifiit_fmioi,0.0,0.0,0.0,0.0,0,no_ps_link,40
406KEN0001,NAI,TC,2026,0.0,8414.73,0.0,738.23,-738.23,fmavct_kbfc,20000.0,-21400.0,0.0,41400.0,1,2,10'
A230583021,BAG,20,2026,0.0,6408.0,0.0,0.0,-6408.0,fmifiit_fmioi,0.0,0.0,0.0,0.0,0,no_ps_link,20
A2305B3021,BAG,20,2026,0.0,3419.4,0.0,0.0,-3419.4,fmifiit_fmioi,0.0,0.0,0.0,0.0,0,no_ps_link,20
A2305E3011,BAG,20,2026,0.0,3419.4,0.0,0.0,-3419.4,fmifiit_fmioi,0.0,0.0,0.0,0.0,0,no_ps_link,20
633TFC7311,BEJ,50,2026,0.0,393.3,316.62,0.0,-709.92,fmifiit_fmioi,0.0,0.0,0.0,0.0,0,no_ps_link,50
3110111021,PAX,10',2026,0.0,2209.14,0.0,0.0,-2209.14,fmifiit_fmioi,0.0,0.0,0.0,0.0,0,no_ps_link,10'
633CRP7302,ABU,20,2026,0.0,2879.6,10367.42,0.0,-13247.02,fmifiit_fmioi,0.0,0.0,0.0,0.0,0,no_ps_link,20
809RAF4000,NAI,20,2026,0.0,9210.8,18590.0,91.27,-91.27,fmavct_kbfc,196466.4,-160760.56,84.2,357142.76,1,2,20
406EGY1000,CAI,REVENUE,2026,4393.59,0.0,0.0,0.0,4393.59,fmifiit_fmioi,7154.93,1885129.59,0.0,-1877974.66,1,3,REVENUE
406RAB2000,CAI,REVENUE,2026,4235.45,0.0,0.0,0.0,4235.45,fmifiit_fmioi,6062.37,78886.5,0.0,-72824.13,1,3,REVENUE
406RAB5000,CAI,REVENUE,2026,15203.75,0.0,0.0,0.0,15203.75,fmifiit_fmioi,38760.7,10708.49,0.0,28052.21,1,4,REVENUE
567MOV5000,FMD,TC,2026,36.55,55821.99,181887.98,1335.67,-1299.12,fmavct_kbfc,480342.0,-240000.0,0.0,720342.0,10,2,10'|11|20
729RLA2000,MTD,REVENUE,2026,16472.0,0.0,0.0,0.0,16472.0,fmifiit_fmioi,4175856.99,1571801.58,0.0,2604055.41,25,4,REVENUE
A230542191,NAI,50,2026,0.0,43876.88,86194.85,0.0,-130071.73,fmifiit_fmioi,0.0,0.0,0.0,0.0,0,no_ps_link,50
3210512042,WHC,20,2026,0.0,58836.0,83584.0,0.0,-142420.0,fmifiit_fmioi,0.0,0.0,0.0,0.0,0,no_ps_link,20
A2101H3011,AMN,50,2026,0.0,29.66,0.0,0.0,-29.66,fmifiit_fmioi,0.0,0.0,0.0,0.0,0,no_ps_link,50
549BIH4000,SAR,TC,2026,0.0,26200.0,88128.0,5653.28,-5653.28,fmavct_kbfc,23806249.52,-5359747.0,0.0,29165996.52,13,2,11|20
406CHI1011,STG,TC,2026,0.0,3120.1,40465.86,24939.94,-24939.94,fmavct_kbfc,45000.0,-48150.0,0.0,93150.0,1,2,11
633CRP2240,MTD,11,2026,0.0,3500.0,8400.0,0.0,-11900.0,fmifiit_fmioi,0.0,0.0,0.0,0.0,0,no_ps_link,11
A210161071,HED,30,2026,0.0,8179.25,0.0,0.0,-8179.25,fmifiit_fmioi,0.0,0.0,0.0,0.0,0,no_ps_link,30
3310611041,OPS,20,2026,0.0,705.8,3047.38,0.0,-3753.18,fmifiit_fmioi,0.0,0.0,0.0,0.0,0,no_ps_link,20
537RAF4007,WHC,REVENUE,2026,174690.0,0.0,0.0,0.0,174690.0,fmifiit_fmioi,90000.0,0.0,0.0,90000.0,5,4,REVENUE
637FOR7350,SJO,20,2026,0.0,1766.73,3937.1,0.0,-5703.83,fmifiit_fmioi,0.0,0.0,0.0,0.0,0,no_ps_link,20
3210546022,STG,10',2026,49.49,94.0,0.0,0.0,-44.51,fmifiit_fmioi,0.0,0.0,0.0,0.0,0,no_ps_link,10'
570RAS1008,BGK,30,2026,190.31,441.12,0.0,36622.34,-36432.03,fmavct_kbfc,2752292.0,10427928.3,11971800.2,-19647436.5,6,1,30
3210154012,BGK,30,2026,0.0,0.47,0.0,0.0,-0.47,fmifiit_fmioi,0.0,0.0,0.0,0.0,0,no_ps_link,30
633CRP7311,BEJ,13,2026,0.0,2371.5,0.0,0.0,-2371.5,fmifiit_fmioi,0.0,0.0,0.0,0.0,0,no_ps_link,13
A230544121,NDL,13,2026,0.0,973.93,0.0,0.0,-973.93,fmifiit_fmioi,0.0,0.0,0.0,0.0,0,no_ps_link,13
570MEX4003,MXC,REVENUE,2026,111292.14,0.0,0.0,0.0,111292.14,fmifiit_fmioi,306308.64,0.0,0.0,306308.64,7,4,REVENUE
213GLO2019,IOC,20,2026,0.0,9694.86,357715.52,24177.91,-24177.91,fmavct_kbfc,199065.42,55622.0,4210.64,139232.78,2,2,20
633CRP7343,NDL,11,2026,0.0,1951.38,3984.08,0.0,-5935.46,fmifiit_fmioi,0.0,0.0,0.0,0.0,0,no_ps_link,11
637FOR7317,DAK,40,2026,1588.0,178.52,22963.36,0.0,-21553.88,fmifiit_fmioi,0.0,0.0,0.0,0.0,0,no_ps_link,40
A230583021,BAG,40,2026,0.0,3204.0,16020.0,0.0,-19224.0,fmifiit_fmioi,0.0,0.0,0.0,0.0,0,no_ps_link,40
A2305B3021,BAG,40,2026,0.0,7286.1,8547.9,0.0,-15834.0,fmifiit_fmioi,0.0,0.0,0.0,0.0,0,no_ps_link,40
A2305E3011,BAG,40,2026,0.0,7286.1,8547.9,0.0,-15834.0,fmifiit_fmioi,0.0,0.0,0.0,0.0,0,no_ps_link,40
A2101H3021,BAG,40,2026,0.0,3752.25,4880.75,0.0,-8633.0,fmifiit_fmioi,0.0,0.0,0.0,0.0,0,no_ps_link,40
2210155041,STG,50,2026,0.0,685.01,2917.14,0.0,-3602.15,fmifiit_fmioi,0.0,0.0,0.0,0.0,0,no_ps_link,50
2230837133,STG,50,2026,0.0,19.47,38.88,0.0,-58.35,fmifiit_fmioi,0.0,0.0,0.0,0.0,0,no_ps_link,50
2230837132,STG,50,2026,0.0,16.19,32.34,0.0,-48.53,fmifiit_fmioi,0.0,0.0,0.0,0.0,0,no_ps_link,50
549AFG5001,FEJ,REVENUE,2026,1265161.11,0.0,0.0,0.0,1265161.11,fmifiit_fmioi,9637092.38,358438.1,360.0,9278294.28,52,4,REVENUE
819AZE9000,BFM,REVENUE,2026,291392.0,0.0,0.0,0.0,291392.0,fmifiit_fmioi,0.0,0.0,0.0,0.0,1,4,REVENUE
819RER4000,WHC,REVENUE,2026,145696.0,0.0,0.0,0.0,145696.0,fmifiit_fmioi,310279.0,57549.06,0.0,252729.94,1,4,REVENUE
3210634091,HAV,20,2026,0.0,4000.0,65952.5,0.0,-69952.5,fmifiit_fmioi,0.0,0.0,0.0,0.0,0,no_ps_link,20
2210425071,MXC,20,2026,0.0,80.15,5946.64,0.0,-6026.79,fmifiit_fmioi,0.0,0.0,0.0,0.0,0,no_ps_link,20
633CRP7112,BGK,20,2026,0.0,2929.28,6583.54,0.0,-9512.82,fmifiit_fmioi,0.0,0.0,0.0,0.0,0,no_ps_link,20
A110112051,SCX,BRSTAT,2026,0.0,11.12,0.0,0.0,-11.12,fmifiit_fmioi,0.0,0.0,0.0,0.0,0,no_ps_link,BRSTAT
A110112051,SCX,13,2026,0.0,172.13,0.0,0.0,-172.13,fmifiit_fmioi,0.0,0.0,0.0,0.0,0,no_ps_link,13
A110112051,SCX,CDSP,2026,0.0,11.12,0.0,0.0,-11.12,fmifiit_fmioi,0.0,0.0,0.0,0.0,0,no_ps_link,CDSP
185GEF0006,ADI,50,2026,0.0,1.26,0.0,0.0,-1.26,fmifiit_fmioi,0.0,0.0,0.0,0.0,0,no_ps_link,50
526GLO2011,HYD,REVENUE,2026,246291.56,0.0,0.0,0.0,246291.56,fmifiit_fmioi,210418.29,-231572.28,0.0,441990.57,1,4,REVENUE
526GLO2013,HYD,REVENUE,2026,273833.0,0.0,0.0,0.0,273833.0,fmifiit_fmioi,447453.0,-300543.87,2000.0,745996.87,2,4,REVENUE
570RLA1017,SJO,REVENUE,2026,30480.0,0.0,0.0,0.0,30480.0,fmifiit_fmioi,169899.07,1259450.1,0.0,-1089551.03,1,3,REVENUE
3210312031,JAK,20,2026,0.0,12807.0,269710.36,0.0,-282517.36,fmifiit_fmioi,0.0,0.0,0.0,0.0,0,no_ps_link,20
537SOI4000,WHC,PC,2026,7350.09,0.0,20000.0,224769.44,-217419.35,fmavct_kbfc,166777.24,36631.69,0.0,130145.55,1,2,11|13
633CRP9003,RAM,REVENUE,2026,3916.0,0.0,0.0,0.0,3916.0,fmifiit_fmioi,375.0,-3197980.67,133.0,3198222.67,705,4,REVENUE
633CRP9003,BEJ,REVENUE,2026,32221.11,0.0,0.0,0.0,32221.11,fmifiit_fmioi,375.0,-3197980.67,133.0,3198222.67,705,4,REVENUE
633CRP9003,KNG,REVENUE,2026,32393.32,0.0,0.0,0.0,32393.32,fmifiit_fmioi,375.0,-3197980.67,133.0,3198222.67,705,4,REVENUE
633CRP9003,TED,REVENUE,2026,151108.93,0.0,0.0,0.0,151108.93,fmifiit_fmioi,375.0,-3197980.67,133.0,3198222.67,705,4,REVENUE
633CRP9003,HAR,REVENUE,2026,55184.85,0.0,0.0,0.0,55184.85,fmifiit_fmioi,375.0,-3197980.67,133.0,3198222.67,705,4,REVENUE
268ZAM1003,HAR,TC,2026,1181.72,0.0,0.0,26113.75,-24932.03,fmavct_kbfc,76832.0,0.0,0.0,76832.0,18,2,13
633CRP9003,FLI,REVENUE,2026,23323.5,0.0,0.0,0.0,23323.5,fmifiit_fmioi,375.0,-3197980.67,133.0,3198222.67,705,4,REVENUE
633CRP9003,KHA,REVENUE,2026,9847.56,0.0,0.0,0.0,9847.56,fmifiit_fmioi,375.0,-3197980.67,133.0,3198222.67,705,4,REVENUE
570GLO2046,IOC,REVENUE,2026,304110.0,0.0,0.0,0.0,304110.0,fmifiit_fmioi,620000.0,162543.04,300.0,457156.96,1,4,REVENUE
513RAF4015,MAP,REVENUE,2026,5539.66,0.0,0.0,0.0,5539.66,fmifiit_fmioi,576729.42,5881394.12,0.0,-5304664.7,12,3,REVENUE
513GLO2052,IOC,50,2026,0.0,455.68,0.0,0.0,-455.68,fmifiit_fmioi,3854961.72,221107.31,0.0,3633854.41,21,2,50
198PAC4143,WHC,TC,2026,6816.06,3751.45,22377.86,15475.0,-8658.94,fmavct_kbfc,46956.0,0.0,0.0,46956.0,1,2,11|50
3230711052,CPE,50,2026,2474.23,0.0,9136.56,0.0,-6662.33,fmifiit_fmioi,0.0,0.0,0.0,0.0,0,no_ps_link,50
448INT2041,TWA,REVENUE,2026,0.0,965.8,0.0,0.0,-965.8,fmifiit_fmioi,0.0,-2271.31,0.0,2271.31,1,2,REVENUE
633TFC7305,AMN,50,2026,0.0,14.12,204.1,0.0,-218.22,fmifiit_fmioi,0.0,0.0,0.0,0.0,0,no_ps_link,50
469GLO1008,GCP,REVENUE,2026,311500.0,0.0,0.0,0.0,311500.0,fmifiit_fmioi,637559.63,159941.59,0.0,477618.04,1,4,REVENUE
633CRP1651,STG,40,2026,0.0,3859.71,8131.56,0.0,-11991.27,fmifiit_fmioi,0.0,0.0,0.0,0.0,0,no_ps_link,40
507ECU1000,STG,40,2026,0.0,175.33,3309.38,0.0,-3484.71,fmifiit_fmioi,95314.65,149919.31,0.0,-54604.66,1,1,40
549GLO5003,FEJ,REVENUE,2026,1470310.01,0.0,0.0,0.0,1470310.01,fmifiit_fmioi,11662599.56,514295635.31,190427316.03,-693060351.78,71,3,REVENUE
630PLF9000,ERC,REVENUE,2026,63944.05,0.0,0.0,0.0,63944.05,fmifiit_fmioi,0.0,0.0,0.0,0.0,0,no_ps_link,REVENUE
635SAD9000,CLD,REVENUE,2026,1480.54,0.0,0.0,0.0,1480.54,fmifiit_fmioi,0.0,0.0,0.0,0.0,0,no_ps_link,REVENUE
637FOR9000,UNESCO,REVENUE,2026,14841.52,0.0,0.0,0.0,14841.52,fmifiit_fmioi,0.0,0.0,0.0,0.0,0,no_ps_link,REVENUE
637FOR9002,DOH,REVENUE,2026,76.48,0.0,0.0,0.0,76.48,fmifiit_fmioi,12000.0,0.0,0.0,12000.0,2,4,REVENUE
640SCF9000,HRM,REVENUE,2026,9570.28,0.0,0.0,0.0,9570.28,fmifiit_fmioi,0.0,0.0,0.0,0.0,0,no_ps_link,REVENUE
640CDL9000,HRM,REVENUE,2026,1899.34,0.0,0.0,0.0,1899.34,fmifiit_fmioi,0.0,0.0,0.0,0.0,0,no_ps_link,REVENUE
641COU9000,DPI,REVENUE,2026,22.06,0.0,0.0,0.0,22.06,fmifiit_fmioi,0.0,0.0,0.0,0.0,0,no_ps_link,REVENUE
643CSI9000,ADM,REVENUE,2026,303639.01,0.0,0.0,0.0,303639.01,fmifiit_fmioi,0.0,0.0,0.0,0.0,0,no_ps_link,REVENUE
633CRP9000,UNESCO,REVENUE,2026,139978.9,0.0,0.0,0.0,139978.9,fmifiit_fmioi,0.0,0.0,0.0,0.0,2,4,REVENUE
A230572011,KNS,40,2026,0.0,340.0,1620.0,0.0,-1960.0,fmifiit_fmioi,0.0,0.0,0.0,0.0,0,no_ps_link,40
A210531011,DCE,40,2026,6800.0,0.0,0.0,0.0,6800.0,fmifiit_fmioi,0.0,0.0,0.0,0.0,0,no_ps_link,40
A2102B1012,SEO,40,2026,27230.99,1003.56,0.0,0.0,26227.43,fmifiit_fmioi,0.0,0.0,0.0,0.0,0,no_ps_link,40
3210241012,PBS,20,2026,0.0,303.0,65320.0,0.0,-65623.0,fmifiit_fmioi,0.0,0.0,0.0,0.0,0,no_ps_link,20
513GLO2050,HYD,40,2026,0.0,515.2,8588.84,0.0,-9104.04,fmifiit_fmioi,1794774.47,86527.5,5320.0,1702926.97,12,2,40
570GLO2013,PCB,13,2026,5133.0,0.0,0.0,1418313.4,-1413180.4,fmavct_kbfc,549908.59,1034476.47,2400.0,-486967.88,1,1,13
633CRP9003,PBS,REVENUE,2026,5133.0,0.0,0.0,0.0,5133.0,fmifiit_fmioi,375.0,-3197980.67,133.0,3198222.67,705,4,REVENUE
A120111021,CAB,50,2026,100431.65,0.0,0.0,0.0,100431.65,fmifiit_fmioi,0.0,0.0,0.0,0.0,0,no_ps_link,50
A230321081,BSP,50,2026,52384.08,0.0,0.0,0.0,52384.08,fmifiit_fmioi,0.0,0.0,0.0,0.0,0,no_ps_link,50
A230331021,BSP,50,2026,1904092.56,0.0,0.0,0.0,1904092.56,fmifiit_fmioi,0.0,0.0,0.0,0.0,0,no_ps_link,50
A310111121,ADM,50,2026,70505.15,0.0,0.0,0.0,70505.15,fmifiit_fmioi,0.0,0.0,0.0,0.0,0,no_ps_link,50
A310121041,ADM,50,2026,927752.04,0.0,0.0,0.0,927752.04,fmifiit_fmioi,0.0,0.0,0.0,0.0,0,no_ps_link,50
A310211191,HRM,50,2026,207939.0,0.0,0.0,0.0,207939.0,fmifiit_fmioi,0.0,0.0,0.0,0.0,0,no_ps_link,50
A310221031,HRM,50,2026,2023070.28,0.0,0.0,0.0,2023070.28,fmifiit_fmioi,0.0,0.0,0.0,0.0,0,no_ps_link,50
A310311031,FIN,50,2026,24954.0,0.0,0.0,0.0,24954.0,fmifiit_fmioi,0.0,0.0,0.0,0.0,0,no_ps_link,50
A310321021,FIN,50,2026,1136954.73,0.0,0.0,0.0,1136954.73,fmifiit_fmioi,0.0,0.0,0.0,0.0,0,no_ps_link,50
A310411161,DBS,50,2026,546316.5,0.0,0.0,0.0,546316.5,fmifiit_fmioi,0.0,0.0,0.0,0.0,0,no_ps_link,50
A310421021,DBS,50,2026,1953313.8,0.0,0.0,0.0,1953313.8,fmifiit_fmioi,0.0,0.0,0.0,0.0,0,no_ps_link,50
A120121021,CAB,50,2026,1153406.23,0.0,0.0,0.0,1153406.23,fmifiit_fmioi,0.0,0.0,0.0,0.0,0,no_ps_link,50
A310611151,OPS,50,2026,38269.35,0.0,0.0,0.0,38269.35,fmifiit_fmioi,0.0,0.0,0.0,0.0,0,no_ps_link,50
A310621041,OPS,50,2026,269723.39,0.0,0.0,0.0,269723.39,fmifiit_fmioi,0.0,0.0,0.0,0.0,0,no_ps_link,50
A310811031,DBM,50,2026,40989.85,0.0,0.0,0.0,40989.85,fmifiit_fmioi,0.0,0.0,0.0,0.0,0,no_ps_link,50
A310821021,DBM,50,2026,332139.66,0.0,0.0,0.0,332139.66,fmifiit_fmioi,0.0,0.0,0.0,0.0,0,no_ps_link,50
A120211061,IOS,50,2026,145529.22,0.0,0.0,0.0,145529.22,fmifiit_fmioi,0.0,0.0,0.0,0.0,0,no_ps_link,50
A120221021,IOS,50,2026,939532.3,0.0,0.0,0.0,939532.3,fmifiit_fmioi,0.0,0.0,0.0,0.0,0,no_ps_link,50
A120311051,LAL,50,2026,14010.27,0.0,0.0,0.0,14010.27,fmifiit_fmioi,0.0,0.0,0.0,0.0,0,no_ps_link,50
A120321021,LAL,50,2026,754199.32,0.0,0.0,0.0,754199.32,fmifiit_fmioi,0.0,0.0,0.0,0.0,0,no_ps_link,50
A120411021,ETH,50,2026,36938.81,0.0,0.0,0.0,36938.81,fmifiit_fmioi,0.0,0.0,0.0,0.0,0,no_ps_link,50
A120421021,ETH,50,2026,137123.48,0.0,0.0,0.0,137123.48,fmifiit_fmioi,0.0,0.0,0.0,0.0,0,no_ps_link,50
A230311051,BSP,50,2026,70198.39,0.0,0.0,0.0,70198.39,fmifiit_fmioi,0.0,0.0,0.0,0.0,0,no_ps_link,50
469GLO1000,HED,REVENUE,2026,360385.0,0.0,0.0,0.0,360385.0,fmifiit_fmioi,789349.38,74417.32,0.0,714932.06,2,4,REVENUE
201RER1000,EME,80,2026,0.0,873.62,0.0,0.0,-873.62,fmifiit_fmioi,46728.97,0.0,0.0,46728.97,1,2,80
202MEX3000,MXC,80,2026,0.0,59.23,0.0,1389.24,-1389.24,fmavct_kbfc,130932.0,0.0,0.0,130932.0,8,2,80
213GLO2019,IOC,80,2026,0.0,678.64,0.0,0.0,-678.64,fmifiit_fmioi,199065.42,55622.0,4210.64,139232.78,2,2,80
263RAS4000,API,80,2026,0.0,461.76,0.0,100.39,-100.39,fmavct_kbfc,1246177.7,-318170.94,5565.0,1558783.64,8,2,80
268ZAM1003,HAR,80,2026,0.0,82.72,0.0,1523.53,-1523.53,fmavct_kbfc,76832.0,0.0,0.0,76832.0,18,2,80
406CHI1011,STG,80,2026,0.0,72.6,0.0,10965.72,-10965.72,fmavct_kbfc,45000.0,-48150.0,0.0,93150.0,1,2,80
406GLO0090,CPE,80,2026,0.0,432.99,0.0,10974.77,-10974.77,fmavct_kbfc,11587.0,0.0,0.0,11587.0,1,2,80
406KEN0001,NAI,80,2026,0.0,392.13,0.0,25419.09,-25419.09,fmavct_kbfc,20000.0,-21400.0,0.0,41400.0,1,2,80
456GLO4043,ITR,80,2026,0.0,623.7,0.0,1096874.11,-1096874.11,fmavct_kbfc,213660.0,-167190.77,0.0,380850.77,6,2,80
473AFG0001,UNC,80,2026,0.0,82.2,0.0,2538.98,-2538.98,fmavct_kbfc,46728.97,-26902.62,0.0,73631.59,1,2,80
473LEB5000,BEI,80,2026,0.0,772.91,0.0,250.82,-250.82,fmavct_kbfc,322706.93,0.0,0.0,322706.93,3,2,80
501ZIM1000,HAR,80,2026,0.0,3986.97,0.0,0.0,-3986.97,fmifiit_fmioi,2710696.74,-1170000.0,0.0,3880696.74,9,2,80
534SYR4001,EPR,80,2026,0.0,1195.2,0.0,3763.55,-3763.55,fmavct_kbfc,637659.0,0.0,0.0,637659.0,9,2,80
537SOI4000,WHC,80,2026,0.0,661.51,0.0,560.61,-560.61,fmavct_kbfc,166777.24,36631.69,0.0,130145.55,1,2,80
549BIH4000,SAR,80,2026,0.0,1750.0,0.0,6785.2,-6785.2,fmavct_kbfc,23806249.52,-5359747.0,0.0,29165996.52,13,2,80
549RER2023,VNI,80,2026,0.0,493.44,0.0,368.0,-368.0,fmavct_kbfc,1051964.0,-341447.0,0.0,1393411.0,35,2,80
551GLO0031,BSP,80,2026,0.0,3995.87,0.0,693.2,-693.2,fmavct_kbfc,143720.0,-342246.0,0.0,485966.0,1,2,80
560LEB4000,BEI,80,2026,0.0,360.0,0.0,5969.32,-5969.32,fmavct_kbfc,2665043.38,0.0,0.0,2665043.38,13,2,80
567MOV5000,FMD,80,2026,0.0,1977.15,0.0,1625.99,-1625.99,fmavct_kbfc,480342.0,-240000.0,0.0,720342.0,10,2,80
567TUR2001,VNI,80,2026,0.0,805.0,0.0,350.0,-350.0,fmavct_kbfc,127858.0,-53333.0,0.0,181191.0,11,2,80
567VIE2000,HAN,80,2026,0.0,2214.94,0.0,999900.72,-999900.72,fmavct_kbfc,1122193.0,-533333.0,0.0,1655526.0,7,2,80
570AFG4000,KAB,80,2026,0.0,472.59,0.0,118.8,-118.8,fmavct_kbfc,1457249.49,26615.96,11500.0,1419133.53,27,2,80
570GLO2031,CPH,80,2026,0.0,1769.06,0.0,2796.9,-2796.9,fmavct_kbfc,1272634.84,15535.94,0.0,1257098.9,14,2,80
570MLI4003,BAM,80,2026,0.0,1749.79,0.0,15519.7,-15519.7,fmavct_kbfc,1343119.28,-366000.0,0.0,1709119.28,53,2,80
570RAS1006,BGK,80,2026,0.0,1075.32,0.0,216367.18,-216367.18,fmavct_kbfc,474286.36,1071550.0,0.0,-597263.64,5,1,80
700CPR4000,BEJ,80,2026,0.0,3337.25,0.0,191.4,-191.4,fmavct_kbfc,1018030.11,7897.43,0.0,1010132.68,20,2,80
808GLO1006,IPS,80,2026,0.0,3.75,0.0,14740.6,-14740.6,fmavct_kbfc,239193.09,-18196.47,0.0,257389.56,1,2,80
808GLO4004,WHC,80,2026,0.0,1829.21,0.0,3017.02,-3017.02,fmavct_kbfc,296029.16,-10409.19,0.0,306438.35,1,2,80
823GLO3000,YOU,80,2026,0.0,4821.58,0.0,431115.11,-431115.11,fmavct_kbfc,124622.0,0.0,0.0,124622.0,2,2,80
INT1004958,IES,80,2026,0.0,5119.22,0.0,7902.46,-7902.46,fmavct_kbfc,684480.0,0.0,0.0,684480.0,18,2,80
727MYA1007,BGK,80,2026,30.66,0.0,0.0,157.58,-126.92,fmavct_kbfc,0.0,0.0,0.0,0.0,1,2,80
727VIE1005,HAN,80,2026,886.11,0.0,0.0,63015.19,-62129.08,fmavct_kbfc,0.0,-73780.0,0.0,73780.0,1,2,80
727PRC1004,BRV,80,2026,216.39,0.0,0.0,106994.89,-106778.5,fmavct_kbfc,0.0,0.0,0.0,0.0,1,2,80
727HAI1001,POP,80,2026,35.0,0.0,0.0,71825.06,-71790.06,fmavct_kbfc,0.0,0.0,0.0,0.0,1,2,80
633TFC7323,HAR,30,2026,0.0,3930.68,0.0,0.0,-3930.68,fmifiit_fmioi,0.0,0.0,0.0,0.0,0,no_ps_link,30
A210524172,NDL,20,2026,0.0,4623.31,9244.38,0.0,-13867.69,fmifiit_fmioi,0.0,0.0,0.0,0.0,0,no_ps_link,20
A210524172,NDL,11,2026,0.0,1900.0,7800.0,0.0,-9700.0,fmifiit_fmioi,0.0,0.0,0.0,0.0,0,no_ps_link,11
2210531023,EPR,20,2026,0.0,377.43,113325.44,0.0,-113702.87,fmifiit_fmioi,0.0,0.0,0.0,0.0,0,no_ps_link,20
821GLO4005,DOH,10',2026,0.0,737.52,0.0,17500.0,-17500.0,fmavct_kbfc,153545.0,47349.81,0.0,106195.19,1,2,10'
3230835042,BGK,20,2026,0.0,1549.59,14575.12,0.0,-16124.71,fmifiit_fmioi,0.0,0.0,0.0,0.0,0,no_ps_link,20
570RAS4006,BGK,50,2026,0.0,749.41,5273.68,40744.23,-40744.23,fmavct_kbfc,899200.2,-45085.44,0.0,944285.64,7,2,50
633CRP2158,YAO,20,2026,0.0,364.95,271.24,0.0,-636.19,fmifiit_fmioi,0.0,0.0,0.0,0.0,0,no_ps_link,20
556GLO5002,DHE,11,2026,0.0,4120.28,217463.23,9000.0,-9000.0,fmavct_kbfc,1146977.8,59264.16,1421465.45,-333751.81,6,1,11
185GEF0006,MAP,50,2026,0.0,47.44,0.0,0.0,-47.44,fmifiit_fmioi,0.0,0.0,0.0,0.0,0,no_ps_link,50
633TFC7349,RAM,20,2026,0.0,3.03,0.0,0.0,-3.03,fmifiit_fmioi,0.0,0.0,0.0,0.0,0,no_ps_link,20
RAS0122395,ATA,30,2026,0.0,10156.32,0.0,833.33,-833.33,fmavct_kbfc,14462278.35,116058916.4,155317.0,-101751955.05,44,1,30
3210624141,KAB,40,2026,0.0,40.0,0.0,0.0,-40.0,fmifiit_fmioi,0.0,0.0,0.0,0.0,0,no_ps_link,40
406GLO0094,BSP,TC,2026,0.0,13000.0,0.0,23467.98,-23467.98,fmavct_kbfc,13000.0,-13910.0,0.0,26910.0,1,2,50
A130111051,ADM,50,2026,0.0,2995537.0,5991074.0,0.0,-8986611.0,fmifiit_fmioi,0.0,0.0,0.0,0.0,0,no_ps_link,50
A130111011,ADM,50,2026,0.0,1568102.0,3136204.0,0.0,-4704306.0,fmifiit_fmioi,0.0,0.0,0.0,0.0,0,no_ps_link,50
A130111041,ADM,50,2026,0.0,7009.0,14018.0,0.0,-21027.0,fmifiit_fmioi,0.0,0.0,0.0,0.0,0,no_ps_link,50
A130111021,ADM,50,2026,0.0,2162.91,4325.82,0.0,-6488.73,fmifiit_fmioi,0.0,0.0,0.0,0.0,0,no_ps_link,50
A130111061,ADM,50,2026,0.0,21953.24,43906.48,0.0,-65859.72,fmifiit_fmioi,0.0,0.0,0.0,0.0,0,no_ps_link,50
473SUD5000,KHA,TC,2026,0.0,6457.49,60960.3,2692.18,-2692.18,fmavct_kbfc,115239.93,-94405.0,0.0,209644.93,1,2,11|20
514UKR4000,CHP,40,2026,0.0,1995.74,1519758.04,178686.11,-178686.11,fmavct_kbfc,6770756.44,175150.82,1947.8,6593657.82,39,2,40
537UGA4000,NAI,REVENUE,2026,73354.0,0.0,0.0,0.0,73354.0,fmifiit_fmioi,67297.25,0.0,0.0,67297.25,1,4,REVENUE
537RAF5001,DHE,REVENUE,2026,201550.0,0.0,0.0,0.0,201550.0,fmifiit_fmioi,831598.0,301380.59,0.0,530217.41,4,4,REVENUE
3230833801,BRV,40,2026,0.0,627.7,63809.26,0.0,-64436.96,fmifiit_fmioi,0.0,0.0,0.0,0.0,0,no_ps_link,40
637FOR7339,MAP,20,2026,0.0,1185.77,12323.9,0.0,-13509.67,fmifiit_fmioi,0.0,0.0,0.0,0.0,0,no_ps_link,20
406QAT0001,DOH,TC,2026,0.0,9850.0,23940.0,39369.93,-39369.93,fmavct_kbfc,30000.0,0.0,0.0,30000.0,1,2,11
3210566022,STG,20,2026,0.0,2318.79,77108.92,0.0,-79427.71,fmifiit_fmioi,0.0,0.0,0.0,0.0,0,no_ps_link,20
A210551011,ITR,50,2026,2475.36,0.0,0.0,0.0,2475.36,fmifiit_fmioi,0.0,0.0,0.0,0.0,0,no_ps_link,50
2210144031,BGK,50,2026,0.0,149.59,178.5,0.0,-328.09,fmifiit_fmioi,0.0,0.0,0.0,0.0,0,no_ps_link,50
526RAS1036,BGK,50,2026,0.0,42.74,0.0,333.33,-333.33,fmavct_kbfc,1625915.0,1188970.74,0.0,436944.26,7,2,50
537RAS5001,BGK,50,2026,0.0,42.74,0.0,50.72,-50.72,fmavct_kbfc,551559.0,2323994.17,0.0,-1772435.17,1,1,50
633CRP6112,BGK,50,2026,0.0,106.85,0.0,0.0,-106.85,fmifiit_fmioi,0.0,0.0,0.0,0.0,0,no_ps_link,50
633CRP3112,BGK,50,2026,0.0,53.43,0.0,0.0,-53.43,fmifiit_fmioi,0.0,0.0,0.0,0.0,0,no_ps_link,50
A130111031,ADM,50,2026,0.0,6061.07,12122.14,0.0,-18183.21,fmifiit_fmioi,0.0,0.0,0.0,0.0,0,no_ps_link,50
680DIG4002,HEQ,13,2026,46359.85,14732.22,0.0,0.0,31627.63,fmifiit_fmioi,0.0,0.0,0.0,0.0,0,no_ps_link,13
3210443041,DOH,10',2026,0.0,1358.85,0.0,0.0,-1358.85,fmifiit_fmioi,0.0,0.0,0.0,0.0,0,no_ps_link,10'
633CRP1691,EDP,20,2026,0.0,5000.0,109118.0,0.0,-114118.0,fmifiit_fmioi,0.0,0.0,0.0,0.0,0,no_ps_link,20
A210231031,HYD,11,2026,0.0,5339.54,11569.56,0.0,-16909.1,fmifiit_fmioi,0.0,0.0,0.0,0.0,0,no_ps_link,11
526INT4005,DCE,TC,2026,0.0,891.22,18369.84,1018.5,-1018.5,fmavct_kbfc,392604.14,0.0,0.0,392604.14,5,2,11
3210441091,SHS,11,2026,0.0,25500.0,59500.0,0.0,-85000.0,fmifiit_fmioi,0.0,0.0,0.0,0.0,0,no_ps_link,11
810RAF4000,NAI,10',2026,77.49,1154.0,0.0,76.89,0.6,fmavct_kbfc,326354.0,49177.36,21000.0,256176.64,1,4,10'
A2102A2021,WIN,30,2026,0.0,7992.15,0.0,0.0,-7992.15,fmifiit_fmioi,0.0,0.0,0.0,0.0,0,no_ps_link,30
637FOR7305,AMN,40,2026,0.0,7672.88,146149.12,0.0,-153822.0,fmifiit_fmioi,0.0,0.0,0.0,0.0,0,no_ps_link,40
A230543012,AMN,40,2026,0.0,88372.32,176744.64,0.0,-265116.96,fmifiit_fmioi,0.0,0.0,0.0,0.0,0,no_ps_link,40
3210551031,DCE,40,2026,0.0,519.61,2078.44,0.0,-2598.05,fmifiit_fmioi,0.0,0.0,0.0,0.0,0,no_ps_link,40
A210152011,HAR,10',2026,26.85,2991.96,0.0,0.0,-2965.11,fmifiit_fmioi,0.0,0.0,0.0,0.0,0,no_ps_link,10'
A230573051,BEI,50,2026,0.0,14843.82,29519.64,0.0,-44363.46,fmifiit_fmioi,0.0,0.0,0.0,0.0,0,no_ps_link,50
3320121011,DBS,20,2026,0.0,1314.35,1391705.34,0.0,-1393019.69,fmifiit_fmioi,0.0,0.0,0.0,0.0,0,no_ps_link,20
GEF,WIN,11,2026,0.0,4687.64,9375.28,0.0,-14062.92,fmifiit_fmioi,0.0,0.0,0.0,0.0,0,no_ps_link,11
A310611051,OPS,50,2026,0.0,4.05,11.86,0.0,-15.91,fmifiit_fmioi,0.0,0.0,0.0,0.0,0,no_ps_link,50
3230836031,NYO,10',2026,53.48,3465.53,0.0,0.0,-3412.05,fmifiit_fmioi,0.0,0.0,0.0,0.0,0,no_ps_link,10'
2210155041,STG,11,2026,0.0,4012.92,33353.59,0.0,-37366.51,fmifiit_fmioi,0.0,0.0,0.0,0.0,0,no_ps_link,11
32101B5031,KNG,10',2026,0.0,1220.0,0.0,0.0,-1220.0,fmifiit_fmioi,0.0,0.0,0.0,0.0,0,no_ps_link,10'
637FOR7304,ADI,40,2026,0.0,585.7,31376.01,0.0,-31961.71,fmifiit_fmioi,0.0,0.0,0.0,0.0,0,no_ps_link,40
570PRC1000,BRV,REVENUE,2026,1055950.0,0.0,0.0,0.0,1055950.0,fmifiit_fmioi,0.0,0.0,0.0,0.0,43,4,REVENUE
650RER2001,VNI,11,2026,0.0,1403.52,52409.5,4822.29,-4822.29,fmavct_kbfc,240418.46,37596.94,9.1,202812.42,48,2,11
2210155043,STG,20,2026,0.0,23268.86,173422.0,0.0,-196690.86,fmifiit_fmioi,0.0,0.0,0.0,0.0,0,no_ps_link,20
504MOR5000,RAB,REVENUE,2026,374489.3,0.0,0.0,0.0,374489.3,fmifiit_fmioi,555137.06,106524.32,0.0,448612.74,15,4,REVENUE
235SOM1000,NAI,REVENUE,2026,281173.0,0.0,0.0,0.0,281173.0,fmifiit_fmioi,1000451.5,0.0,0.0,1000451.5,35,4,REVENUE
570GLO2041,IOC,REVENUE,2026,566207.33,0.0,0.0,0.0,566207.33,fmifiit_fmioi,2031998.72,74663.44,0.0,1957335.28,18,4,REVENUE
570NEP2000,KAT,REVENUE,2026,252399.0,0.0,0.0,0.0,252399.0,fmifiit_fmioi,380130.0,0.0,0.0,380130.0,8,4,REVENUE
650RER2004,VNI,REVENUE,2026,26125.0,0.0,0.0,0.0,26125.0,fmifiit_fmioi,73248.0,0.0,0.0,73248.0,12,4,REVENUE
650RER6002,VNI,REVENUE,2026,22393.0,0.0,0.0,0.0,22393.0,fmifiit_fmioi,62784.12,0.0,0.0,62784.12,6,4,REVENUE
650RER0005,VNI,REVENUE,2026,5000.0,0.0,0.0,0.0,5000.0,fmifiit_fmioi,92842.74,3813.3,0.0,89029.44,5,4,REVENUE
633CRP7302,ABU,30,2026,0.0,152.0,0.0,0.0,-152.0,fmifiit_fmioi,0.0,0.0,0.0,0.0,0,no_ps_link,30
3210284101,API,10',2026,0.0,309.24,0.0,0.0,-309.24,fmifiit_fmioi,0.0,0.0,0.0,0.0,0,no_ps_link,10'
532TUK9000,BFM,REVENUE,2026,0.0,50000.0,0.0,0.0,-50000.0,fmifiit_fmioi,0.0,0.0,0.0,0.0,1,2,REVENUE
406IVC4000,ABJ,TC,2026,0.0,11454.26,41721.36,4537.97,-4537.97,fmavct_kbfc,100000.0,0.0,582.75,99417.25,1,2,11|20|50
3210185032,MTD,50,2026,0.0,1282.17,0.0,0.0,-1282.17,fmifiit_fmioi,0.0,0.0,0.0,0.0,0,no_ps_link,50
570RAS1006,BGK,20,2026,0.0,12082.0,397942.94,6655.9,-6655.9,fmavct_kbfc,474286.36,1071550.0,0.0,-597263.64,5,1,20
A210464031,NDL,20,2026,0.0,861.79,7309.7,0.0,-8171.49,fmifiit_fmioi,0.0,0.0,0.0,0.0,0,no_ps_link,20
637FOR7318,DAR,20,2026,0.0,1369.26,1133.9,0.0,-2503.16,fmifiit_fmioi,0.0,0.0,0.0,0.0,0,no_ps_link,20
633CRP2202,ABU,30,2026,0.0,2349.0,0.0,0.0,-2349.0,fmifiit_fmioi,0.0,0.0,0.0,0.0,0,no_ps_link,30
650RER6000,VNI,40,2026,0.0,1068.0,0.0,1451.17,-1451.17,fmavct_kbfc,1188110.15,-372779.26,33.87,1560855.54,37,2,40
235BDI4000,YAO,TC,2026,163.93,6233.86,104379.49,0.0,-110449.42,fmifiit_fmioi,1542836.0,-412708.63,0.0,1955544.63,93,2,10'|13|20|40
A210524332,DHA,20,2026,0.0,4552.63,13142.5,0.0,-17695.13,fmifiit_fmioi,0.0,0.0,0.0,0.0,0,no_ps_link,20
633CRP3110,BEI,13,2026,0.0,7.94,0.0,0.0,-7.94,fmifiit_fmioi,0.0,0.0,0.0,0.0,0,no_ps_link,13
3210211052,EES,10',2026,163.64,4810.84,0.0,0.0,-4647.2,fmifiit_fmioi,0.0,0.0,0.0,0.0,0,no_ps_link,10'
507ZAM1000,HAR,40,2026,0.0,5447.71,41174.75,0.0,-46622.46,fmifiit_fmioi,110277.57,173623.79,0.0,-63346.22,1,1,40
A230576011,BRU,20,2026,0.0,79.52,0.0,0.0,-79.52,fmifiit_fmioi,0.0,0.0,0.0,0.0,0,no_ps_link,20
680IOS4103,INV,10',2026,48.44,4811.01,0.0,0.0,-4762.57,fmifiit_fmioi,0.0,0.0,0.0,0.0,0,no_ps_link,10'
199GLO4042,LHE,REVENUE,2026,33476.04,0.0,0.0,0.0,33476.04,fmifiit_fmioi,11567.85,8422.0,25266.0,-22120.15,1,3,REVENUE
199GLO4043,LHE,REVENUE,2026,33476.04,0.0,0.0,0.0,33476.04,fmifiit_fmioi,31286.0,0.0,0.0,31286.0,1,4,REVENUE
199GLO4341,LHE,REVENUE,2026,28335.6,0.0,0.0,0.0,28335.6,fmifiit_fmioi,0.0,0.0,0.0,0.0,1,4,REVENUE
199GLO4743,LHE,REVENUE,2026,28335.6,0.0,0.0,0.0,28335.6,fmifiit_fmioi,26481.0,0.0,0.0,26481.0,1,4,REVENUE
549GLO1003,GEM,REVENUE,2026,1058272.83,0.0,0.0,0.0,1058272.83,fmifiit_fmioi,6937525.68,460012.45,2000.0,6475513.23,11,4,REVENUE
235GUA1002,GUC,REVENUE,2026,150870.0,0.0,0.0,0.0,150870.0,fmifiit_fmioi,1410000.0,142578.78,12000.0,1255421.22,57,4,REVENUE
310REM4070,CCH,50,2026,0.0,588.35,0.0,0.0,-588.35,fmifiit_fmioi,118843.93,-136802.0,0.0,255645.93,2,2,50
3210551022,DCE,30,2026,0.0,39781.87,0.0,0.0,-39781.87,fmifiit_fmioi,0.0,0.0,0.0,0.0,0,no_ps_link,30
551GLO0031,BSP,10',2026,0.0,1704.8,0.0,11000.47,-11000.47,fmavct_kbfc,143720.0,-342246.0,0.0,485966.0,1,2,10'
A210551011,ITR,30,2026,0.0,9581.99,0.0,0.0,-9581.99,fmifiit_fmioi,0.0,0.0,0.0,0.0,0,no_ps_link,30
549RER2018,BRU,50,2026,0.0,304.55,608.9,2898.17,-2898.17,fmavct_kbfc,1565177.68,98864.74,12.0,1466300.94,35,2,50
680ADM4101,ADM,20,2026,0.0,15833.33,0.0,0.0,-15833.33,fmifiit_fmioi,0.0,0.0,0.0,0.0,0,no_ps_link,20
2210424021,BEJ,20,2026,0.0,56.61,1419.32,0.0,-1475.93,fmifiit_fmioi,0.0,0.0,0.0,0.0,0,no_ps_link,20
2210424023,BEJ,20,2026,0.0,83.9,167.8,0.0,-251.7,fmifiit_fmioi,0.0,0.0,0.0,0.0,0,no_ps_link,20
3210444052,BEJ,20,2026,0.0,187.4,374.8,0.0,-562.2,fmifiit_fmioi,0.0,0.0,0.0,0.0,0,no_ps_link,20
555RAS2025,JAK,40,2026,0.0,5550.0,11600.14,2116.63,-2116.63,fmavct_kbfc,364306.43,2538858.79,1745844.0,-3920396.36,1,1,40
633CRP1110,BEI,50,2026,89.23,60.2,0.0,0.0,29.03,fmifiit_fmioi,0.0,0.0,0.0,0.0,0,no_ps_link,50
633CRP2130,JAK,11,2026,0.0,2000.0,9000.0,0.0,-11000.0,fmifiit_fmioi,0.0,0.0,0.0,0.0,0,no_ps_link,11
271AFG1002,KAB,20,2026,0.0,14000.0,556135.26,2740.0,-2740.0,fmavct_kbfc,830669.32,70412.07,14000.0,746257.25,15,2,20
680HRM3001,HRM,20,2026,0.0,18802.34,193762.06,0.0,-212564.4,fmifiit_fmioi,0.0,0.0,0.0,0.0,0,no_ps_link,20
823GLO0005,HRM,20,2026,0.0,15839.08,43658.72,59226.16,-59226.16,fmavct_kbfc,211740.0,24806.99,9929.72,177003.29,2,2,20
A210524052,BEJ,20,2026,0.0,1800.0,3600.0,0.0,-5400.0,fmifiit_fmioi,0.0,0.0,0.0,0.0,0,no_ps_link,20
704RLA1001,STG,REVENUE,2026,10000.0,0.0,0.0,0.0,10000.0,fmifiit_fmioi,183486.24,6725.0,0.0,176761.24,5,4,REVENUE
469GLO1006,TLC,50,2026,0.0,388.07,0.0,94298.54,-94298.54,fmavct_kbfc,362628.74,23274.78,0.0,339353.96,1,2,50
3210231041,SDS,10',2026,38.88,0.0,0.0,0.0,38.88,fmifiit_fmioi,0.0,0.0,0.0,0.0,0,no_ps_link,10'
633CRP4120,DOH,11,2026,218.26,0.0,0.0,0.0,218.26,fmifiit_fmioi,0.0,0.0,0.0,0.0,0,no_ps_link,11
633CRP4120,DOH,30,2026,48.5,0.0,0.0,0.0,48.5,fmifiit_fmioi,0.0,0.0,0.0,0.0,0,no_ps_link,30
A210534052,BEJ,30,2026,21.49,0.0,0.0,0.0,21.49,fmifiit_fmioi,0.0,0.0,0.0,0.0,0,no_ps_link,30
3210254032,BEJ,30,2026,147.37,0.0,0.0,0.0,147.37,fmifiit_fmioi,0.0,0.0,0.0,0.0,0,no_ps_link,30
549RER2019,BRU,20,2026,0.0,3576.15,10839.3,1030.13,-1030.13,fmavct_kbfc,928577.24,40180.69,1269.56,887126.99,22,2,20
216ZIM4000,HAR,REVENUE,2026,0.0,11581.57,0.0,0.0,-11581.57,fmifiit_fmioi,2065765.08,225224.94,0.0,1840540.14,11,2,REVENUE
519IRQ5001,BAG,PC,2026,0.0,8526.0,39662.48,1405.88,-1405.88,fmavct_kbfc,1522003.0,6872573.15,0.0,-5350570.15,56,1,11
A230573011,BAG,20,2026,0.0,4294.02,8588.04,0.0,-12882.06,fmifiit_fmioi,0.0,0.0,0.0,0.0,0,no_ps_link,20
633CRP1608,BAG,20,2026,0.0,985.94,7602.9,0.0,-8588.84,fmifiit_fmioi,0.0,0.0,0.0,0.0,0,no_ps_link,20
3210254032,BEJ,50,2026,674.74,0.0,0.0,0.0,674.74,fmifiit_fmioi,0.0,0.0,0.0,0.0,0,no_ps_link,50
2210611011,UAI,50,2026,927.35,0.0,0.0,0.0,927.35,fmifiit_fmioi,0.0,0.0,0.0,0.0,0,no_ps_link,50
2210531023,EPR,50,2026,0.0,44.74,0.0,0.0,-44.74,fmifiit_fmioi,0.0,0.0,0.0,0.0,0,no_ps_link,50
A2106B1072,IDT,30,2026,0.0,2351.48,0.0,0.0,-2351.48,fmifiit_fmioi,0.0,0.0,0.0,0.0,0,no_ps_link,30
A310721021,HEQ,50,2026,0.0,9367.68,0.0,0.0,-9367.68,fmifiit_fmioi,0.0,0.0,0.0,0.0,0,no_ps_link,50
633CRP2202,ABU,10',2026,0.0,9246.96,0.0,0.0,-9246.96,fmifiit_fmioi,0.0,0.0,0.0,0.0,0,no_ps_link,10'
A110112031,SCX,50,2026,0.0,8711.56,17423.12,0.0,-26134.68,fmifiit_fmioi,0.0,0.0,0.0,0.0,0,no_ps_link,50
201CMR1004,YAO,50,2026,0.0,2065.84,142657.33,316837.27,-316837.27,fmavct_kbfc,7262552.39,-304261.9,0.0,7566814.29,23,2,50
201CMR1004,YAO,40,2026,0.0,125254.34,483515.74,119060.75,-119060.75,fmavct_kbfc,7262552.39,-304261.9,0.0,7566814.29,23,2,40
A2106B1072,IDT,10',2026,0.0,2128.0,0.0,0.0,-2128.0,fmifiit_fmioi,0.0,0.0,0.0,0.0,0,no_ps_link,10'
3210634091,HAV,11,2026,0.0,1000.0,2000.0,0.0,-3000.0,fmifiit_fmioi,0.0,0.0,0.0,0.0,0,no_ps_link,11
235MNE4001,SAR,40,2026,0.0,4376.46,15161.26,1573.73,-1573.73,fmavct_kbfc,1061100.0,-182319.1,29400.0,1214019.1,33,2,40
570NIR1003,ABU,REVENUE,2026,82602.0,0.0,0.0,0.0,82602.0,fmifiit_fmioi,279403.3,0.0,0.0,279403.3,26,4,REVENUE
A230576021,GLO,20,2026,0.0,618.32,0.0,0.0,-618.32,fmifiit_fmioi,0.0,0.0,0.0,0.0,0,no_ps_link,20
199GLO4341,LHE,TC,2026,0.0,6207.17,52000.0,14492.48,-14492.48,fmavct_kbfc,0.0,0.0,0.0,0.0,1,2,20
3210143011,BEI,11,2026,0.0,3063.0,19252.0,0.0,-22315.0,fmifiit_fmioi,0.0,0.0,0.0,0.0,0,no_ps_link,11
534PAL4001,RAM,PC,2026,0.0,26000.0,71000.0,153516.86,-153516.86,fmavct_kbfc,384249.48,12250.0,15500.0,356499.48,15,2,11
A240119011,FEL,10',2026,0.0,131.13,0.0,0.0,-131.13,fmifiit_fmioi,0.0,0.0,0.0,0.0,0,no_ps_link,10'
3210546072,BRZ,10',2026,17.36,1213.24,0.0,0.0,-1195.88,fmifiit_fmioi,0.0,0.0,0.0,0.0,0,no_ps_link,10'
680HRM4107,HRM,20,2026,0.0,5000.0,10000.0,0.0,-15000.0,fmifiit_fmioi,0.0,0.0,0.0,0.0,0,no_ps_link,20
633TFC7339,MAP,20,2026,0.0,268.89,537.54,0.0,-806.43,fmifiit_fmioi,0.0,0.0,0.0,0.0,0,no_ps_link,20
809RAF5000,HAR,10',2026,41.7,1922.0,0.0,1495.34,-1453.64,fmavct_kbfc,307491.0,-97191.06,0.0,404682.06,1,2,10'
637FOR7347,QUI,20,2026,0.0,49.58,187.16,0.0,-236.74,fmifiit_fmioi,0.0,0.0,0.0,0.0,0,no_ps_link,20
A230545172,SJO,40,2026,0.0,22912.22,91952.46,0.0,-114864.68,fmifiit_fmioi,0.0,0.0,0.0,0.0,0,no_ps_link,40
633CRP7350,SJO,50,2026,0.0,366.98,1467.92,0.0,-1834.9,fmifiit_fmioi,0.0,0.0,0.0,0.0,0,no_ps_link,50
A210462011,NAI,20,2026,0.0,1666.67,7201.82,0.0,-8868.49,fmifiit_fmioi,0.0,0.0,0.0,0.0,0,no_ps_link,20
251GLO2000,HYD,13,2026,0.0,475.27,0.0,1075.63,-1075.63,fmavct_kbfc,1102294.14,69426.3,0.0,1032867.84,32,2,13
A210455011,KNG,10',2026,59.23,6880.8,0.0,0.0,-6821.57,fmifiit_fmioi,0.0,0.0,0.0,0.0,0,no_ps_link,10'
567SOM4000,NAI,TC,2026,0.0,9915.77,53105.81,932.64,-932.64,fmavct_kbfc,355772.36,-100000.0,0.0,455772.36,14,2,10'|11|20
700CPR4000,BEJ,20,2026,0.0,20639.85,217263.19,8069.2,-8069.2,fmavct_kbfc,1018030.11,7897.43,0.0,1010132.68,20,2,20
A230582021,ABU,50,2026,0.0,363.86,0.0,0.0,-363.86,fmifiit_fmioi,0.0,0.0,0.0,0.0,0,no_ps_link,50
3210633091,PNP,20,2026,0.0,1988.0,149663.06,0.0,-151651.06,fmifiit_fmioi,0.0,0.0,0.0,0.0,0,no_ps_link,20
680HRM4106,HRM,10',2026,0.0,1292.63,0.0,0.0,-1292.63,fmifiit_fmioi,0.0,0.0,0.0,0.0,0,no_ps_link,10'
680HRM4001,HRM,20,2026,0.0,1766.0,0.0,0.0,-1766.0,fmifiit_fmioi,0.0,0.0,0.0,0.0,0,no_ps_link,20
469GLO1004,HED,40,2026,0.0,234.19,0.0,20756.26,-20756.26,fmavct_kbfc,1116583.0,-325864.8,0.0,1442447.8,2,2,40
263ZIM2000,HAR,20,2026,0.0,10140.24,49943.68,13864.4,-13864.4,fmavct_kbfc,1073248.62,147444.38,10000.0,915804.24,6,2,20
633CRP4123,HAR,20,2026,0.0,6.7,0.0,0.0,-6.7,fmifiit_fmioi,0.0,0.0,0.0,0.0,0,no_ps_link,20
570RAF2002,NAI,REVENUE,2026,114000.0,0.0,0.0,0.0,114000.0,fmifiit_fmioi,392697.24,1953286.34,500354.0,-2060943.1,11,3,REVENUE
570GHA1000,ACR,REVENUE,2026,385453.69,0.0,0.0,0.0,385453.69,fmifiit_fmioi,2992730.34,523707.18,103453.41,2365569.75,46,4,REVENUE
549UGA4000,NAI,REVENUE,2026,235397.57,0.0,0.0,0.0,235397.57,fmifiit_fmioi,765256.35,0.0,0.0,765256.35,12,4,REVENUE
A230111021,COR,BRSTAT,2026,0.0,39.88,0.0,0.0,-39.88,fmifiit_fmioi,0.0,0.0,0.0,0.0,0,no_ps_link,BRSTAT
A230111021,COR,CDSP,2026,0.0,79.76,0.0,0.0,-79.76,fmifiit_fmioi,0.0,0.0,0.0,0.0,0,no_ps_link,CDSP
2210513032,RAM,13,2026,0.0,148.01,0.0,0.0,-148.01,fmifiit_fmioi,0.0,0.0,0.0,0.0,0,no_ps_link,13
475RLA1000,STG,50,2026,0.0,51.4,1180.82,13.03,-13.03,fmavct_kbfc,177232.9,28742291.47,0.0,-28565058.57,2,1,50
3210546022,STG,50,2026,0.0,51.4,102.8,0.0,-154.2,fmifiit_fmioi,0.0,0.0,0.0,0.0,0,no_ps_link,50
633CRP2207,ATA,50,2026,0.0,3.72,0.0,0.0,-3.72,fmifiit_fmioi,0.0,0.0,0.0,0.0,0,no_ps_link,50
633CRP3290,MTF,40,2026,0.0,2152.0,4304.0,0.0,-6456.0,fmifiit_fmioi,0.0,0.0,0.0,0.0,0,no_ps_link,40
633CRP3290,MTF,20,2026,0.0,18.15,36.3,0.0,-54.45,fmifiit_fmioi,0.0,0.0,0.0,0.0,0,no_ps_link,20
A210233081,DOH,11,2026,0.0,4000.0,12000.0,0.0,-16000.0,fmifiit_fmioi,0.0,0.0,0.0,0.0,0,no_ps_link,11
507GLO1039,UNE,11,2026,0.0,4683.84,23331.48,0.0,-28015.32,fmifiit_fmioi,409358.09,-465420.41,0.0,874778.5,1,2,11
633CRP7318,DAR,20,2026,0.0,5848.76,17550.7,0.0,-23399.46,fmifiit_fmioi,0.0,0.0,0.0,0.0,0,no_ps_link,20
3210451051,SHS,50,2026,0.0,790.12,0.0,0.0,-790.12,fmifiit_fmioi,0.0,0.0,0.0,0.0,0,no_ps_link,50
526IVC5000,DHE,PC,2026,47.68,3424.52,0.0,14066.35,-14018.67,fmavct_kbfc,1117268.46,299704.58,29141.8,788422.08,14,2,10'
808GLO2003,IOC,PC,2026,0.0,29265.84,0.0,841.29,-841.29,fmavct_kbfc,128652.0,-172328.0,0.0,300980.0,1,2,10'|11
521STM0001,STM,30,2026,0.0,25183.57,0.0,0.0,-25183.57,fmifiit_fmioi,0.0,0.0,0.0,0.0,0,no_ps_link,30
537RAF2000,HAR,REVENUE,2026,212352.0,0.0,0.0,0.0,212352.0,fmifiit_fmioi,194818.0,0.0,0.0,194818.0,1,4,REVENUE
633CRP1135,KNG,40,2026,0.0,1216.66,0.0,0.0,-1216.66,fmifiit_fmioi,0.0,0.0,0.0,0.0,0,no_ps_link,40
3210115052,MXC,20,2026,0.0,897.77,191355.48,0.0,-192253.25,fmifiit_fmioi,0.0,0.0,0.0,0.0,0,no_ps_link,20
2210425023,MXC,20,2026,0.0,3499.51,32225.34,0.0,-35724.85,fmifiit_fmioi,0.0,0.0,0.0,0.0,0,no_ps_link,20
633CRP1112,BGK,20,2026,0.0,32.38,159680.88,0.0,-159713.26,fmifiit_fmioi,0.0,0.0,0.0,0.0,0,no_ps_link,20
3210154012,BGK,40,2026,0.0,276.98,2411.1,0.0,-2688.08,fmifiit_fmioi,0.0,0.0,0.0,0.0,0,no_ps_link,40
441GLO0056,CRP,50,2026,0.0,150000.0,0.0,11496.94,-11496.94,fmavct_kbfc,1001467.8,296182.28,0.0,705285.52,2,2,50
A210482021,NAI,11,2026,0.0,115.0,230.0,0.0,-345.0,fmifiit_fmioi,0.0,0.0,0.0,0.0,0,no_ps_link,11
A210222171,DAR,20,2026,0.0,9776.11,19579.04,0.0,-29355.15,fmifiit_fmioi,0.0,0.0,0.0,0.0,0,no_ps_link,20
633CRP1148,RAB,11,2026,0.0,6000.0,29400.0,0.0,-35400.0,fmifiit_fmioi,0.0,0.0,0.0,0.0,0,no_ps_link,11
A110111031,SCX,50,2026,0.0,20171.3,0.0,0.0,-20171.3,fmifiit_fmioi,0.0,0.0,0.0,0.0,0,no_ps_link,50
A230411101,CPE,20,2026,0.0,1314.35,0.0,0.0,-1314.35,fmifiit_fmioi,0.0,0.0,0.0,0.0,0,no_ps_link,20
A230141051,AFR,11,2026,0.0,28337.24,149864.13,0.0,-178201.37,fmifiit_fmioi,0.0,0.0,0.0,0.0,0,no_ps_link,11
633CRP1651,STG,20,2026,740.7,1104.33,5538.51,0.0,-5902.14,fmifiit_fmioi,0.0,0.0,0.0,0.0,0,no_ps_link,20
549ALG1000,RAB,REVENUE,2026,0.0,77653.72,0.0,0.0,-77653.72,fmifiit_fmioi,1225047.18,17167385.98,0.0,-15942338.8,7,1,REVENUE
567MOR2000,RAB,REVENUE,2026,0.0,3975.04,0.0,0.0,-3975.04,fmifiit_fmioi,2329906.75,-274876.39,0.0,2604783.14,15,2,REVENUE
520COI1000,NAI,REVENUE,2026,0.0,7243.45,0.0,0.0,-7243.45,fmifiit_fmioi,46663.0,8017.0,0.0,38646.0,1,2,REVENUE
216CHI1000,STG,REVENUE,2026,0.0,159.24,0.0,0.0,-159.24,fmifiit_fmioi,57263.1,8595726.0,0.0,-8538462.9,5,1,REVENUE
680HRM4002,HEQ,10',2026,53.48,4992.72,0.0,0.0,-4939.24,fmifiit_fmioi,0.0,0.0,0.0,0.0,0,no_ps_link,10'
514UKR4000,CHP,30,2026,0.0,1046.84,0.0,38788.13,-38788.13,fmavct_kbfc,6770756.44,175150.82,1947.8,6593657.82,39,2,30
664LIB0001,BFC,11,2026,0.0,154.0,0.0,88016.36,-88016.36,fmavct_kbfc,497752.71,4409.79,0.0,493342.92,1,2,11
680FIN4101,FIN,20,2026,0.0,24782.12,67046.77,0.0,-91828.89,fmifiit_fmioi,0.0,0.0,0.0,0.0,0,no_ps_link,20
2230835022,API,50,2026,0.0,6759.32,45927.16,0.0,-52686.48,fmifiit_fmioi,0.0,0.0,0.0,0.0,0,no_ps_link,50
633CRP1612,BGK,20,2026,0.0,4009.06,72733.98,0.0,-76743.04,fmifiit_fmioi,0.0,0.0,0.0,0.0,0,no_ps_link,20
3210514012,BEJ,11,2026,0.0,5500.0,11000.0,0.0,-16500.0,fmifiit_fmioi,0.0,0.0,0.0,0.0,0,no_ps_link,11
3210544012,BEJ,11,2026,0.0,9000.0,39800.0,0.0,-48800.0,fmifiit_fmioi,0.0,0.0,0.0,0.0,0,no_ps_link,11
A230574061,KAT,50,2026,0.0,723.0,0.0,0.0,-723.0,fmifiit_fmioi,0.0,0.0,0.0,0.0,0,no_ps_link,50
633CRP7322,HAN,20,2026,0.0,60.92,10691.7,0.0,-10752.62,fmifiit_fmioi,0.0,0.0,0.0,0.0,0,no_ps_link,20
A110111121,GBS,11,2026,0.0,2814.6,10162.9,0.0,-12977.5,fmifiit_fmioi,0.0,0.0,0.0,0.0,0,no_ps_link,11
633CRP1106,API,10',2026,0.0,2068.91,0.0,0.0,-2068.91,fmifiit_fmioi,0.0,0.0,0.0,0.0,0,no_ps_link,10'
A210482021,NAI,10',2026,19.22,938.77,0.0,0.0,-919.55,fmifiit_fmioi,0.0,0.0,0.0,0.0,0,no_ps_link,10'
3210514122,KAT,20,2026,0.0,500.56,7143.06,0.0,-7643.62,fmifiit_fmioi,0.0,0.0,0.0,0.0,0,no_ps_link,20
633CRP2148,RAB,50,2026,0.0,1155.96,1323.88,0.0,-2479.84,fmifiit_fmioi,0.0,0.0,0.0,0.0,0,no_ps_link,50
537SYR4000,BEI,REVENUE,2026,124018.0,0.0,0.0,0.0,124018.0,fmifiit_fmioi,113777.98,0.0,0.0,113777.98,1,4,REVENUE
570MOR1001,RAB,40,2026,0.0,340.46,15005.36,246573.76,-246573.76,fmavct_kbfc,4581252.86,2042209.4,280534.5,2258508.96,13,2,40
A210472011,HAR,50,2026,0.0,210.4,0.0,0.0,-210.4,fmifiit_fmioi,0.0,0.0,0.0,0.0,0,no_ps_link,50
633CRP7303,ACR,30,2026,0.0,600.7,0.0,0.0,-600.7,fmifiit_fmioi,0.0,0.0,0.0,0.0,0,no_ps_link,30
3210531141,CEO,13,2026,0.0,20789.46,0.0,0.0,-20789.46,fmifiit_fmioi,0.0,0.0,0.0,0.0,0,no_ps_link,13
A210591012,HEQ,BRSTAT,2026,0.0,117.74,0.0,0.0,-117.74,fmifiit_fmioi,0.0,0.0,0.0,0.0,0,no_ps_link,BRSTAT
A210591012,HEQ,10',2026,0.0,17.75,0.0,0.0,-17.75,fmifiit_fmioi,0.0,0.0,0.0,0.0,0,no_ps_link,10'
526GLO4012,WHC,TC,2026,925.21,20419.74,47160.01,47.28,877.93,fmavct_kbfc,493295.42,-265150.64,0.0,758446.06,5,4,10'|11|20
570GLO2044,IOC,TC,2026,104.05,28758.08,1800.0,66277.75,-66173.7,fmavct_kbfc,722138.2,0.0,0.0,722138.2,14,2,10'|11
526GLO1008,BGK,11,2026,0.0,34004.87,0.0,2586.24,-2586.24,fmavct_kbfc,173380.0,-225582.0,0.0,398962.0,1,2,11
A230582122,HAR,11,2026,0.0,2494.44,0.0,0.0,-2494.44,fmifiit_fmioi,0.0,0.0,0.0,0.0,0,no_ps_link,11
A230582122,HAR,10',2026,0.0,24.95,0.0,0.0,-24.95,fmifiit_fmioi,0.0,0.0,0.0,0.0,0,no_ps_link,10'
A2305E3011,BAG,BRSTAT,2026,0.0,1726.44,0.0,0.0,-1726.44,fmifiit_fmioi,0.0,0.0,0.0,0.0,0,no_ps_link,BRSTAT
A2305E3011,BAG,CDCE,2026,0.0,1726.44,0.0,0.0,-1726.44,fmifiit_fmioi,0.0,0.0,0.0,0.0,0,no_ps_link,CDCE
A210261041,SDS,BRSTAT,2026,0.0,501.37,0.0,0.0,-501.37,fmifiit_fmioi,0.0,0.0,0.0,0.0,0,no_ps_link,BRSTAT
A210261041,SDS,CDCE,2026,0.0,501.37,0.0,0.0,-501.37,fmifiit_fmioi,0.0,0.0,0.0,0.0,0,no_ps_link,CDCE
2210411043,IRD,11,2026,0.0,6550.55,43069.04,0.0,-49619.59,fmifiit_fmioi,0.0,0.0,0.0,0.0,0,no_ps_link,11
3210511032,WHC,11,2026,0.0,12065.23,0.0,0.0,-12065.23,fmifiit_fmioi,0.0,0.0,0.0,0.0,0,no_ps_link,11
3210511032,WHC,10',2026,0.0,127.09,0.0,0.0,-127.09,fmifiit_fmioi,0.0,0.0,0.0,0.0,0,no_ps_link,10'
680TEC0000,CAB,11,2026,0.0,20608.32,0.0,0.0,-20608.32,fmifiit_fmioi,0.0,0.0,0.0,0.0,1,2,11
680TEC0000,CAB,10',2026,0.0,359.13,0.0,0.0,-359.13,fmifiit_fmioi,0.0,0.0,0.0,0.0,1,2,10'
680BSP4003,HEQ,10',2026,0.0,492.2,0.0,0.0,-492.2,fmifiit_fmioi,0.0,0.0,0.0,0.0,0,no_ps_link,10'
680BSP4003,HEQ,11,2026,0.0,27641.36,0.0,0.0,-27641.36,fmifiit_fmioi,0.0,0.0,0.0,0.0,0,no_ps_link,11
633CRP5442,NAI,11,2026,0.0,9979.06,0.0,0.0,-9979.06,fmifiit_fmioi,0.0,0.0,0.0,0.0,0,no_ps_link,11
680TEC0000,HRM,13,2026,0.0,1633.85,0.0,0.0,-1633.85,fmifiit_fmioi,0.0,0.0,0.0,0.0,1,2,13
A210224131,DHA,20,2026,0.0,3000.0,7253.4,0.0,-10253.4,fmifiit_fmioi,0.0,0.0,0.0,0.0,0,no_ps_link,20
A320111031,ADM,20,2026,0.0,20176.33,240216.94,0.0,-260393.27,fmifiit_fmioi,0.0,0.0,0.0,0.0,0,no_ps_link,20
526INT2008,BEJ,TC,2026,254.27,3210.14,0.0,45418.14,-45163.87,fmavct_kbfc,291169.88,-136721.75,0.0,427891.63,27,2,10'|13
2230835052,BEJ,10',2026,0.0,3.81,0.0,0.0,-3.81,fmifiit_fmioi,0.0,0.0,0.0,0.0,0,no_ps_link,10'
2230835052,BEJ,13,2026,0.0,381.2,0.0,0.0,-381.2,fmifiit_fmioi,0.0,0.0,0.0,0.0,0,no_ps_link,13
3210224082,BEJ,10',2026,0.0,1.14,0.0,0.0,-1.14,fmifiit_fmioi,0.0,0.0,0.0,0.0,0,no_ps_link,10'
3210224082,BEJ,13,2026,0.0,114.41,0.0,0.0,-114.41,fmifiit_fmioi,0.0,0.0,0.0,0.0,0,no_ps_link,13
A210454032,BEJ,10',2026,0.0,1.14,0.0,0.0,-1.14,fmifiit_fmioi,0.0,0.0,0.0,0.0,0,no_ps_link,10'
A210454032,BEJ,13,2026,0.0,114.24,0.0,0.0,-114.24,fmifiit_fmioi,0.0,0.0,0.0,0.0,0,no_ps_link,13
521STM0001,STM,13,2026,0.0,2648.62,0.0,0.0,-2648.62,fmifiit_fmioi,0.0,0.0,0.0,0.0,0,no_ps_link,13
A2106C1012,HEQ,13,2026,0.0,1440.78,0.0,0.0,-1440.78,fmifiit_fmioi,0.0,0.0,0.0,0.0,0,no_ps_link,13
A210131011,AGI,BRSTAT,2026,0.0,123.4,0.0,0.0,-123.4,fmifiit_fmioi,0.0,0.0,0.0,0.0,0,no_ps_link,BRSTAT
A210131011,AGI,10',2026,0.0,19.09,0.0,0.0,-19.09,fmifiit_fmioi,0.0,0.0,0.0,0.0,0,no_ps_link,10'
A210131011,AGI,13,2026,0.0,1909.11,0.0,0.0,-1909.11,fmifiit_fmioi,0.0,0.0,0.0,0.0,0,no_ps_link,13
A210131011,AGI,CDSP,2026,0.0,123.38,0.0,0.0,-123.38,fmifiit_fmioi,0.0,0.0,0.0,0.0,0,no_ps_link,CDSP
A210161011,AGI,10',2026,0.0,19.09,0.0,0.0,-19.09,fmifiit_fmioi,0.0,0.0,0.0,0.0,0,no_ps_link,10'
A210231011,HYD,10',2026,0.0,8.63,0.0,0.0,-8.63,fmifiit_fmioi,0.0,0.0,0.0,0.0,0,no_ps_link,10'
A210231011,HYD,13,2026,0.0,863.17,0.0,0.0,-863.17,fmifiit_fmioi,0.0,0.0,0.0,0.0,0,no_ps_link,13
A210231031,HYD,10',2026,0.0,2501.88,0.0,0.0,-2501.88,fmifiit_fmioi,0.0,0.0,0.0,0.0,0,no_ps_link,10'
A210231031,HYD,13,2026,98913.45,1294.76,0.0,0.0,97618.69,fmifiit_fmioi,0.0,0.0,0.0,0.0,0,no_ps_link,13
A210231171,HYD,10',2026,0.0,18.03,0.0,0.0,-18.03,fmifiit_fmioi,0.0,0.0,0.0,0.0,0,no_ps_link,10'
A210231171,HYD,13,2026,0.0,1803.79,0.0,0.0,-1803.79,fmifiit_fmioi,0.0,0.0,0.0,0.0,0,no_ps_link,13
A210521031,UCH,10',2026,0.0,32.14,0.0,0.0,-32.14,fmifiit_fmioi,0.0,0.0,0.0,0.0,0,no_ps_link,10'
A210521031,UCH,13,2026,0.0,3214.24,0.0,0.0,-3214.24,fmifiit_fmioi,0.0,0.0,0.0,0.0,0,no_ps_link,13
680LAL4002,HEQ,13,2026,0.0,4700.63,0.0,0.0,-4700.63,fmifiit_fmioi,0.0,0.0,0.0,0.0,0,no_ps_link,13
680ADM4106,ADM,10',2026,0.0,101.75,0.0,0.0,-101.75,fmifiit_fmioi,0.0,0.0,0.0,0.0,0,no_ps_link,10'
680ADM4106,ADM,13,2026,0.0,10176.54,0.0,0.0,-10176.54,fmifiit_fmioi,0.0,0.0,0.0,0.0,0,no_ps_link,13
567PAL1002,RAM,TC,2026,252.4,3186.5,0.0,23394.94,-23142.54,fmavct_kbfc,3202994.37,-930693.0,0.0,4133687.37,25,2,10'|13
A210482021,NAI,13,2026,0.0,1975.4,0.0,0.0,-1975.4,fmifiit_fmioi,0.0,0.0,0.0,0.0,0,no_ps_link,13
2210425023,MXC,13,2026,0.0,3279.06,0.0,0.0,-3279.06,fmifiit_fmioi,0.0,0.0,0.0,0.0,0,no_ps_link,13
A210472011,HAR,10',2026,0.0,23.42,0.0,0.0,-23.42,fmifiit_fmioi,0.0,0.0,0.0,0.0,0,no_ps_link,10'
A210472011,HAR,13,2026,0.0,2341.63,0.0,0.0,-2341.63,fmifiit_fmioi,0.0,0.0,0.0,0.0,0,no_ps_link,13
570AFG4000,KAB,PC,2026,0.0,5118.63,0.0,4340.17,-4340.17,fmavct_kbfc,1457249.49,26615.96,11500.0,1419133.53,27,2,10'|13
406CUB1000,HAV,TC,2026,0.0,2018.61,0.0,10246.51,-10246.51,fmavct_kbfc,50000.0,0.0,0.0,50000.0,1,2,10'|13
537LEB2000,BEI,PC,2026,0.0,2884.93,0.0,3151.59,-3151.59,fmavct_kbfc,89179.8,0.0,0.0,89179.8,1,2,10'|13
3210624141,KAB,10',2026,0.0,38.71,0.0,0.0,-38.71,fmifiit_fmioi,0.0,0.0,0.0,0.0,0,no_ps_link,10'
3210624141,KAB,13,2026,0.0,3870.69,0.0,0.0,-3870.69,fmifiit_fmioi,0.0,0.0,0.0,0.0,0,no_ps_link,13
A230545152,HAV,10',2026,0.0,21.36,0.0,0.0,-21.36,fmifiit_fmioi,0.0,0.0,0.0,0.0,0,no_ps_link,10'
A230545152,HAV,13,2026,0.0,2137.32,0.0,0.0,-2137.32,fmifiit_fmioi,0.0,0.0,0.0,0.0,0,no_ps_link,13
633CRP2202,ABU,13,2026,0.0,1225.04,0.0,0.0,-1225.04,fmifiit_fmioi,0.0,0.0,0.0,0.0,0,no_ps_link,13
633CRP1416,CAI,13,2026,0.0,134.63,0.0,0.0,-134.63,fmifiit_fmioi,0.0,0.0,0.0,0.0,0,no_ps_link,13
633CRP2616,CAI,10',2026,0.0,137.35,0.0,0.0,-137.35,fmifiit_fmioi,0.0,0.0,0.0,0.0,0,no_ps_link,10'
633CRP2616,CAI,13,2026,0.0,134.67,0.0,0.0,-134.67,fmifiit_fmioi,0.0,0.0,0.0,0.0,0,no_ps_link,13
633CRP4216,CAI,10',2026,0.0,1.35,0.0,0.0,-1.35,fmifiit_fmioi,0.0,0.0,0.0,0.0,0,no_ps_link,10'
633CRP4216,CAI,13,2026,0.0,134.67,0.0,0.0,-134.67,fmifiit_fmioi,0.0,0.0,0.0,0.0,0,no_ps_link,13
637FOR7322,HAN,10',2026,0.0,31.43,0.0,0.0,-31.43,fmifiit_fmioi,0.0,0.0,0.0,0.0,0,no_ps_link,10'
637FOR7322,HAN,13,2026,0.0,3142.48,0.0,0.0,-3142.48,fmifiit_fmioi,0.0,0.0,0.0,0.0,0,no_ps_link,13
A2102C4022,API,10',2026,0.0,23.91,0.0,0.0,-23.91,fmifiit_fmioi,0.0,0.0,0.0,0.0,0,no_ps_link,10'
A2102C4022,API,13,2026,0.0,2392.03,0.0,0.0,-2392.03,fmifiit_fmioi,0.0,0.0,0.0,0.0,0,no_ps_link,13
567RAF1006,BAM,TC,2026,0.0,586.9,0.0,15622.75,-15622.75,fmavct_kbfc,110187.46,-33333.0,0.0,143520.46,8,2,10'|13
2210514024,WHC,13,2026,0.0,1348.18,0.0,0.0,-1348.18,fmifiit_fmioi,0.0,0.0,0.0,0.0,0,no_ps_link,13
A230582021,ABU,40,2026,0.0,64.22,0.0,0.0,-64.22,fmifiit_fmioi,0.0,0.0,0.0,0.0,0,no_ps_link,40
2210191012,FLI,11,2026,0.0,936.77,76732.24,0.0,-77669.01,fmifiit_fmioi,0.0,0.0,0.0,0.0,0,no_ps_link,11
633CRP2242,NAI,20,2026,0.0,86.0,69373.01,0.0,-69459.01,fmifiit_fmioi,0.0,0.0,0.0,0.0,0,no_ps_link,20
633CRP7314,BRV,11,2026,0.0,5430.92,107747.52,0.0,-113178.44,fmifiit_fmioi,0.0,0.0,0.0,0.0,0,no_ps_link,11
A210281012,PBS,10',2026,0.0,1407.22,0.0,0.0,-1407.22,fmifiit_fmioi,0.0,0.0,0.0,0.0,0,no_ps_link,10'
580GLO1001,ITE,REVENUE,2026,59246.65,0.0,0.0,0.0,59246.65,fmifiit_fmioi,1027038.36,8132296.59,0.0,-7105258.23,7,3,REVENUE
507GLO1043,UNE,REVENUE,2026,3234632.31,0.0,0.0,0.0,3234632.31,fmifiit_fmioi,989184.19,0.0,0.0,989184.19,1,4,REVENUE
3230836181,BRU,40,2026,0.0,579.63,8024.54,0.0,-8604.17,fmifiit_fmioi,0.0,0.0,0.0,0.0,0,no_ps_link,40
520CMB4004,PNP,REVENUE,2026,140515.23,0.0,0.0,0.0,140515.23,fmifiit_fmioi,94735.96,12339.66,0.0,82396.3,1,4,REVENUE
680BSP4202,BSP,13,2026,5664.8,0.0,0.0,0.0,5664.8,fmifiit_fmioi,0.0,0.0,0.0,0.0,0,no_ps_link,13
633CRP1437,LBV,20,2026,0.0,251.66,499.86,0.0,-751.52,fmifiit_fmioi,0.0,0.0,0.0,0.0,0,no_ps_link,20
A210461071,SPR,50,2026,1643.45,0.0,0.0,0.0,1643.45,fmifiit_fmioi,0.0,0.0,0.0,0.0,0,no_ps_link,50
A210315011,IOC,50,2026,5234.19,0.0,0.0,0.0,5234.19,fmifiit_fmioi,0.0,0.0,0.0,0.0,0,no_ps_link,50
3210461022,ATD,50,2026,767.9,0.0,0.0,0.0,767.9,fmifiit_fmioi,0.0,0.0,0.0,0.0,0,no_ps_link,50
3210461022,ATD,20,2026,4747.37,0.0,120843.16,0.0,-116095.79,fmifiit_fmioi,0.0,0.0,0.0,0.0,0,no_ps_link,20
2210131043,IPS,50,2026,691.23,0.0,0.0,0.0,691.23,fmifiit_fmioi,0.0,0.0,0.0,0.0,0,no_ps_link,50
3210144021,PNP,20,2026,0.0,4126.48,77534.44,0.0,-81660.92,fmifiit_fmioi,0.0,0.0,0.0,0.0,0,no_ps_link,20
633CRP7337,LBV,50,2026,0.0,380.61,756.0,0.0,-1136.61,fmifiit_fmioi,0.0,0.0,0.0,0.0,0,no_ps_link,50
570GLO2047,TWA,TC,2026,0.0,9600.0,62400.0,5616.28,-5616.28,fmavct_kbfc,1331446.8,-350000.0,0.0,1681446.8,10,2,11
2210173022,BEI,20,2026,0.0,792.0,10746.98,0.0,-11538.98,fmifiit_fmioi,0.0,0.0,0.0,0.0,0,no_ps_link,20
3210641022,DPT,11,2026,0.0,6335.8,12760.22,0.0,-19096.02,fmifiit_fmioi,0.0,0.0,0.0,0.0,0,no_ps_link,11
633CRP7333,KAT,20,2026,0.0,138.86,10497.73,0.0,-10636.59,fmifiit_fmioi,0.0,0.0,0.0,0.0,0,no_ps_link,20
637FOR7331,JUB,PROVISION,2026,0.0,304.0,0.0,0.0,-304.0,fmifiit_fmioi,0.0,0.0,0.0,0.0,0,no_ps_link,PROVISION
537IRQ4000,BAG,REVENUE,2026,143483.0,0.0,0.0,0.0,143483.0,fmifiit_fmioi,0.0,0.0,0.0,0.0,50,4,REVENUE
938MOR4004,RAB,REVENUE,2026,471955.48,0.0,0.0,0.0,471955.48,fmifiit_fmioi,1928331.7,2790175.5,250290.62,-1112134.42,1,3,REVENUE
702RSS1000,JUB,REVENUE,2026,2881809.0,0.0,0.0,0.0,2881809.0,fmifiit_fmioi,19256448.41,-610460.32,45020.42,19821888.31,65,4,REVENUE
A230542131,JUB,11,2026,0.0,346.0,0.0,0.0,-346.0,fmifiit_fmioi,0.0,0.0,0.0,0.0,0,no_ps_link,11
199PRA4142,LHE,TC,2026,0.0,2931.0,169664.0,1510.0,-1510.0,fmavct_kbfc,239990.02,7858.0,1500.0,230632.02,11,2,20
727CMR1008,YAO,REVENUE,2026,630000.0,0.0,0.0,0.0,630000.0,fmifiit_fmioi,2481510.0,0.0,0.0,2481510.0,26,4,REVENUE
727CMR1009,YAO,REVENUE,2026,44100.0,0.0,0.0,0.0,44100.0,fmifiit_fmioi,0.0,0.0,0.0,0.0,1,4,REVENUE
637FOR7347,ABU,REVENUE,2026,0.0,14093.52,0.0,0.0,-14093.52,fmifiit_fmioi,0.0,0.0,0.0,0.0,0,no_ps_link,REVENUE
637FOR7302,ABU,REVENUE,2026,0.0,7046.76,0.0,0.0,-7046.76,fmifiit_fmioi,0.0,0.0,0.0,0.0,0,no_ps_link,REVENUE
310GLO4000,MCO,40,2026,0.0,2520.0,95487.26,14207.87,-14207.87,fmavct_kbfc,1619867.01,-59297.97,0.0,1679164.98,25,2,40
A210316081,IOC,20,2026,0.0,351.46,0.0,0.0,-351.46,fmifiit_fmioi,0.0,0.0,0.0,0.0,0,no_ps_link,20
439GLO2041,EES,REVENUE,2026,177143.92,0.0,0.0,0.0,177143.92,fmifiit_fmioi,1198822.77,12270077.08,0.0,-11071254.31,11,3,REVENUE
3230711022,CPE,11,2026,0.0,5128.64,21061.96,0.0,-26190.6,fmifiit_fmioi,0.0,0.0,0.0,0.0,0,no_ps_link,11
A230411051,CPE,11,2026,0.0,4819.28,9638.56,0.0,-14457.84,fmifiit_fmioi,0.0,0.0,0.0,0.0,0,no_ps_link,11
633CRP1350,SJO,50,2026,0.0,16.78,0.0,0.0,-16.78,fmifiit_fmioi,0.0,0.0,0.0,0.0,0,no_ps_link,50
3210544142,DHA,11,2026,0.0,129.0,3198.99,0.0,-3327.99,fmifiit_fmioi,0.0,0.0,0.0,0.0,0,no_ps_link,11
3210624141,KAB,20,2026,0.0,1800.0,65852.0,0.0,-67652.0,fmifiit_fmioi,0.0,0.0,0.0,0.0,0,no_ps_link,20
537INT2001,IOC,PC,2026,0.0,1400.0,25400.0,97175.23,-97175.23,fmavct_kbfc,181494.0,0.0,0.0,181494.0,1,2,11
218THA4000,BGK,TC,2026,0.0,10000.0,59500.0,2989.22,-2989.22,fmavct_kbfc,494400.0,0.0,0.0,494400.0,26,2,20
3210643091,DOH,10',2026,9.69,749.68,0.0,0.0,-739.99,fmifiit_fmioi,0.0,0.0,0.0,0.0,0,no_ps_link,10'
473PAL5000,RAM,TC,2026,0.0,10000.0,574457.9,0.0,-584457.9,fmifiit_fmioi,772224.26,-323140.0,0.0,1095364.26,7,2,20
A230572071,ADI,50,2026,0.0,6882.04,13764.08,0.0,-20646.12,fmifiit_fmioi,0.0,0.0,0.0,0.0,0,no_ps_link,50
633CRP7307,ATA,40,2026,0.0,582.0,1164.0,0.0,-1746.0,fmifiit_fmioi,0.0,0.0,0.0,0.0,0,no_ps_link,40
637FOR7350,SJO,50,2026,0.0,192.01,1196.06,0.0,-1388.07,fmifiit_fmioi,0.0,0.0,0.0,0.0,0,no_ps_link,50
A230545131,STD,40,2026,0.0,7431.33,22297.12,0.0,-29728.45,fmifiit_fmioi,0.0,0.0,0.0,0.0,0,no_ps_link,40
A210594021,API,20,2026,0.0,2146.68,4293.36,0.0,-6440.04,fmifiit_fmioi,0.0,0.0,0.0,0.0,0,no_ps_link,20
633CRP1106,API,40,2026,0.0,183.15,366.3,0.0,-549.45,fmifiit_fmioi,0.0,0.0,0.0,0.0,0,no_ps_link,40
728RAS2003,JAK,20,2026,0.0,3652.0,22524.08,822.5,-822.5,fmavct_kbfc,1336166.13,665341.46,0.0,670824.67,95,2,20
A210524332,DHA,50,2026,0.0,138.52,0.0,0.0,-138.52,fmifiit_fmioi,0.0,0.0,0.0,0.0,0,no_ps_link,50
633CRP7328,ISB,30,2026,0.0,1675.0,3350.0,0.0,-5025.0,fmifiit_fmioi,0.0,0.0,0.0,0.0,0,no_ps_link,30
549INT2009,IOC,TC,2026,1427.59,1558.7,0.0,32.75,1394.84,fmavct_kbfc,195958.48,-57072.9,0.0,253031.38,15,4,10'|50
538MFT9000,AMN,REVENUE,2026,2341920.36,0.0,0.0,0.0,2341920.36,fmifiit_fmioi,0.0,0.0,0.0,0.0,1,4,REVENUE
538JOR1000,AMN,REVENUE,2026,1756440.27,0.0,0.0,0.0,1756440.27,fmifiit_fmioi,8423045.36,3769311.08,39780.0,4613954.28,5,4,REVENUE
521STM0001,STM,50,2026,0.0,8.77,10092.96,0.0,-10101.73,fmifiit_fmioi,0.0,0.0,0.0,0.0,0,no_ps_link,50
537RAF4008,LHE,REVENUE,2026,63191.0,0.0,0.0,0.0,63191.0,fmifiit_fmioi,57973.0,0.0,0.0,57973.0,3,4,REVENUE
570RAB2000,BEI,REVENUE,2026,90000.0,0.0,0.0,0.0,90000.0,fmifiit_fmioi,458623.84,25538.0,18660.5,414425.34,5,4,REVENUE
821GLO4004,KAT,NPC,2026,0.0,6557.38,0.0,2710.76,-2710.76,fmavct_kbfc,130675.0,41389.28,0.0,89285.72,1,2,20
580GLO2004,IOC,REVENUE,2026,240717.0,0.0,0.0,0.0,240717.0,fmifiit_fmioi,107651.0,0.0,0.0,107651.0,1,4,REVENUE
3210181061,TAI,11,2026,0.0,1000.0,109159.47,0.0,-110159.47,fmifiit_fmioi,0.0,0.0,0.0,0.0,0,no_ps_link,11
633CRP2202,ABU,20,2026,0.0,1788.13,1110.34,0.0,-2898.47,fmifiit_fmioi,0.0,0.0,0.0,0.0,0,no_ps_link,20
A210481071,BIO,40,2026,6571.74,0.0,0.0,0.0,6571.74,fmifiit_fmioi,0.0,0.0,0.0,0.0,0,no_ps_link,40
633CRP1323,HAR,10',2026,164.0,211.93,0.0,0.0,-47.93,fmifiit_fmioi,0.0,0.0,0.0,0.0,0,no_ps_link,10'
632HQF9015,DBS,TC,2026,0.0,31539.7,276496.81,8690.22,-8690.22,fmavct_kbfc,0.0,0.0,0.0,0.0,0,no_ps_link,20
680ADM4101,ADM,30,2026,0.0,460.0,0.0,0.0,-460.0,fmifiit_fmioi,0.0,0.0,0.0,0.0,0,no_ps_link,30
A230111131,DRX,11,2026,0.0,2927.4,17550.72,0.0,-20478.12,fmifiit_fmioi,0.0,0.0,0.0,0.0,0,no_ps_link,11
A230121041,UNC,11,2026,0.0,10704.89,84232.4,0.0,-94937.29,fmifiit_fmioi,0.0,0.0,0.0,0.0,0,no_ps_link,11
631BAM9002,CPE,10',2026,0.0,611.24,0.0,0.0,-611.24,fmifiit_fmioi,0.0,0.0,0.0,0.0,0,no_ps_link,10'
3210561091,MON,10',2026,14.0,388.25,0.0,0.0,-374.25,fmifiit_fmioi,0.0,0.0,0.0,0.0,0,no_ps_link,10'
3210513062,RAB,20,2026,0.0,6074.01,294536.75,0.0,-300610.76,fmifiit_fmioi,0.0,0.0,0.0,0.0,0,no_ps_link,20
680DBS4104,DBS,20,2026,0.0,14751.94,29503.88,0.0,-44255.82,fmifiit_fmioi,0.0,0.0,0.0,0.0,0,no_ps_link,20
3210171081,SDG,20,2026,0.0,10000.0,59913.01,0.0,-69913.01,fmifiit_fmioi,0.0,0.0,0.0,0.0,0,no_ps_link,20
3210641021,DPT,20,2026,0.0,0.0,14181.4,0.0,-14181.4,fmifiit_fmioi,0.0,0.0,0.0,0.0,0,no_ps_link,20
2210115022,STG,11,2026,0.0,1543.48,21197.1,0.0,-22740.58,fmifiit_fmioi,0.0,0.0,0.0,0.0,0,no_ps_link,11
A230151021,PAX,11,2026,0.0,5575.28,20255.7,0.0,-25830.98,fmifiit_fmioi,0.0,0.0,0.0,0.0,0,no_ps_link,11
199PRA4143,LHE,TC,2026,0.0,1750.0,5500.0,105.7,-105.7,fmavct_kbfc,14000.0,0.0,0.0,14000.0,8,2,11
2210425023,MXC,11,2026,0.0,4124.36,97843.87,0.0,-101968.23,fmifiit_fmioi,0.0,0.0,0.0,0.0,0,no_ps_link,11
3210251051,SCI,50,2026,0.0,36.5,477.3,0.0,-513.8,fmifiit_fmioi,0.0,0.0,0.0,0.0,0,no_ps_link,50
727GPE9000,KNS,REVENUE,2026,1069996.79,0.0,0.0,0.0,1069996.79,fmifiit_fmioi,0.0,9049322.56,0.0,-9049322.56,1,3,REVENUE
727DRC1004,KNS,REVENUE,2026,999997.0,0.0,0.0,0.0,999997.0,fmifiit_fmioi,2009985.0,0.0,0.0,2009985.0,8,4,REVENUE
727DRC1005,KNS,REVENUE,2026,69999.79,0.0,0.0,0.0,69999.79,fmifiit_fmioi,0.0,0.0,0.0,0.0,1,4,REVENUE
3210452081,ADI,10',2026,0.0,177.98,0.0,0.0,-177.98,fmifiit_fmioi,0.0,0.0,0.0,0.0,0,no_ps_link,10'
2210521023,MHM,10',2026,16.78,136.0,0.0,0.0,-119.22,fmifiit_fmioi,0.0,0.0,0.0,0.0,0,no_ps_link,10'
A130111121,ADM,50,2026,0.0,15386.0,58556.0,0.0,-73942.0,fmifiit_fmioi,0.0,0.0,0.0,0.0,0,no_ps_link,50
A310611041,OPS,20,2026,0.0,83.24,0.0,0.0,-83.24,fmifiit_fmioi,0.0,0.0,0.0,0.0,0,no_ps_link,20
A210312071,OSE,10',2026,0.0,2541.14,0.0,0.0,-2541.14,fmifiit_fmioi,0.0,0.0,0.0,0.0,0,no_ps_link,10'
A230111151,PAX,11,2026,0.0,8430.91,67435.18,0.0,-75866.09,fmifiit_fmioi,0.0,0.0,0.0,0.0,0,no_ps_link,11
537GLO0003,DBS,PC,2026,0.0,1621.78,32435.6,9279.0,-9279.0,fmavct_kbfc,137614.0,-150000.0,0.0,287614.0,1,2,11
680IOS3101,IOS,20,2026,0.0,98403.23,1035020.92,0.0,-1133424.15,fmifiit_fmioi,0.0,0.0,0.0,0.0,0,no_ps_link,20
3240114122,PPE,20,2026,0.0,14000.0,80000.0,0.0,-94000.0,fmifiit_fmioi,0.0,0.0,0.0,0.0,0,no_ps_link,20
3210154092,BEJ,50,2026,611.57,0.0,73.48,0.0,538.09,fmifiit_fmioi,0.0,0.0,0.0,0.0,0,no_ps_link,50
A210521031,UCH,11,2026,0.0,3537.79,21723.98,0.0,-25261.77,fmifiit_fmioi,0.0,0.0,0.0,0.0,0,no_ps_link,11
680DBS4101,DBS,20,2026,0.0,4098.36,31911.01,0.0,-36009.37,fmifiit_fmioi,0.0,0.0,0.0,0.0,0,no_ps_link,20
727MLI1000,BAM,REVENUE,2026,2574464.55,0.0,0.0,0.0,2574464.55,fmifiit_fmioi,7723393.65,0.0,0.0,7723393.65,14,4,REVENUE
RSS1000165,JUB,50,2026,0.0,100.8,16084.24,39375.0,-39375.0,fmavct_kbfc,1669872.75,36174.98,15271.61,1618426.16,18,2,50
198ADB4142,WHC,TC,2026,0.0,271792.74,7381278.74,10980.5,-10980.5,fmavct_kbfc,2337957.46,0.0,297054.0,2040903.46,1,2,20
507GLO1041,UNE,40,2026,676.49,0.0,0.0,0.0,676.49,fmifiit_fmioi,92346.93,-96145.0,0.0,188491.93,1,4,40
3230835042,BGK,40,2026,0.0,30.92,1039.67,0.0,-1070.59,fmifiit_fmioi,0.0,0.0,0.0,0.0,0,no_ps_link,40
680ETH4101,ETH,50,2026,0.0,86.66,0.0,0.0,-86.66,fmifiit_fmioi,0.0,0.0,0.0,0.0,0,no_ps_link,50
570GLO0027,CPE,20,2026,0.0,2063.66,203152.44,52560.0,-52560.0,fmavct_kbfc,159728.87,14105.0,0.0,145623.87,1,2,20
526GLO1008,BGK,10',2026,19.41,657.79,0.0,1061.65,-1042.24,fmavct_kbfc,173380.0,-225582.0,0.0,398962.0,1,2,10'
633CRP7351,STG,11,2026,0.0,3014.57,36037.92,0.0,-39052.49,fmifiit_fmioi,0.0,0.0,0.0,0.0,0,no_ps_link,11
A210452051,NAI,20,2026,0.0,4857.58,19962.9,0.0,-24820.48,fmifiit_fmioi,0.0,0.0,0.0,0.0,0,no_ps_link,20
406MAG1000,NAI,TC,2026,0.0,28313.18,55481.02,0.0,-83794.2,fmifiit_fmioi,30000.0,0.0,0.0,30000.0,1,2,10'|40
503SWE9090,DCO,REVENUE,2026,15417173.36,0.0,0.0,0.0,15417173.36,fmifiit_fmioi,0.0,0.0,0.0,0.0,1,4,REVENUE
503RAF1003,HAR,REVENUE,2026,4585899.46,0.0,0.0,0.0,4585899.46,fmifiit_fmioi,108793346.9,882751967.13,52092982.41,-826051602.64,178,3,REVENUE
633CRP1135,KNG,30,2026,0.0,500.0,0.0,0.0,-500.0,fmifiit_fmioi,0.0,0.0,0.0,0.0,0,no_ps_link,30
633CRP1135,KNG,20,2026,0.0,1171.32,0.0,0.0,-1171.32,fmifiit_fmioi,0.0,0.0,0.0,0.0,0,no_ps_link,20
637FOR7350,SJO,40,2026,0.0,92.86,1396.03,0.0,-1488.89,fmifiit_fmioi,0.0,0.0,0.0,0.0,0,no_ps_link,40
3210514122,KAT,11,2026,0.0,1251.11,14623.5,0.0,-15874.61,fmifiit_fmioi,0.0,0.0,0.0,0.0,0,no_ps_link,11
A210524182,KAT,20,2026,0.0,1405.98,2875.66,0.0,-4281.64,fmifiit_fmioi,0.0,0.0,0.0,0.0,0,no_ps_link,20
504NEP1000,KAT,50,2026,0.0,266.82,0.0,0.0,-266.82,fmifiit_fmioi,1772704.5,2406451.28,630287.56,-1264034.34,15,1,50
3210141181,HED,20,2026,0.0,8000.0,412476.38,0.0,-420476.38,fmifiit_fmioi,0.0,0.0,0.0,0.0,0,no_ps_link,20
3210144092,BEJ,50,2026,589.24,0.0,0.0,0.0,589.24,fmifiit_fmioi,0.0,0.0,0.0,0.0,0,no_ps_link,50
2210121013,E30,50,2026,1665.11,0.0,0.0,0.0,1665.11,fmifiit_fmioi,0.0,0.0,0.0,0.0,0,no_ps_link,50
A2106A1021,DPT,50,2026,5649.8,0.0,0.0,0.0,5649.8,fmifiit_fmioi,0.0,0.0,0.0,0.0,0,no_ps_link,50
521STM0001,STM,11,2026,0.0,3400.0,27200.0,0.0,-30600.0,fmifiit_fmioi,0.0,0.0,0.0,0.0,0,no_ps_link,11
A2102A2021,WIN,50,2026,0.0,83.84,0.0,0.0,-83.84,fmifiit_fmioi,0.0,0.0,0.0,0.0,0,no_ps_link,50
A210551011,ITR,13,2026,79518.06,103.28,0.0,0.0,79414.78,fmifiit_fmioi,0.0,0.0,0.0,0.0,0,no_ps_link,13
A210551011,ITR,CDSP,2026,0.0,6.68,0.0,0.0,-6.68,fmifiit_fmioi,0.0,0.0,0.0,0.0,0,no_ps_link,CDSP
A210312081,OSE,10',2026,0.0,243.48,0.0,0.0,-243.48,fmifiit_fmioi,0.0,0.0,0.0,0.0,0,no_ps_link,10'
A2106A1021,DPT,13,2026,2120.48,0.0,0.0,0.0,2120.48,fmifiit_fmioi,0.0,0.0,0.0,0.0,0,no_ps_link,13
A210465012,MTD,11,2026,0.0,5000.0,20000.0,0.0,-25000.0,fmifiit_fmioi,0.0,0.0,0.0,0.0,0,no_ps_link,11
633CRP7335,KNG,10',2026,0.0,532.5,0.0,0.0,-532.5,fmifiit_fmioi,0.0,0.0,0.0,0.0,0,no_ps_link,10'
633CRP7335,KNG,13,2026,0.0,397.02,0.0,0.0,-397.02,fmifiit_fmioi,0.0,0.0,0.0,0.0,0,no_ps_link,13
633CRP4404,ADI,20,2026,0.0,505.02,1000.0,0.0,-1505.02,fmifiit_fmioi,0.0,0.0,0.0,0.0,0,no_ps_link,20
185GEF0006,YAO,20,2026,0.0,1136.12,0.0,0.0,-1136.12,fmifiit_fmioi,0.0,0.0,0.0,0.0,0,no_ps_link,20
633CRP3112,BGK,20,2026,0.0,444.19,41846.58,0.0,-42290.77,fmifiit_fmioi,0.0,0.0,0.0,0.0,0,no_ps_link,20
570TUN4001,RAB,40,2026,8327.56,374.76,0.0,83.98,8243.58,fmavct_kbfc,275229.0,128126.77,410.0,146692.23,1,4,40
538MFT9001,BSP,REVENUE,2026,11709.6,0.0,0.0,0.0,11709.6,fmifiit_fmioi,0.0,77318.68,0.0,-77318.68,1,3,REVENUE
580GLO2003,PBS,REVENUE,2026,220144.0,0.0,0.0,0.0,220144.0,fmifiit_fmioi,328875.8,-221412.45,0.0,550288.25,1,4,REVENUE
507GLO1042,UNE,50,2026,0.0,1234.66,0.0,0.0,-1234.66,fmifiit_fmioi,1151874.5,-818869.4,5000.0,1965743.9,1,2,50
549CYP1000,PLS,REVENUE,2026,26231.63,2561.35,0.0,0.0,23670.28,fmifiit_fmioi,1480421.61,-93345.0,0.0,1573766.61,11,4,REVENUE
A210161071,HED,50,2026,566.08,0.0,0.0,0.0,566.08,fmifiit_fmioi,0.0,0.0,0.0,0.0,0,no_ps_link,50
633CRP9003,SEO,REVENUE,2026,847.02,0.0,0.0,0.0,847.02,fmifiit_fmioi,375.0,-3197980.67,133.0,3198222.67,705,4,REVENUE
633CRP9003,YOU,REVENUE,2026,53971.0,0.0,0.0,0.0,53971.0,fmifiit_fmioi,375.0,-3197980.67,133.0,3198222.67,705,4,REVENUE
633CRP9003,BRV,REVENUE,2026,2329.32,0.0,0.0,0.0,2329.32,fmifiit_fmioi,375.0,-3197980.67,133.0,3198222.67,705,4,REVENUE
633CRP9003,WIN,REVENUE,2026,8943.34,0.0,0.0,0.0,8943.34,fmifiit_fmioi,375.0,-3197980.67,133.0,3198222.67,705,4,REVENUE
633CRP9003,SHS,REVENUE,2026,135631.0,0.0,0.0,0.0,135631.0,fmifiit_fmioi,375.0,-3197980.67,133.0,3198222.67,705,4,REVENUE
633CRP9003,FMD,REVENUE,2026,8455.47,0.0,0.0,0.0,8455.47,fmifiit_fmioi,375.0,-3197980.67,133.0,3198222.67,705,4,REVENUE
633CRP9003,FEJ,REVENUE,2026,41411.07,0.0,0.0,0.0,41411.07,fmifiit_fmioi,375.0,-3197980.67,133.0,3198222.67,705,4,REVENUE
633CRP9003,FMS,REVENUE,2026,3402.6,0.0,0.0,0.0,3402.6,fmifiit_fmioi,375.0,-3197980.67,133.0,3198222.67,705,4,REVENUE
218BDI5000,YAO,REVENUE,2026,449095.0,0.0,0.0,0.0,449095.0,fmifiit_fmioi,1918239.24,-2969.91,155847.47,1765361.68,32,4,REVENUE
3230856011,BRU,50,2026,0.0,547.02,24407.44,0.0,-24954.46,fmifiit_fmioi,0.0,0.0,0.0,0.0,0,no_ps_link,50
580INT4000,WHC,REVENUE,2026,3000000.0,0.0,0.0,0.0,3000000.0,fmifiit_fmioi,1614000.0,0.0,0.0,1614000.0,7,4,REVENUE
3210561092,MON,40,2026,0.0,407.72,815.44,0.0,-1223.16,fmifiit_fmioi,0.0,0.0,0.0,0.0,0,no_ps_link,40
A210591011,WHC,10',2026,328.0,0.0,0.0,0.0,328.0,fmifiit_fmioi,0.0,0.0,0.0,0.0,0,no_ps_link,10'
549GLO3003,BIO,40,2026,55000.0,0.0,8862.44,3836.53,51163.47,fmavct_kbfc,15569847.65,16916006.07,216407.09,-1562565.51,40,3,40
A310713011,SEC,40,2026,4587.85,0.0,0.0,0.0,4587.85,fmifiit_fmioi,0.0,0.0,0.0,0.0,0,no_ps_link,40
A310713011,SEC,50,2026,93.1,0.0,0.0,0.0,93.1,fmifiit_fmioi,0.0,0.0,0.0,0.0,0,no_ps_link,50
2230711052,CPE,50,2026,0.0,684.38,0.0,0.0,-684.38,fmifiit_fmioi,0.0,0.0,0.0,0.0,0,no_ps_link,50
3210556083,MXC,30,2026,0.0,282.0,0.0,0.0,-282.0,fmifiit_fmioi,0.0,0.0,0.0,0.0,0,no_ps_link,30
199GLO4542,LHE,REVENUE,2026,9958.52,0.0,0.0,0.0,9958.52,fmifiit_fmioi,46665.87,-15815.39,0.0,62481.26,1,4,REVENUE
000REV9000,NAI,REVENUE,2026,3580.0,0.0,0.0,0.0,3580.0,fmifiit_fmioi,0.0,0.0,0.0,0.0,0,no_ps_link,REVENUE
570SOM4000,NAI,REVENUE,2026,3580.02,0.0,0.0,0.0,3580.02,fmifiit_fmioi,205954.2,15124.0,0.0,190830.2,16,4,REVENUE
632HQF9015,DBS,80,2026,204.92,0.0,0.0,226.34,-21.42,fmavct_kbfc,0.0,0.0,0.0,0.0,0,no_ps_link,80
218THA4000,BGK,80,2026,0.0,700.0,0.0,29106.67,-29106.67,fmavct_kbfc,494400.0,0.0,0.0,494400.0,26,2,80
235BDI4000,YAO,80,2026,0.0,259.38,0.0,153.28,-153.28,fmavct_kbfc,1542836.0,-412708.63,0.0,1955544.63,93,2,80
251GLO2000,HYD,80,2026,0.0,33.27,0.0,17740.05,-17740.05,fmavct_kbfc,1102294.14,69426.3,0.0,1032867.84,32,2,80
310REM4070,CCH,80,2026,0.0,41.18,0.0,509.56,-509.56,fmavct_kbfc,118843.93,-136802.0,0.0,255645.93,2,2,80
406CUB1000,HAV,80,2026,0.0,141.3,0.0,16332.68,-16332.68,fmavct_kbfc,50000.0,0.0,0.0,50000.0,1,2,80
406GLO0094,BSP,80,2026,0.0,910.0,0.0,18725.02,-18725.02,fmavct_kbfc,13000.0,-13910.0,0.0,26910.0,1,2,80
406IVC4000,ABJ,80,2026,0.0,687.75,0.0,71643.87,-71643.87,fmavct_kbfc,100000.0,0.0,582.75,99417.25,1,2,80
406MAG1000,NAI,80,2026,0.0,30.71,0.0,0.0,-30.71,fmifiit_fmioi,30000.0,0.0,0.0,30000.0,1,2,80
406QAT0001,DOH,80,2026,0.0,409.5,0.0,0.0,-409.5,fmifiit_fmioi,30000.0,0.0,0.0,30000.0,1,2,80
473PAL5000,RAM,80,2026,0.0,700.0,0.0,150.0,-150.0,fmavct_kbfc,772224.26,-323140.0,0.0,1095364.26,7,2,80
473SUD5000,KHA,80,2026,0.0,56.0,0.0,0.0,-56.0,fmifiit_fmioi,115239.93,-94405.0,0.0,209644.93,1,2,80
475RLA1000,STG,80,2026,0.0,3.6,0.0,2573.55,-2573.55,fmavct_kbfc,177232.9,28742291.47,0.0,-28565058.57,2,1,80
519IRQ5001,BAG,80,2026,0.0,255.78,0.0,9355.61,-9355.61,fmavct_kbfc,1522003.0,6872573.15,0.0,-5350570.15,56,1,80
526GLO1008,BGK,80,2026,0.0,3119.64,0.0,34276.57,-34276.57,fmavct_kbfc,173380.0,-225582.0,0.0,398962.0,1,2,80
526GLO4012,WHC,80,2026,0.0,1104.83,0.0,1726.0,-1726.0,fmavct_kbfc,493295.42,-265150.64,0.0,758446.06,5,2,80
526INT2008,BEJ,80,2026,0.0,288.91,0.0,83177.48,-83177.48,fmavct_kbfc,291169.88,-136721.75,0.0,427891.63,27,2,80
526INT4005,DCE,80,2026,0.0,80.21,0.0,109840.93,-109840.93,fmavct_kbfc,392604.14,0.0,0.0,392604.14,5,2,80
537GLO0003,DBS,80,2026,0.0,145.96,0.0,11019.94,-11019.94,fmavct_kbfc,137614.0,-150000.0,0.0,287614.0,1,2,80
537INT2001,IOC,80,2026,0.0,126.0,0.0,284.01,-284.01,fmavct_kbfc,181494.0,0.0,0.0,181494.0,1,2,80
537LEB2000,BEI,80,2026,0.0,259.64,0.0,95867.9,-95867.9,fmavct_kbfc,89179.8,0.0,0.0,89179.8,1,2,80
549INT2009,IOC,80,2026,0.0,739.21,0.0,0.99,-0.99,fmavct_kbfc,195958.48,-57072.9,0.0,253031.38,15,2,80
567PAL1002,RAM,80,2026,0.0,286.79,0.0,1240.0,-1240.0,fmavct_kbfc,3202994.37,-930693.0,0.0,4133687.37,25,2,80
567RAF1006,BAM,80,2026,0.0,52.82,0.0,170530.28,-170530.28,fmavct_kbfc,110187.46,-33333.0,0.0,143520.46,8,2,80
567SOM4000,NAI,80,2026,0.0,153.0,0.0,16134.07,-16134.07,fmavct_kbfc,355772.36,-100000.0,0.0,455772.36,14,2,80
570GLO2044,IOC,80,2026,0.0,1971.92,0.0,4232.88,-4232.88,fmavct_kbfc,722138.2,0.0,0.0,722138.2,14,2,80
570GLO2047,TWA,80,2026,0.0,864.0,0.0,12525.32,-12525.32,fmavct_kbfc,1331446.8,-350000.0,0.0,1681446.8,10,2,80
650RER2001,VNI,80,2026,0.0,98.25,0.0,15548.63,-15548.63,fmavct_kbfc,240418.46,37596.94,9.1,202812.42,48,2,80
808GLO2003,IOC,80,2026,0.0,3511.91,0.0,203482.26,-203482.26,fmavct_kbfc,128652.0,-172328.0,0.0,300980.0,1,2,80
199GLO4341,LHE,80,2026,0.0,434.5,0.0,66945.02,-66945.02,fmavct_kbfc,0.0,0.0,0.0,0.0,1,2,80
570GLO0027,CPE,80,2026,0.0,185.73,0.0,1410.0,-1410.0,fmavct_kbfc,159728.87,14105.0,0.0,145623.87,1,2,80
537CMB4003,PNP,30,2026,0.0,40447.9,0.0,9815.75,-9815.75,fmavct_kbfc,77981.65,-80638.73,0.0,158620.38,1,2,30
633CRP1605,AMN,20,2026,0.0,1034.6,7241.7,0.0,-8276.3,fmifiit_fmioi,0.0,0.0,0.0,0.0,0,no_ps_link,20
196EAR4041,WHC,TC,2026,0.0,22965.12,1855095.08,59648.41,-59648.41,fmavct_kbfc,1444557.59,14374240.05,19750.0,-12949432.46,110,1,20
564ITE0058,ITE,10',2026,0.0,3907.19,0.0,0.0,-3907.19,fmifiit_fmioi,0.0,0.0,0.0,0.0,0,no_ps_link,10'
A210231041,HYD,10',2026,0.0,2677.85,0.0,0.0,-2677.85,fmifiit_fmioi,0.0,0.0,0.0,0.0,0,no_ps_link,10'
3210211062,EES,10',2026,0.0,3640.69,0.0,0.0,-3640.69,fmifiit_fmioi,0.0,0.0,0.0,0.0,0,no_ps_link,10'
633CRP1437,LBV,50,2026,0.0,26.6,0.0,0.0,-26.6,fmifiit_fmioi,0.0,0.0,0.0,0.0,0,no_ps_link,50
A2101H2182,YAO,20,2026,0.0,760.54,1531.68,0.0,-2292.22,fmifiit_fmioi,0.0,0.0,0.0,0.0,0,no_ps_link,20
3210556083,MXC,20,2026,0.0,15.52,0.0,0.0,-15.52,fmifiit_fmioi,0.0,0.0,0.0,0.0,0,no_ps_link,20
3230835032,SUV,20,2026,0.0,456.0,4558.32,0.0,-5014.32,fmifiit_fmioi,0.0,0.0,0.0,0.0,0,no_ps_link,20
637FOR7332,KAB,40,2026,0.0,16838.8,134475.5,0.0,-151314.3,fmifiit_fmioi,0.0,0.0,0.0,0.0,0,no_ps_link,40
3210131052,ASP,10',2026,0.0,136.0,0.0,0.0,-136.0,fmifiit_fmioi,0.0,0.0,0.0,0.0,0,no_ps_link,10'
406PAK1001,ISB,REVENUE,2026,53500.0,0.0,0.0,0.0,53500.0,fmifiit_fmioi,50000.0,0.0,0.0,50000.0,1,4,REVENUE
550GLO4000,LHE,PC,2026,0.0,1245.38,0.0,700.9,-700.9,fmavct_kbfc,200000.0,-245297.0,0.0,445297.0,1,2,10'
A230121021,UNC,10',2026,0.0,1171.46,0.0,0.0,-1171.46,fmifiit_fmioi,0.0,0.0,0.0,0.0,0,no_ps_link,10'
633CRP1307,ATA,20,2026,0.0,328.0,7127.44,0.0,-7455.44,fmifiit_fmioi,0.0,0.0,0.0,0.0,0,no_ps_link,20
631BAM9002,DPI,40,2026,0.0,3592.23,7344.58,0.0,-10936.81,fmifiit_fmioi,0.0,0.0,0.0,0.0,0,no_ps_link,40
3210512191,BRV,20,2026,0.0,30.75,3174.48,0.0,-3205.23,fmifiit_fmioi,0.0,0.0,0.0,0.0,0,no_ps_link,20
3210512031,YAO,20,2026,0.0,129.61,88167.3,0.0,-88296.91,fmifiit_fmioi,0.0,0.0,0.0,0.0,0,no_ps_link,20
3210542021,YAO,20,2026,0.0,91.74,68961.84,0.0,-69053.58,fmifiit_fmioi,0.0,0.0,0.0,0.0,0,no_ps_link,20
633CRP5558,YAO,10',2026,0.0,1261.79,0.0,0.0,-1261.79,fmifiit_fmioi,0.0,0.0,0.0,0.0,0,no_ps_link,10'
3210622112,ADI,20,2026,0.0,1503.96,4690.02,0.0,-6193.98,fmifiit_fmioi,0.0,0.0,0.0,0.0,0,no_ps_link,20
221GLO2002,HYD,REVENUE,2026,0.0,1455.04,0.0,0.0,-1455.04,fmifiit_fmioi,109718.3,-58314.33,0.0,168032.63,5,2,REVENUE
501RSS4000,JUB,REVENUE,2026,0.0,1283.9,0.0,0.0,-1283.9,fmifiit_fmioi,74216.76,58721.28,0.0,15495.48,1,2,REVENUE
680HRM4001,HEQ,20,2026,0.0,883.0,1766.0,0.0,-2649.0,fmifiit_fmioi,0.0,0.0,0.0,0.0,0,no_ps_link,20
A210225221,KNG,20,2026,0.0,2010.33,8695.0,0.0,-10705.33,fmifiit_fmioi,0.0,0.0,0.0,0.0,0,no_ps_link,20
700CPR4000,BEJ,50,2026,0.0,1.77,0.0,148004.96,-148004.96,fmavct_kbfc,1018030.11,7897.43,0.0,1010132.68,20,2,50
3210224082,BEJ,50,2026,0.0,3.1,0.0,0.0,-3.1,fmifiit_fmioi,0.0,0.0,0.0,0.0,0,no_ps_link,50
3210134072,BEJ,50,2026,0.0,3.1,0.0,0.0,-3.1,fmifiit_fmioi,0.0,0.0,0.0,0.0,0,no_ps_link,50
633CRP1612,BGK,30,2026,0.0,1047.0,0.0,0.0,-1047.0,fmifiit_fmioi,0.0,0.0,0.0,0.0,0,no_ps_link,30
3210514062,ATA,30,2026,0.0,2807.48,0.0,0.0,-2807.48,fmifiit_fmioi,0.0,0.0,0.0,0.0,0,no_ps_link,30
633CRP2207,ATA,40,2026,0.0,980.0,0.0,0.0,-980.0,fmifiit_fmioi,0.0,0.0,0.0,0.0,0,no_ps_link,40
3210514032,PNP,20,2026,0.0,6050.77,32923.48,0.0,-38974.25,fmifiit_fmioi,0.0,0.0,0.0,0.0,0,no_ps_link,20
727CHD1005,YAO,20,2026,0.0,715.93,796244.29,15340.6,-15340.6,fmavct_kbfc,1075401.06,1168144.45,43942.0,-136685.39,12,1,20
A310611061,OPS,10',2026,0.0,76.16,0.0,0.0,-76.16,fmifiit_fmioi,0.0,0.0,0.0,0.0,0,no_ps_link,10'
809RAF1002,HED,20,2026,0.0,2837.06,0.0,62622.64,-62622.64,fmavct_kbfc,214336.0,-272933.68,0.0,487269.68,1,2,20
3210131141,GCP,10',2026,0.0,7489.33,0.0,0.0,-7489.33,fmifiit_fmioi,0.0,0.0,0.0,0.0,0,no_ps_link,10'
2210511052,WHC,50,2026,0.0,28.79,0.0,0.0,-28.79,fmifiit_fmioi,0.0,0.0,0.0,0.0,0,no_ps_link,50
A210312081,OSE,20,2026,0.0,1854.33,19167.58,0.0,-21021.91,fmifiit_fmioi,0.0,0.0,0.0,0.0,0,no_ps_link,20
567THA1001,BGK,TC,2026,0.0,25000.0,148500.0,310.61,-310.61,fmavct_kbfc,421001.48,-200000.0,0.0,621001.48,6,2,20
559GLO1044,GCP,REVENUE,2026,6867.0,0.0,0.0,0.0,6867.0,fmifiit_fmioi,565000.0,2500.0,0.0,562500.0,9,4,REVENUE
A230572051,ABU,20,2026,0.0,1406.04,578.55,0.0,-1984.59,fmifiit_fmioi,0.0,0.0,0.0,0.0,0,no_ps_link,20
3210622141,JUB,30,2026,0.0,1500.0,0.0,0.0,-1500.0,fmifiit_fmioi,0.0,0.0,0.0,0.0,0,no_ps_link,30
633CRP7352,TAS,30,2026,0.0,5.87,0.0,0.0,-5.87,fmifiit_fmioi,0.0,0.0,0.0,0.0,0,no_ps_link,30
3210141011,YLS,10',2026,0.0,4264.45,0.0,0.0,-4264.45,fmifiit_fmioi,0.0,0.0,0.0,0.0,0,no_ps_link,10'
3210141021,YLS,10',2026,0.0,721.68,0.0,0.0,-721.68,fmifiit_fmioi,0.0,0.0,0.0,0.0,0,no_ps_link,10'
A310711021,SEC,40,2026,0.0,160.11,163.04,0.0,-323.15,fmifiit_fmioi,0.0,0.0,0.0,0.0,0,no_ps_link,40
3230835012,ATA,30,2026,0.0,1288.46,0.0,0.0,-1288.46,fmifiit_fmioi,0.0,0.0,0.0,0.0,0,no_ps_link,30
A310611011,OPS,20,2026,0.0,30150.0,60300.0,0.0,-90450.0,fmifiit_fmioi,0.0,0.0,0.0,0.0,0,no_ps_link,20
570SYR4000,BEI,TC,2026,0.0,204.48,28956.96,86780.48,-86780.48,fmavct_kbfc,288990.81,0.0,23990.5,265000.31,23,2,11
A210615091,KNG,30,2026,0.0,15.95,0.0,0.0,-15.95,fmifiit_fmioi,0.0,0.0,0.0,0.0,0,no_ps_link,30
A210521011,LHE,11,2026,0.0,4500.0,37582.91,0.0,-42082.91,fmifiit_fmioi,0.0,0.0,0.0,0.0,0,no_ps_link,11
A210222171,DAR,10',2026,0.0,704.25,0.0,0.0,-704.25,fmifiit_fmioi,0.0,0.0,0.0,0.0,0,no_ps_link,10'
A210551011,ITR,20,2026,15980.28,0.0,27412.41,0.0,-11432.13,fmifiit_fmioi,0.0,0.0,0.0,0.0,0,no_ps_link,20
A2106A1021,DPT,20,2026,469.88,0.0,0.0,0.0,469.88,fmifiit_fmioi,0.0,0.0,0.0,0.0,0,no_ps_link,20
A210531251,MUS,20,2026,469.88,0.0,0.0,0.0,469.88,fmifiit_fmioi,0.0,0.0,0.0,0.0,0,no_ps_link,20
A230141051,AFR,50,2026,283.72,0.0,0.0,0.0,283.72,fmifiit_fmioi,0.0,0.0,0.0,0.0,0,no_ps_link,50
2210191012,FLI,50,2026,276.74,0.0,0.0,0.0,276.74,fmifiit_fmioi,0.0,0.0,0.0,0.0,0,no_ps_link,50
3210241041,PBS,50,2026,498.84,0.0,0.0,0.0,498.84,fmifiit_fmioi,0.0,0.0,0.0,0.0,0,no_ps_link,50
633CRP3340,MTD,20,2026,0.0,662.21,14400.0,0.0,-15062.21,fmifiit_fmioi,0.0,0.0,0.0,0.0,0,no_ps_link,20
A210521011,LHE,10',2026,0.0,190.0,0.0,0.0,-190.0,fmifiit_fmioi,0.0,0.0,0.0,0.0,0,no_ps_link,10'
503AFG1004,KAB,REVENUE,2026,533236.17,0.0,0.0,0.0,533236.17,fmifiit_fmioi,0.0,0.0,0.0,0.0,27,4,REVENUE
514RLA1045,STG,50,2026,0.0,57.22,1627.42,0.0,-1684.64,fmifiit_fmioi,1841210.0,3564349.38,0.0,-1723139.38,12,1,50
A210482021,NAI,50,2026,0.0,36.29,0.0,0.0,-36.29,fmifiit_fmioi,0.0,0.0,0.0,0.0,0,no_ps_link,50
3210211062,EES,50,2026,3947.56,0.0,0.0,0.0,3947.56,fmifiit_fmioi,0.0,0.0,0.0,0.0,0,no_ps_link,50
A210312011,IOC,20,2026,0.0,1626.37,5575.03,0.0,-7201.4,fmifiit_fmioi,0.0,0.0,0.0,0.0,0,no_ps_link,20
A210313021,IOC,20,2026,0.0,270.41,4988.0,0.0,-5258.41,fmifiit_fmioi,0.0,0.0,0.0,0.0,0,no_ps_link,20
2210531012,CHP,20,2026,0.0,11870.0,251469.49,0.0,-263339.49,fmifiit_fmioi,0.0,0.0,0.0,0.0,0,no_ps_link,20
A210681011,MIL,11,2026,0.0,2000.0,10500.0,0.0,-12500.0,fmifiit_fmioi,0.0,0.0,0.0,0.0,0,no_ps_link,11
A2106C3062,RAM,13,2026,0.0,2762.29,0.0,0.0,-2762.29,fmifiit_fmioi,0.0,0.0,0.0,0.0,0,no_ps_link,13
469GLO4000,ITH,20,2026,0.0,5755.81,101495.66,36919.57,-36919.57,fmavct_kbfc,727173.25,105948.08,0.0,621225.17,1,2,20
310REM4070,CCH,30,2026,0.0,779.0,0.0,2993.14,-2993.14,fmavct_kbfc,118843.93,-136802.0,0.0,255645.93,2,2,30
A230131031,PAX,11,2026,0.0,2600.0,41600.0,0.0,-44200.0,fmifiit_fmioi,0.0,0.0,0.0,0.0,0,no_ps_link,11
549BEL3000,BIO,REVENUE,2026,279069.77,0.0,0.0,0.0,279069.77,fmifiit_fmioi,826612.32,181633.95,631.0,644347.37,1,4,REVENUE
549GRE3000,MTF,REVENUE,2026,261627.91,0.0,0.0,0.0,261627.91,fmifiit_fmioi,774945.98,75447.82,34414.0,665084.16,1,4,REVENUE
567LEB1000,BEI,REVENUE,2026,13333.0,0.0,0.0,0.0,13333.0,fmifiit_fmioi,35264.22,0.0,0.0,35264.22,5,4,REVENUE
A230573021,CAI,50,2026,0.0,490.93,981.86,0.0,-1472.79,fmifiit_fmioi,0.0,0.0,0.0,0.0,0,no_ps_link,50
A230573051,BEI,40,2026,0.0,9190.0,18380.0,0.0,-27570.0,fmifiit_fmioi,0.0,0.0,0.0,0.0,0,no_ps_link,40
RER1002209,IOC,10',2026,0.0,1879.91,0.0,0.0,-1879.91,fmifiit_fmioi,133335.0,0.0,0.0,133335.0,44,2,10'
633TFC7317,DAK,40,2026,0.0,745.18,4703.46,0.0,-5448.64,fmifiit_fmioi,0.0,0.0,0.0,0.0,0,no_ps_link,40
633TFC7317,DAK,20,2026,0.0,65.59,132.1,0.0,-197.69,fmifiit_fmioi,0.0,0.0,0.0,0.0,0,no_ps_link,20
3210432041,YAO,20,2026,0.0,1376.63,41665.38,0.0,-43042.01,fmifiit_fmioi,0.0,0.0,0.0,0.0,0,no_ps_link,20
A210521031,UCH,30,2026,0.0,6367.15,0.0,0.0,-6367.15,fmifiit_fmioi,0.0,0.0,0.0,0.0,0,no_ps_link,30
473LEB4001,BEI,REVENUE,2026,27706.72,0.0,0.0,0.0,27706.72,fmifiit_fmioi,312590.16,-77734.58,3712.0,386612.74,6,4,REVENUE
473LEB5000,BEI,REVENUE,2026,155000.0,0.0,0.0,0.0,155000.0,fmifiit_fmioi,322706.93,0.0,0.0,322706.93,3,4,REVENUE
473LEB1001,BEI,REVENUE,2026,409562.16,0.0,0.0,0.0,409562.16,fmifiit_fmioi,1237659.82,142258.06,1287.94,1094113.82,4,4,REVENUE
3210451011,BIO,50,2026,641.84,0.0,581.3,0.0,60.54,fmifiit_fmioi,0.0,0.0,0.0,0.0,0,no_ps_link,50
416GLO1043,SDG,TC,2026,1048.89,0.0,0.0,31392.46,-30343.57,fmavct_kbfc,133238.41,0.0,0.0,133238.41,1,2,50
A210313021,IOC,50,2026,1757.94,0.0,0.0,0.0,1757.94,fmifiit_fmioi,0.0,0.0,0.0,0.0,0,no_ps_link,50
A210631011,UAI,50,2026,1001.1,0.0,0.0,0.0,1001.1,fmifiit_fmioi,0.0,0.0,0.0,0.0,0,no_ps_link,50
202MOR3000,RAB,REVENUE,2026,137942.76,0.0,0.0,0.0,137942.76,fmifiit_fmioi,0.0,0.0,0.0,0.0,8,4,REVENUE
507GLO1043,UNE,40,2026,2000.0,0.0,65572.88,0.0,-63572.88,fmifiit_fmioi,989184.19,0.0,0.0,989184.19,1,2,40
549RER1001,EDU,40,2026,1170.96,0.0,5549.68,5145.36,-3974.4,fmavct_kbfc,5079722.16,311220.83,5500.0,4763001.33,18,2,40
A210593071,RAM,50,2026,42.72,0.0,0.0,0.0,42.72,fmifiit_fmioi,0.0,0.0,0.0,0.0,0,no_ps_link,50
A230583081,RAM,50,2026,53.67,0.0,0.0,0.0,53.67,fmifiit_fmioi,0.0,0.0,0.0,0.0,0,no_ps_link,50
529GLO2001,IOC,REVENUE,2026,0.0,18898.43,0.0,0.0,-18898.43,fmifiit_fmioi,767141.35,59232.5,0.0,707908.85,28,2,REVENUE
570CMB4002,PNP,REVENUE,2026,114000.0,0.0,0.0,0.0,114000.0,fmifiit_fmioi,418348.64,0.0,0.0,418348.64,22,4,REVENUE
3210531021,CHP,11,2026,0.0,9000.0,109022.16,0.0,-118022.16,fmifiit_fmioi,0.0,0.0,0.0,0.0,0,no_ps_link,11
570MOR1001,RAB,50,2026,0.0,134.2,2121.3,274358.52,-274358.52,fmavct_kbfc,4581252.86,2042209.4,280534.5,2258508.96,13,2,50
A230585081,POP,40,2026,0.0,1380.0,3680.0,0.0,-5060.0,fmifiit_fmioi,0.0,0.0,0.0,0.0,0,no_ps_link,40
3210211012,DRR,10',2026,0.0,2031.89,0.0,0.0,-2031.89,fmifiit_fmioi,0.0,0.0,0.0,0.0,0,no_ps_link,10'
3210655081,KNG,10',2026,0.0,14847.0,0.0,0.0,-14847.0,fmifiit_fmioi,0.0,0.0,0.0,0.0,0,no_ps_link,10'
526MOR5000,RAB,20,2026,0.0,5030.55,20298.8,2591.67,-2591.67,fmavct_kbfc,615754.25,145464.7,0.0,470289.55,8,2,20
A210525172,MTD,11,2026,0.0,2763.38,23522.26,0.0,-26285.64,fmifiit_fmioi,0.0,0.0,0.0,0.0,0,no_ps_link,11
729RLA2000,MTD,30,2026,0.0,7490.42,0.0,58571.78,-58571.78,fmavct_kbfc,4175856.99,1571801.58,0.0,2604055.41,25,2,30
729RLA2000,MTD,PC,2026,0.0,6200.0,654896.96,96086.55,-96086.55,fmavct_kbfc,4175856.99,1571801.58,0.0,2604055.41,25,2,11
729RLA2000,MTD,20,2026,0.0,13139.47,200525.22,9338.21,-9338.21,fmavct_kbfc,4175856.99,1571801.58,0.0,2604055.41,25,2,20
A210685051,MTD,20,2026,0.0,416.82,6959.99,0.0,-7376.81,fmifiit_fmioi,0.0,0.0,0.0,0.0,0,no_ps_link,20
633CRP4606,SUV,10',2026,0.0,6957.7,0.0,0.0,-6957.7,fmifiit_fmioi,0.0,0.0,0.0,0.0,0,no_ps_link,10'
A230411141,CPE,11,2026,0.0,8500.0,34000.0,0.0,-42500.0,fmifiit_fmioi,0.0,0.0,0.0,0.0,0,no_ps_link,11
3210161022,EDP,11,2026,0.0,4694.03,36937.8,0.0,-41631.83,fmifiit_fmioi,0.0,0.0,0.0,0.0,0,no_ps_link,11
A210232161,DAK,20,2026,0.0,1063.7,2142.22,0.0,-3205.92,fmifiit_fmioi,0.0,0.0,0.0,0.0,0,no_ps_link,20
A110111041,GBS,20,2026,0.0,26951.38,39392.66,0.0,-66344.04,fmifiit_fmioi,0.0,0.0,0.0,0.0,0,no_ps_link,20
570TUN4000,RAB,50,2026,0.0,219.49,0.0,44140.19,-44140.19,fmavct_kbfc,182330.26,374105.04,24500.0,-216274.78,1,1,50
3210224022,JAK,10',2026,0.0,94.0,0.0,0.0,-94.0,fmifiit_fmioi,0.0,0.0,0.0,0.0,0,no_ps_link,10'
3210122071,LBV,11,2026,0.0,2500.0,20000.0,0.0,-22500.0,fmifiit_fmioi,0.0,0.0,0.0,0.0,0,no_ps_link,11
503ZAM1002,HAR,REVENUE,2026,2168679.82,0.0,0.0,0.0,2168679.82,fmifiit_fmioi,13901995.49,23368116.99,561890.55,-10028012.05,29,3,REVENUE
A210161071,HED,11,2026,0.0,8372.1,39544.2,0.0,-47916.3,fmifiit_fmioi,0.0,0.0,0.0,0.0,0,no_ps_link,11
633CRP7317,DAK,40,2026,0.0,132.96,20739.64,0.0,-20872.6,fmifiit_fmioi,0.0,0.0,0.0,0.0,0,no_ps_link,40
A210312091,IOC,30,2026,0.0,1590.52,0.0,0.0,-1590.52,fmifiit_fmioi,0.0,0.0,0.0,0.0,0,no_ps_link,30
3210512151,ADI,10',2026,0.0,102.85,0.0,0.0,-102.85,fmifiit_fmioi,0.0,0.0,0.0,0.0,0,no_ps_link,10'
633CRP4208,BAG,20,2026,0.0,260.0,80930.12,0.0,-81190.12,fmifiit_fmioi,0.0,0.0,0.0,0.0,0,no_ps_link,20
32106A1011,MIL,20,2026,0.0,84.0,543632.38,0.0,-543716.38,fmifiit_fmioi,0.0,0.0,0.0,0.0,0,no_ps_link,20
A110113011,SCG,40,2026,0.0,1388.65,2777.3,0.0,-4165.95,fmifiit_fmioi,0.0,0.0,0.0,0.0,0,no_ps_link,40
727DRC1004,KNS,50,2026,0.0,1207.0,8585.0,0.0,-9792.0,fmifiit_fmioi,2009985.0,0.0,0.0,2009985.0,8,2,50
469GLO2002,BES,20,2026,0.0,36429.54,1001336.31,43609.08,-43609.08,fmavct_kbfc,2568467.98,481508.89,3020.0,2083939.09,1,2,20
637FOR7343,NDL,40,2026,0.0,41.08,10553.14,0.0,-10594.22,fmifiit_fmioi,0.0,0.0,0.0,0.0,0,no_ps_link,40
A230574031,TEH,20,2026,0.0,192.28,192.8,0.0,-385.08,fmifiit_fmioi,0.0,0.0,0.0,0.0,0,no_ps_link,20
519IRQ5001,BAG,20,2026,0.0,4762.13,484355.7,0.08,-0.08,fmavct_kbfc,1522003.0,6872573.15,0.0,-5350570.15,56,1,20
570RAS1006,BGK,REVENUE,2026,83720.93,0.0,0.0,0.0,83720.93,fmifiit_fmioi,474286.36,1071550.0,0.0,-597263.64,5,3,REVENUE
A210541011,CHP,11,2026,0.0,813.8,6510.4,0.0,-7324.2,fmifiit_fmioi,0.0,0.0,0.0,0.0,0,no_ps_link,11
310REM4070,CCH,PC,2026,0.0,1749.77,0.0,309915.87,-309915.87,fmavct_kbfc,118843.93,-136802.0,0.0,255645.93,2,2,10'
642ENV9000,ADM,40,2026,0.0,520.47,725413.82,0.0,-725934.29,fmifiit_fmioi,0.0,0.0,0.0,0.0,0,no_ps_link,40
475RLA1000,STG,20,2026,0.0,1054.72,21254.38,0.0,-22309.1,fmifiit_fmioi,177232.9,28742291.47,0.0,-28565058.57,2,1,20
537URT4000,WHC,20,2026,0.0,20484.0,327184.4,473.51,-473.51,fmavct_kbfc,350252.92,17293.45,20484.0,312475.47,4,2,20
633CRP7112,BGK,40,2026,0.0,527.87,1898.59,0.0,-2426.46,fmifiit_fmioi,0.0,0.0,0.0,0.0,0,no_ps_link,40
261CPR5001,BEJ,40,2026,0.0,702.18,0.0,928.28,-928.28,fmavct_kbfc,231775.72,37834.56,18000.0,175941.16,8,2,40
261CPR5001,BEJ,50,2026,0.0,120.67,0.0,22086.72,-22086.72,fmavct_kbfc,231775.72,37834.56,18000.0,175941.16,8,2,50
2210224112,ATA,20,2026,0.0,24.02,86.24,0.0,-110.26,fmifiit_fmioi,0.0,0.0,0.0,0.0,0,no_ps_link,20
3210224132,ATA,20,2026,0.0,88.31,316.86,0.0,-405.17,fmifiit_fmioi,0.0,0.0,0.0,0.0,0,no_ps_link,20
221GLO2003,SDS,REVENUE,2026,100000.0,0.0,0.0,0.0,100000.0,fmifiit_fmioi,0.0,0.0,0.0,0.0,3,4,REVENUE
A210222181,NAI,30,2026,0.0,1552.47,0.0,0.0,-1552.47,fmifiit_fmioi,0.0,0.0,0.0,0.0,0,no_ps_link,30
633CRP1622,HAN,20,2026,0.0,2826.3,2051.2,0.0,-4877.5,fmifiit_fmioi,0.0,0.0,0.0,0.0,0,no_ps_link,20
A210281011,PBS,20,2026,0.0,2531.91,21019.78,0.0,-23551.69,fmifiit_fmioi,0.0,0.0,0.0,0.0,0,no_ps_link,20
680HRM4103,HRM,50,2026,0.0,1300.95,0.0,0.0,-1300.95,fmifiit_fmioi,0.0,0.0,0.0,0.0,0,no_ps_link,50
3210224082,BEJ,11,2026,0.0,5500.0,31050.0,0.0,-36550.0,fmifiit_fmioi,0.0,0.0,0.0,0.0,0,no_ps_link,11
263RAS1001,API,PC,2026,0.0,2458.21,0.0,472.96,-472.96,fmavct_kbfc,758978.08,58588.69,0.0,700389.39,8,2,10'
3230835032,SUV,10',2026,0.0,156.91,0.0,0.0,-156.91,fmifiit_fmioi,0.0,0.0,0.0,0.0,0,no_ps_link,10'
259ZAM1001,HAR,REVENUE,2026,407396.15,0.0,0.0,0.0,407396.15,fmifiit_fmioi,2940965.72,1381636.9,0.0,1559328.82,59,4,REVENUE
A210643031,RAB,50,2026,0.0,87.28,0.0,0.0,-87.28,fmifiit_fmioi,0.0,0.0,0.0,0.0,0,no_ps_link,50
A230111021,COR,50,2026,0.0,71.19,0.0,0.0,-71.19,fmifiit_fmioi,0.0,0.0,0.0,0.0,0,no_ps_link,50
A230111202,DRX,11,2026,0.0,1926.89,38203.98,0.0,-40130.87,fmifiit_fmioi,0.0,0.0,0.0,0.0,0,no_ps_link,11
821GLO4003,DAK,REVENUE,2026,24206.0,0.0,0.0,0.0,24206.0,fmifiit_fmioi,275276.09,71898.76,0.0,203377.33,1,4,REVENUE
821GLO3003,ICD,REVENUE,2026,19198.0,0.0,0.0,0.0,19198.0,fmifiit_fmioi,283429.75,56010.27,0.0,227419.48,1,4,REVENUE
821CPR9000,BFM,REVENUE,2026,43404.0,0.0,0.0,0.0,43404.0,fmifiit_fmioi,0.0,-7696.91,0.0,7696.91,1,4,REVENUE
A210481071,BIO,30,2026,0.0,1474.61,0.0,0.0,-1474.61,fmifiit_fmioi,0.0,0.0,0.0,0.0,0,no_ps_link,30
A210615091,KNG,20,2026,0.0,727.58,3000.0,0.0,-3727.58,fmifiit_fmioi,0.0,0.0,0.0,0.0,0,no_ps_link,20
A210475022,MTD,10',2026,0.0,522.0,0.0,0.0,-522.0,fmifiit_fmioi,0.0,0.0,0.0,0.0,0,no_ps_link,10'
263RAS4000,API,20,2026,0.0,88.67,855020.14,8573.77,-8573.77,fmavct_kbfc,1246177.7,-318170.94,5565.0,1558783.64,8,2,20
A110111131,GBS,11,2026,0.0,1751.54,10859.82,0.0,-12611.36,fmifiit_fmioi,0.0,0.0,0.0,0.0,0,no_ps_link,11
3210211042,SCI,20,2026,0.0,3093.0,83119.26,0.0,-86212.26,fmifiit_fmioi,0.0,0.0,0.0,0.0,0,no_ps_link,20
A210224131,DHA,10',2026,0.0,183.98,0.0,0.0,-183.98,fmifiit_fmioi,0.0,0.0,0.0,0.0,0,no_ps_link,10'
549YEM4001,DOH,40,2026,0.0,420.0,205309.14,2916.67,-2916.67,fmavct_kbfc,50192380.98,3448865.67,702917.78,46040597.53,21,2,40
A210691021,IDT,11,2026,0.0,1104.0,5568.0,0.0,-6672.0,fmifiit_fmioi,0.0,0.0,0.0,0.0,0,no_ps_link,11
2230835013,ATA,11,2026,0.0,5000.0,10180.26,0.0,-15180.26,fmifiit_fmioi,0.0,0.0,0.0,0.0,0,no_ps_link,11
3210134072,BEJ,30,2026,0.0,2076.73,0.0,0.0,-2076.73,fmifiit_fmioi,0.0,0.0,0.0,0.0,0,no_ps_link,30
3230835061,DHA,10',2026,4.74,0.0,0.0,0.0,4.74,fmifiit_fmioi,0.0,0.0,0.0,0.0,0,no_ps_link,10'
633CRP6142,NAI,10',2026,21.54,0.0,0.0,0.0,21.54,fmifiit_fmioi,0.0,0.0,0.0,0.0,0,no_ps_link,10'
A210225221,KNG,10',2026,49.2,0.0,0.0,0.0,49.2,fmifiit_fmioi,0.0,0.0,0.0,0.0,0,no_ps_link,10'
633CRP1416,CAI,20,2026,0.0,24.67,2198.78,0.0,-2223.45,fmifiit_fmioi,0.0,0.0,0.0,0.0,0,no_ps_link,20
A210475022,MTD,30,2026,0.0,10530.0,0.0,0.0,-10530.0,fmifiit_fmioi,0.0,0.0,0.0,0.0,0,no_ps_link,30
406RAF0005,DAK,REVENUE,2026,53500.0,0.0,0.0,0.0,53500.0,fmifiit_fmioi,50000.0,0.0,0.0,50000.0,1,4,REVENUE
519INT9000,BSP,REVENUE,2026,431729.22,0.0,0.0,0.0,431729.22,fmifiit_fmioi,0.0,-371287.13,0.0,371287.13,1,4,REVENUE
549RER2022,VNI,REVENUE,2026,77337.7,0.0,0.0,0.0,77337.7,fmifiit_fmioi,480004.82,15874.0,0.0,464130.82,31,4,REVENUE
A210311031,IOC,10',2026,0.0,1508.37,0.0,0.0,-1508.37,fmifiit_fmioi,0.0,0.0,0.0,0.0,0,no_ps_link,10'
A210161071,HED,13,2026,0.0,444.22,0.0,0.0,-444.22,fmifiit_fmioi,0.0,0.0,0.0,0.0,0,no_ps_link,13
633CRP2240,MTD,20,2026,0.0,5.93,0.0,0.0,-5.93,fmifiit_fmioi,0.0,0.0,0.0,0.0,0,no_ps_link,20
3210444052,BEJ,11,2026,0.0,5600.0,11200.0,0.0,-16800.0,fmifiit_fmioi,0.0,0.0,0.0,0.0,0,no_ps_link,11
570MOR4000,RAB,REVENUE,2026,104091.86,0.0,0.0,0.0,104091.86,fmifiit_fmioi,0.0,0.0,0.0,0.0,54,4,REVENUE
570URT4000,DAR,REVENUE,2026,98252.33,0.0,0.0,0.0,98252.33,fmifiit_fmioi,0.0,0.0,0.0,0.0,45,4,REVENUE
555JPN9000,BFM,REVENUE,2026,111000.0,0.0,0.0,0.0,111000.0,fmifiit_fmioi,0.0,7485.8,0.0,-7485.8,1,3,REVENUE
555RAS2026,IOC,REVENUE,2026,111000.0,0.0,0.0,0.0,111000.0,fmifiit_fmioi,240873.0,7170.95,25204.05,208498.0,16,4,REVENUE
727JOR1000,AMN,REVENUE,2026,3000000.0,0.0,0.0,0.0,3000000.0,fmifiit_fmioi,1100000.0,-466635.79,0.0,1566635.79,10,4,REVENUE
A210631011,UAI,20,2026,0.0,1829.13,3658.26,0.0,-5487.39,fmifiit_fmioi,0.0,0.0,0.0,0.0,0,no_ps_link,20
680ADM4101,ADM,13,2026,6753.49,0.0,0.0,0.0,6753.49,fmifiit_fmioi,0.0,0.0,0.0,0.0,0,no_ps_link,13
A210531251,MUS,13,2026,2120.48,0.0,0.0,0.0,2120.48,fmifiit_fmioi,0.0,0.0,0.0,0.0,0,no_ps_link,13
A210231041,HYD,13,2026,3929.9,0.0,0.0,0.0,3929.9,fmifiit_fmioi,0.0,0.0,0.0,0.0,0,no_ps_link,13
3210521071,MHM,13,2026,2251.16,0.0,0.0,0.0,2251.16,fmifiit_fmioi,0.0,0.0,0.0,0.0,0,no_ps_link,13
A210221071,EES,13,2026,32985.0,0.0,0.0,0.0,32985.0,fmifiit_fmioi,0.0,0.0,0.0,0.0,0,no_ps_link,13
A210121032,TED,11,2026,0.0,3571.43,42000.68,0.0,-45572.11,fmifiit_fmioi,0.0,0.0,0.0,0.0,0,no_ps_link,11
537RAF4006,NAI,20,2026,0.0,185.0,411645.21,209253.9,-209253.9,fmavct_kbfc,412844.03,30613.98,0.0,382230.05,1,2,20
727DRC1004,KNS,20,2026,0.0,1312.0,41143.96,0.0,-42455.96,fmifiit_fmioi,2009985.0,0.0,0.0,2009985.0,8,2,20
549UGA4000,NAI,TC,2026,0.0,5000.0,16001.98,17767.74,-17767.74,fmavct_kbfc,765256.35,0.0,0.0,765256.35,12,2,20
A230111161,PAX,13,2026,2251.16,0.0,0.0,0.0,2251.16,fmifiit_fmioi,0.0,0.0,0.0,0.0,0,no_ps_link,13
3210641151,IEO,50,2026,0.0,387.11,0.0,0.0,-387.11,fmifiit_fmioi,0.0,0.0,0.0,0.0,0,no_ps_link,50
A210491011,BIO,50,2026,0.0,368.01,0.0,0.0,-368.01,fmifiit_fmioi,0.0,0.0,0.0,0.0,0,no_ps_link,50
534AFG4005,KAB,REVENUE,2026,0.0,16641.18,0.0,0.0,-16641.18,fmifiit_fmioi,459749.54,122931.96,0.0,336817.58,22,2,REVENUE
492ITA0001,VNI,REVENUE,2026,514000.0,0.0,0.0,0.0,514000.0,fmifiit_fmioi,0.0,0.0,0.0,0.0,7,4,REVENUE
235RSS3000,JUB,REVENUE,2026,0.0,12841.82,0.0,0.0,-12841.82,fmifiit_fmioi,3133712.46,406683.82,0.0,2727028.64,33,2,REVENUE
235CMR4000,YAO,REVENUE,2026,0.0,2035.71,0.0,0.0,-2035.71,fmifiit_fmioi,3734901.48,2169270.56,0.0,1565630.92,91,2,REVENUE
235DRC5000,KNS,REVENUE,2026,0.0,4138.37,0.0,0.0,-4138.37,fmifiit_fmioi,533756.34,67368.17,0.0,466388.17,17,2,REVENUE
503UKR4000,IEV,REVENUE,2026,420771.23,0.0,0.0,0.0,420771.23,fmifiit_fmioi,0.0,0.0,0.0,0.0,1,4,REVENUE
501UZB5002,TAS,REVENUE,2026,221674.26,0.0,0.0,0.0,221674.26,fmifiit_fmioi,2377578.92,1309495651.14,19230140.0,-1326348212.22,5,3,REVENUE
A210681012,MIL,20,2026,0.0,267.07,0.0,0.0,-267.07,fmifiit_fmioi,0.0,0.0,0.0,0.0,0,no_ps_link,20
A130111091,ADM,50,2026,0.0,9600.0,19200.0,0.0,-28800.0,fmifiit_fmioi,0.0,0.0,0.0,0.0,0,no_ps_link,50
3230311011,AFR,10',2026,0.0,24201.52,0.0,0.0,-24201.52,fmifiit_fmioi,0.0,0.0,0.0,0.0,0,no_ps_link,10'
A210475022,MTD,20,2026,0.0,8352.16,28491.84,0.0,-36844.0,fmifiit_fmioi,0.0,0.0,0.0,0.0,0,no_ps_link,20
A210475051,SJO,20,2026,0.0,540.0,2480.0,0.0,-3020.0,fmifiit_fmioi,0.0,0.0,0.0,0.0,0,no_ps_link,20
A210615091,KNG,50,2026,0.0,300.0,0.0,0.0,-300.0,fmifiit_fmioi,0.0,0.0,0.0,0.0,0,no_ps_link,50
633CRP7321,GUC,10',2026,0.0,438.61,0.0,0.0,-438.61,fmifiit_fmioi,0.0,0.0,0.0,0.0,0,no_ps_link,10'
2210216033,EES,10',2026,0.0,510.65,0.0,0.0,-510.65,fmifiit_fmioi,0.0,0.0,0.0,0.0,0,no_ps_link,10'
727DRC1004,KNS,40,2026,0.0,300.0,7168.86,0.0,-7468.86,fmifiit_fmioi,2009985.0,0.0,0.0,2009985.0,8,2,40
727JOR1001,AMN,REVENUE,2026,70000.0,0.0,0.0,0.0,70000.0,fmifiit_fmioi,0.0,-38500.0,0.0,38500.0,1,4,REVENUE
3210622141,JUB,20,2026,0.0,1261.0,99696.4,0.0,-100957.4,fmifiit_fmioi,0.0,0.0,0.0,0.0,0,no_ps_link,20
A210119011,IEP,50,2026,1034440.0,0.0,0.0,0.0,1034440.0,fmifiit_fmioi,0.0,0.0,0.0,0.0,0,no_ps_link,50
A210187011,IEP,50,2026,354421.0,0.0,0.0,0.0,354421.0,fmifiit_fmioi,0.0,0.0,0.0,0.0,0,no_ps_link,50
A2101AB011,IEP,50,2026,191139.0,0.0,0.0,0.0,191139.0,fmifiit_fmioi,0.0,0.0,0.0,0.0,0,no_ps_link,50
A210522401,YAO,10',2026,0.0,4159.02,0.0,0.0,-4159.02,fmifiit_fmioi,0.0,0.0,0.0,0.0,0,no_ps_link,10'
261CPR5001,TEH,PC,2026,0.0,141.75,0.0,0.0,-141.75,fmifiit_fmioi,231775.72,37834.56,18000.0,175941.16,8,2,10'
235SOM1000,NAI,40,2026,0.0,3163.3,6544.65,0.0,-9707.95,fmifiit_fmioi,1000451.5,0.0,0.0,1000451.5,35,2,40
570GLO1038,TED,REVENUE,2026,420000.0,0.0,0.0,0.0,420000.0,fmifiit_fmioi,0.0,0.0,0.0,0.0,8,4,REVENUE
570GLO0030,BSP,REVENUE,2026,38777.91,0.0,0.0,0.0,38777.91,fmifiit_fmioi,0.0,0.0,0.0,0.0,43,4,REVENUE
564ITE0068,ITE,11,2026,0.0,6000.0,16500.0,0.0,-22500.0,fmifiit_fmioi,0.0,0.0,0.0,0.0,0,no_ps_link,11
A210461071,SPR,30,2026,0.0,2833.21,0.0,0.0,-2833.21,fmifiit_fmioi,0.0,0.0,0.0,0.0,0,no_ps_link,30
2210221093,HYD,30,2026,0.0,2221.58,0.0,0.0,-2221.58,fmifiit_fmioi,0.0,0.0,0.0,0.0,0,no_ps_link,30
680ADM4101,ADM,11,2026,0.0,3790.14,0.0,0.0,-3790.14,fmifiit_fmioi,0.0,0.0,0.0,0.0,0,no_ps_link,11
A210231031,HYD,30,2026,0.0,1506.52,0.0,0.0,-1506.52,fmifiit_fmioi,0.0,0.0,0.0,0.0,0,no_ps_link,30
A210475051,SJO,30,2026,0.0,1619.55,0.0,0.0,-1619.55,fmifiit_fmioi,0.0,0.0,0.0,0.0,0,no_ps_link,30
3210544012,BEJ,20,2026,0.0,4800.0,26242.96,0.0,-31042.96,fmifiit_fmioi,0.0,0.0,0.0,0.0,0,no_ps_link,20
2210464012,BGK,20,2026,0.0,830.0,3320.0,0.0,-4150.0,fmifiit_fmioi,0.0,0.0,0.0,0.0,0,no_ps_link,20
3210464011,BGK,20,2026,0.0,184.0,29355.4,0.0,-29539.4,fmifiit_fmioi,0.0,0.0,0.0,0.0,0,no_ps_link,20
467GLO1016,EEO,REVENUE,2026,20000.0,0.0,0.0,0.0,20000.0,fmifiit_fmioi,51902437.3,33266538.4,8161392.34,10474506.56,263,4,REVENUE
633CRP2123,HAR,20,2026,0.0,80.4,5360.94,0.0,-5441.34,fmifiit_fmioi,0.0,0.0,0.0,0.0,0,no_ps_link,20
2210424023,BEJ,11,2026,0.0,4993.0,28972.0,0.0,-33965.0,fmifiit_fmioi,0.0,0.0,0.0,0.0,0,no_ps_link,11
3230833101,DAK,40,2026,0.0,12171.98,199485.04,0.0,-211657.02,fmifiit_fmioi,0.0,0.0,0.0,0.0,0,no_ps_link,40
549SAF1000,HAR,TC,2026,0.0,133.05,0.0,20699.09,-20699.09,fmavct_kbfc,1275649.98,-698522.74,0.0,1974172.72,7,2,10'
185GEF0004,ICB,20,2026,0.0,125.0,17435.0,0.0,-17560.0,fmifiit_fmioi,0.0,0.0,0.0,0.0,0,no_ps_link,20
A110111141,SCG,50,2026,0.0,50.0,0.0,0.0,-50.0,fmifiit_fmioi,0.0,0.0,0.0,0.0,0,no_ps_link,50
526PER4000,LIM,REVENUE,2026,1710872.0,0.0,0.0,0.0,1710872.0,fmifiit_fmioi,4083932.0,316655.7,2840.0,3764436.3,14,4,REVENUE
A210233131,CAI,10',2026,0.0,174.41,0.0,0.0,-174.41,fmifiit_fmioi,0.0,0.0,0.0,0.0,0,no_ps_link,10'
669ICT9003,BKI,40,2026,0.0,10597.27,135048.5,0.0,-145645.77,fmifiit_fmioi,0.0,0.0,0.0,0.0,0,no_ps_link,40
A210185031,SJO,30,2026,0.0,187.71,0.0,0.0,-187.71,fmifiit_fmioi,0.0,0.0,0.0,0.0,0,no_ps_link,30
2210411043,IRD,40,2026,0.0,230.41,0.0,0.0,-230.41,fmifiit_fmioi,0.0,0.0,0.0,0.0,0,no_ps_link,40
501PER4001,LIM,20,2026,0.0,103.9,17375.86,0.0,-17479.76,fmifiit_fmioi,50916.97,7527.3,0.0,43389.67,1,2,20
A210521061,WHC,30,2026,0.0,3787.79,0.0,0.0,-3787.79,fmifiit_fmioi,0.0,0.0,0.0,0.0,0,no_ps_link,30
198MTG4143,WHC,TC,2026,0.0,4123.94,0.0,6667.56,-6667.56,fmavct_kbfc,196000.0,0.0,0.0,196000.0,3,2,30
585RAS1025,BGK,REVENUE,2026,0.24,0.0,0.0,0.0,0.24,fmifiit_fmioi,358585.36,140529.43,0.0,218055.93,5,4,REVENUE
585RAS1028,BGK,REVENUE,2026,22968.12,0.0,0.0,0.0,22968.12,fmifiit_fmioi,479419.71,794824.1,0.0,-315404.39,8,3,REVENUE
585JPN9000,BFM,REVENUE,2026,22968.36,0.0,0.0,0.0,22968.36,fmifiit_fmioi,0.0,-267415.43,0.0,267415.43,1,4,REVENUE
A210521081,WHC,10',2026,0.0,136.0,0.0,0.0,-136.0,fmifiit_fmioi,0.0,0.0,0.0,0.0,0,no_ps_link,10'
A2101H2182,YAO,11,2026,0.0,8000.0,50309.74,0.0,-58309.74,fmifiit_fmioi,0.0,0.0,0.0,0.0,0,no_ps_link,11
185GEF0004,UIS,10',2026,0.0,370.66,0.0,0.0,-370.66,fmifiit_fmioi,0.0,0.0,0.0,0.0,0,no_ps_link,10'
A230545571,SJO,40,2026,0.0,2103.04,4206.08,0.0,-6309.12,fmifiit_fmioi,0.0,0.0,0.0,0.0,0,no_ps_link,40
A230575011,HAV,20,2026,0.0,3200.0,0.0,0.0,-3200.0,fmifiit_fmioi,0.0,0.0,0.0,0.0,0,no_ps_link,20
534AFG4006,KAB,40,2026,0.0,709.0,281291.46,53.78,-53.78,fmavct_kbfc,6993976.02,523261.76,10028.06,6460686.2,15,2,40
A230544061,DIL,40,2026,0.0,4.0,0.0,0.0,-4.0,fmifiit_fmioi,0.0,0.0,0.0,0.0,0,no_ps_link,40
633CRP1442,NAI,20,2026,0.0,103.7,422.64,0.0,-526.34,fmifiit_fmioi,0.0,0.0,0.0,0.0,0,no_ps_link,20
469GLO1001,BAS,20,2026,0.0,653.85,41665.2,33420.49,-33420.49,fmavct_kbfc,680710.41,-351374.17,0.0,1032084.58,2,2,20
633CRP8990,GEN,11,2026,0.0,1728.11,3512.88,0.0,-5240.99,fmifiit_fmioi,0.0,0.0,0.0,0.0,0,no_ps_link,11
680ADM4101,ADM,50,2026,988.48,0.0,0.0,0.0,988.48,fmifiit_fmioi,0.0,0.0,0.0,0.0,0,no_ps_link,50
3210521071,MHM,20,2026,494.24,0.0,1705775.66,0.0,-1705281.42,fmifiit_fmioi,0.0,0.0,0.0,0.0,0,no_ps_link,20
927CMR1001,YAO,REVENUE,2026,0.0,35384.68,0.0,0.0,-35384.68,fmifiit_fmioi,0.0,0.0,0.0,0.0,1,2,REVENUE
537PAK4000,WHC,PC,2026,0.0,1274.09,4258.18,17291.3,-17291.3,fmavct_kbfc,496033.61,0.0,0.0,496033.61,2,2,11
549GLO4003,DCE,REVENUE,2026,1161164.48,0.0,0.0,0.0,1161164.48,fmifiit_fmioi,15320339.61,5503709.41,241230.05,9575400.15,43,4,REVENUE
A130111101,ADM,10',2026,0.0,275.93,0.0,0.0,-275.93,fmifiit_fmioi,0.0,0.0,0.0,0.0,0,no_ps_link,10'
549RER2019,BRU,40,2026,0.0,369.82,0.0,1340.43,-1340.43,fmavct_kbfc,928577.24,40180.69,1269.56,887126.99,22,2,40
221PRC1001,BRV,30,2026,12544.56,0.0,0.0,32496.18,-19951.62,fmavct_kbfc,353483.3,969003.16,0.0,-615519.86,4,1,30
