{
  "fipex_set": [
    "10'",
    "11",
    "13",
    "20",
    "30",
    "40",
    "50",
    "REVENUE"
  ],
  "months": [
    "2024001",
    "2024002",
    "2024003",
    "2024004",
    "2024005",
    "2024006",
    "2024007",
    "2024008",
    "2024009",
    "2024010",
    "2024011",
    "2024012",
    "2025001",
    "2025002",
    "2025003",
    "2025004",
    "2025005",
    "2025006",
    "2025007",
    "2025008",
    "2025009",
    "2025010",
    "2025011",
    "2025012",
    "2026001",
    "2026004"
  ],
  "cumulative": {
    "10'": [
      0.0,
      0.0,
      0.0,
      0.0,
      -3.2,
      -40.78999999999992,
      -40.78999999999992,
      -89.32999999999993,
      -208.27999999999992,
      -258.74999999999994,
      -404.04999999999995,
      -404.04999999999995,
      -554.05,
      -554.05,
      -631.3199999999999,
      -631.3199999999999,
      -631.3199999999999,
      -631.3199999999999,
      -679.7099999999999,
      -679.7099999999999,
      -785.1499999999999,
      -785.1499999999999,
      -785.1499999999999,
      -808.7799999999999,
      -808.7799999999999,
      -899.6699999999998
    ],
    "11": [
      0.0,
      0.0,
      0.0,
      0.0,
      0.0,
      0.0,
      0.0,
      0.0,
      0.0,
      -170.12,
      -170.12,
      -170.12,
      -170.12,
      -170.12,
      -170.12,
      -255.87,
      -255.87,
      -255.87,
      -255.87,
      -255.87,
      -255.87,
      -255.87,
      -255.87,
      -601.37,
      -601.37,
      -601.37
    ],
    "13": [
      0.0,
      0.0,
      0.0,
      -1609.44,
      -1609.44,
      -1609.44,
      -1609.44,
      -1609.44,
      -1609.44,
      -1609.44,
      -5417.790000000001,
      -5417.790000000001,
      -5417.790000000001,
      -5417.790000000001,
      -5417.790000000001,
      -5417.790000000001,
      -5417.790000000001,
      -24842.54,
      -32758.43,
      -32758.43,
      -32758.43,
      -32758.43,
      -32758.43,
      -32758.43,
      -32758.43,
      -32758.43
    ],
    "20": [
      0.0,
      0.0,
      -499.46,
      -499.46,
      -499.46,
      -499.46,
      -499.46,
      -499.46,
      -499.46,
      -499.46,
      -954.39,
      -954.39,
      -954.39,
      -954.39,
      -954.39,
      -954.39,
      -10924.289999999999,
      -10924.289999999999,
      -12950.05,
      -12950.05,
      -12950.05,
      -12704.66,
      -12704.66,
      -12704.66,
      -12704.66,
      -12704.66
    ],
    "30": [
      0.0,
      0.0,
      0.0,
      0.0,
      0.0,
      0.0,
      0.0,
      0.0,
      0.0,
      -580.49,
      -740.97,
      -1125.8200000000002,
      -1125.8200000000002,
      -1125.8200000000002,
      -1125.8200000000002,
      -1150.16,
      -1150.16,
      -1150.16,
      -1150.16,
      -3045.7799999999997,
      -3045.7799999999997,
      -4148.3099999999995,
      -3877.2799999999997,
      -3877.2799999999997,
      -3877.2799999999997,
      -3877.2799999999997
    ],
    "40": [
      0.0,
      0.0,
      0.0,
      0.0,
      0.0,
      -759.48,
      -759.48,
      -759.48,
      -759.48,
      -759.48,
      -759.48,
      -759.48,
      -759.48,
      -1527.8000000000002,
      -1527.8000000000002,
      -1527.8000000000002,
      -1527.8000000000002,
      -2699.4800000000005,
      -2699.4800000000005,
      -2699.4800000000005,
      -2699.4800000000005,
      -2699.4800000000005,
      -2699.4800000000005,
      -2699.4800000000005,
      -2699.4800000000005,
      -2699.4800000000005
    ],
    "50": [
      0.0,
      0.0,
      0.0,
      0.0,
      0.0,
      0.0,
      -10919.2,
      -13449.560000000001,
      -13449.560000000001,
      -17475.850000000002,
      -21304.480000000003,
      -21421.570000000003,
      -21689.280000000002,
      -21947.110000000004,
      -22148.150000000005,
      -22295.780000000006,
      -22295.780000000006,
      -36794.40000000001,
      -58966.48000000001,
      -66694.69000000002,
      -67443.81000000001,
      -67443.81000000001,
      -68129.00000000001,
      -68129.00000000001,
      -68129.00000000001,
      -68129.00000000001
    ],
    "REVENUE": [
      12107835.8,
      12457835.8,
      12496971.8,
      12568823.930000002,
      12568823.930000002,
      12568823.930000002,
      12568823.930000002,
      13238823.930000002,
      13567411.010000002,
      15913295.46,
      15919803.05,
      15989777.600000001,
      15989777.600000001,
      15989777.600000001,
      15989777.600000001,
      15989777.600000001,
      16024764.170000002,
      16024764.170000002,
      16024764.170000002,
      16024764.170000002,
      16043300.350000001,
      18560126.37,
      18560126.37,
      18735649.1,
      6076023.720000001,
      6076023.720000001
    ]
  }
}